-- UPDATE misc_identifier_controls to managed unique cretion by main code
UPDATE misc_identifier_controls SET flag_once_per_participant = '1'
WHERE misc_identifier_name = 'prostate_bank_participant_id';

-- Add midding visit field to collection froms
INSERT INTO structure_formats(`structure_id`, `structure_field_id`, `display_column`, `display_order`, `language_heading`, `flag_override_label`, `language_label`, `flag_override_tag`, `language_tag`, `flag_override_help`, `language_help`, `flag_override_type`, `type`, `flag_override_setting`, `setting`, `flag_override_default`, `default`, `flag_add`, `flag_add_readonly`, `flag_edit`, `flag_edit_readonly`, `flag_search`, `flag_search_readonly`, `flag_datagrid`, `flag_datagrid_readonly`, `flag_index`, `flag_detail`) VALUES 
((SELECT id FROM structures WHERE alias='clinicalcollectionlinks'), 
(SELECT id FROM structure_fields WHERE `model`='Collection' AND `tablename`='collections' AND `field`='qc_cusm_visit_label'), 
'0', '2', '', '0', '', '0', '', '0', '', '0', '', '0', '', '0', '', 
'0', '0', '0', '0', '0', '0', '0', '0', '1', '1');

INSERT INTO structure_formats(`structure_id`, `structure_field_id`, `display_column`, `display_order`, `language_heading`, `flag_override_label`, `language_label`, `flag_override_tag`, `language_tag`, `flag_override_help`, `language_help`, `flag_override_type`, `type`, `flag_override_setting`, `setting`, `flag_override_default`, `default`, `flag_add`, `flag_add_readonly`, `flag_edit`, `flag_edit_readonly`, `flag_search`, `flag_search_readonly`, `flag_datagrid`, `flag_datagrid_readonly`, `flag_index`, `flag_detail`) VALUES 
((SELECT id FROM structures WHERE alias='collection_tree_view'), 
(SELECT id FROM structure_fields WHERE `model`='Collection' AND `tablename`='collections' AND `field`='qc_cusm_visit_label'), 
'1', '4', '', '0', '', '0', '', '0', '', '0', '', '0', '', '0', '', 
'0', '0', '0', '0', '0', '0', '0', '0', '1', '0');

INSERT INTO structure_formats(`structure_id`, `structure_field_id`, `display_column`, `display_order`, `language_heading`, `flag_override_label`, `language_label`, `flag_override_tag`, `language_tag`, `flag_override_help`, `language_help`, `flag_override_type`, `type`, `flag_override_setting`, `setting`, `flag_override_default`, `default`, `flag_add`, `flag_add_readonly`, `flag_edit`, `flag_edit_readonly`, `flag_search`, `flag_search_readonly`, `flag_datagrid`, `flag_datagrid_readonly`, `flag_index`, `flag_detail`) VALUES 
((SELECT id FROM structures WHERE alias='view_aliquot_joined_to_collection'), 
(SELECT id FROM structure_fields WHERE `model`='Collection' AND `tablename`='collections' AND `field`='qc_cusm_visit_label'), 
'0', '2', '', '0', '', '0', '', '0', '', '0', '', '0', '', '0', '', 
'0', '0', '0', '0', '1', '0', '0', '0', '1', '0');

INSERT INTO structure_formats(`structure_id`, `structure_field_id`, `display_column`, `display_order`, `language_heading`, `flag_override_label`, `language_label`, `flag_override_tag`, `language_tag`, `flag_override_help`, `language_help`, `flag_override_type`, `type`, `flag_override_setting`, `setting`, `flag_override_default`, `default`, `flag_add`, `flag_add_readonly`, `flag_edit`, `flag_edit_readonly`, `flag_search`, `flag_search_readonly`, `flag_datagrid`, `flag_datagrid_readonly`, `flag_index`, `flag_detail`) VALUES 
((SELECT id FROM structures WHERE alias='view_aliquot_joined_to_collection'), 
(SELECT id FROM structure_fields WHERE `model`='Collection' AND `tablename`='collections' AND `field`='qc_cusm_visit_label'), 
'0', '2', '', '0', '', '0', '', '0', '', '0', '', '0', '', '0', '', 
'0', '0', '0', '0', '1', '0', '0', '0', '1', '0');

INSERT INTO structure_formats(`structure_id`, `structure_field_id`, `display_column`, `display_order`, `language_heading`, `flag_override_label`, `language_label`, `flag_override_tag`, `language_tag`, `flag_override_help`, `language_help`, `flag_override_type`, `type`, `flag_override_setting`, `setting`, `flag_override_default`, `default`, `flag_add`, `flag_add_readonly`, `flag_edit`, `flag_edit_readonly`, `flag_search`, `flag_search_readonly`, `flag_datagrid`, `flag_datagrid_readonly`, `flag_index`, `flag_detail`) VALUES 
((SELECT id FROM structures WHERE alias='linked_collections'), 
(SELECT id FROM structure_fields WHERE `model`='Collection' AND `tablename`='collections' AND `field`='qc_cusm_visit_label'), 
'0', '2', '', '0', '', '0', '', '0', '', '0', '', '0', '', '0', '', 
'1', '0', '1', '0', '0', '0', '0', '0', '0', '0');

DELETE FROM `i18n` WHERE `id` = 'prostate_bank_participant_id';
INSERT INTO `i18n` (`id`, `page_id`, `en`, `fr`) VALUES
('prostate_bank_participant_id', 'global', 'Prostate Bank Identifier', 'Identifiant banque Prostate');

DELETE FROM `i18n` WHERE `id` = 'participant code';
INSERT INTO `i18n` (`id`, `page_id`, `en`, `fr`) VALUES
('participant code', 'global', 'Participant System Code', 'Code participant du système');

-- Add default storage

SET FOREIGN_KEY_CHECKS=0;

INSERT INTO `std_freezers` (`id`, `storage_master_id`, `created`, `created_by`, `modified`, `modified_by`, `deleted`, `deleted_date`) VALUES
(1, 1, '2010-05-31 10:59:22', 1, '2010-05-31 10:59:23', 1, 0, NULL),
(2, 32, '2010-05-31 11:11:22', 1, '2010-05-31 11:11:22', 1, 0, NULL);

INSERT INTO `std_freezers_revs` (`id`, `storage_master_id`, `created`, `created_by`, `modified`, `modified_by`, `version_id`, `version_created`, `deleted`, `deleted_date`) VALUES
(1, 1, '2010-05-31 10:59:22', 1, '2010-05-31 10:59:22', 1, 1, '2010-05-31 10:59:23', 0, NULL),
(1, 1, '2010-05-31 10:59:22', 1, '2010-05-31 10:59:23', 1, 2, '2010-05-31 10:59:23', 0, NULL),
(2, 32, '2010-05-31 11:11:22', 1, '2010-05-31 11:11:22', 1, 3, '2010-05-31 11:11:22', 0, NULL);

INSERT INTO `std_racks` (`id`, `storage_master_id`, `created`, `created_by`, `modified`, `modified_by`, `deleted`, `deleted_date`) VALUES
(1, 2, '2010-05-31 10:59:56', 1, '2010-05-31 11:02:11', 1, 0, NULL),
(2, 9, '2010-05-31 11:04:33', 1, '2010-05-31 11:04:34', 1, 0, NULL),
(3, 10, '2010-05-31 11:04:39', 1, '2010-05-31 11:04:39', 1, 0, NULL),
(4, 11, '2010-05-31 11:04:45', 1, '2010-05-31 11:04:46', 1, 0, NULL),
(5, 12, '2010-05-31 11:05:28', 1, '2010-05-31 11:05:29', 1, 0, NULL),
(6, 13, '2010-05-31 11:05:34', 1, '2010-05-31 11:05:35', 1, 0, NULL),
(7, 14, '2010-05-31 11:05:39', 1, '2010-05-31 11:05:40', 1, 0, NULL),
(8, 15, '2010-05-31 11:05:45', 1, '2010-05-31 11:05:46', 1, 0, NULL),
(9, 16, '2010-05-31 11:06:03', 1, '2010-05-31 11:06:04', 1, 0, NULL),
(10, 17, '2010-05-31 11:06:09', 1, '2010-05-31 11:06:10', 1, 0, NULL),
(11, 18, '2010-05-31 11:06:16', 1, '2010-05-31 11:06:17', 1, 0, NULL),
(12, 19, '2010-05-31 11:06:22', 1, '2010-05-31 11:06:24', 1, 0, NULL),
(13, 20, '2010-05-31 11:06:43', 1, '2010-05-31 11:06:44', 1, 0, NULL),
(14, 21, '2010-05-31 11:06:49', 1, '2010-05-31 11:06:50', 1, 0, NULL),
(15, 22, '2010-05-31 11:06:56', 1, '2010-05-31 11:06:57', 1, 0, NULL),
(16, 23, '2010-05-31 11:07:02', 1, '2010-05-31 11:07:03', 1, 0, NULL),
(17, 24, '2010-05-31 11:07:24', 1, '2010-05-31 11:07:25', 1, 0, NULL),
(18, 25, '2010-05-31 11:07:30', 1, '2010-05-31 11:07:31', 1, 0, NULL),
(19, 26, '2010-05-31 11:07:47', 1, '2010-05-31 11:07:47', 1, 0, NULL),
(20, 27, '2010-05-31 11:07:53', 1, '2010-05-31 11:07:54', 1, 0, NULL),
(21, 28, '2010-05-31 11:10:20', 1, '2010-05-31 11:10:21', 1, 0, NULL),
(22, 29, '2010-05-31 11:10:27', 1, '2010-05-31 11:10:28', 1, 0, NULL),
(23, 30, '2010-05-31 11:10:33', 1, '2010-05-31 11:10:34', 1, 0, NULL),
(24, 31, '2010-05-31 11:10:40', 1, '2010-05-31 11:10:41', 1, 0, NULL),
(25, 39, '2010-05-31 11:19:16', 1, '2010-05-31 11:19:17', 1, 0, NULL),
(26, 40, '2010-05-31 11:19:22', 1, '2010-05-31 11:19:23', 1, 0, NULL),
(27, 41, '2010-05-31 11:19:28', 1, '2010-05-31 11:19:30', 1, 0, NULL),
(28, 42, '2010-05-31 11:19:35', 1, '2010-05-31 11:19:36', 1, 0, NULL),
(29, 43, '2010-05-31 11:19:50', 1, '2010-05-31 11:19:51', 1, 0, NULL),
(30, 44, '2010-05-31 11:19:56', 1, '2010-05-31 11:19:57', 1, 0, NULL),
(31, 45, '2010-05-31 11:20:01', 1, '2010-05-31 11:20:02', 1, 0, NULL),
(32, 46, '2010-05-31 11:20:07', 1, '2010-05-31 11:20:08', 1, 0, NULL),
(33, 47, '2010-05-31 11:20:27', 1, '2010-05-31 11:20:28', 1, 0, NULL),
(34, 48, '2010-05-31 11:20:33', 1, '2010-05-31 11:20:34', 1, 0, NULL),
(35, 49, '2010-05-31 11:20:39', 1, '2010-05-31 11:20:40', 1, 0, NULL),
(36, 50, '2010-05-31 11:20:45', 1, '2010-05-31 11:20:46', 1, 0, NULL),
(37, 51, '2010-05-31 11:21:56', 1, '2010-05-31 11:21:57', 1, 0, NULL),
(38, 52, '2010-05-31 11:22:01', 1, '2010-05-31 11:22:02', 1, 0, NULL),
(39, 53, '2010-05-31 11:22:07', 1, '2010-05-31 11:22:08', 1, 0, NULL),
(40, 54, '2010-05-31 11:22:39', 1, '2010-05-31 11:22:40', 1, 0, NULL),
(41, 55, '2010-05-31 11:22:51', 1, '2010-05-31 11:22:52', 1, 0, NULL),
(42, 56, '2010-05-31 11:22:57', 1, '2010-05-31 11:22:58', 1, 0, NULL),
(43, 57, '2010-05-31 11:23:02', 1, '2010-05-31 11:23:03', 1, 0, NULL),
(44, 58, '2010-05-31 11:23:08', 1, '2010-05-31 11:23:09', 1, 0, NULL),
(45, 59, '2010-05-31 11:23:23', 1, '2010-05-31 11:23:24', 1, 0, NULL),
(46, 60, '2010-05-31 11:23:33', 1, '2010-05-31 11:23:34', 1, 0, NULL),
(47, 61, '2010-05-31 11:23:39', 1, '2010-05-31 11:23:40', 1, 0, NULL),
(48, 62, '2010-05-31 11:23:45', 1, '2010-05-31 11:23:45', 1, 0, NULL);

INSERT INTO `std_racks_revs` (`id`, `storage_master_id`, `created`, `created_by`, `modified`, `modified_by`, `version_id`, `version_created`, `deleted`, `deleted_date`) VALUES
(1, 2, '2010-05-31 10:59:56', 1, '2010-05-31 10:59:56', 1, 1, '2010-05-31 10:59:56', 0, NULL),
(1, 2, '2010-05-31 10:59:56', 1, '2010-05-31 10:59:57', 1, 2, '2010-05-31 10:59:57', 0, NULL),
(1, 2, '2010-05-31 10:59:56', 1, '2010-05-31 11:02:11', 1, 3, '2010-05-31 11:02:11', 0, NULL),
(2, 9, '2010-05-31 11:04:33', 1, '2010-05-31 11:04:33', 1, 4, '2010-05-31 11:04:33', 0, NULL),
(2, 9, '2010-05-31 11:04:33', 1, '2010-05-31 11:04:34', 1, 5, '2010-05-31 11:04:34', 0, NULL),
(3, 10, '2010-05-31 11:04:39', 1, '2010-05-31 11:04:39', 1, 6, '2010-05-31 11:04:39', 0, NULL),
(4, 11, '2010-05-31 11:04:45', 1, '2010-05-31 11:04:45', 1, 7, '2010-05-31 11:04:45', 0, NULL),
(4, 11, '2010-05-31 11:04:45', 1, '2010-05-31 11:04:46', 1, 8, '2010-05-31 11:04:46', 0, NULL),
(5, 12, '2010-05-31 11:05:28', 1, '2010-05-31 11:05:28', 1, 9, '2010-05-31 11:05:29', 0, NULL),
(5, 12, '2010-05-31 11:05:28', 1, '2010-05-31 11:05:29', 1, 10, '2010-05-31 11:05:29', 0, NULL),
(6, 13, '2010-05-31 11:05:34', 1, '2010-05-31 11:05:34', 1, 11, '2010-05-31 11:05:34', 0, NULL),
(6, 13, '2010-05-31 11:05:34', 1, '2010-05-31 11:05:35', 1, 12, '2010-05-31 11:05:35', 0, NULL),
(7, 14, '2010-05-31 11:05:39', 1, '2010-05-31 11:05:39', 1, 13, '2010-05-31 11:05:39', 0, NULL),
(7, 14, '2010-05-31 11:05:39', 1, '2010-05-31 11:05:40', 1, 14, '2010-05-31 11:05:40', 0, NULL),
(8, 15, '2010-05-31 11:05:45', 1, '2010-05-31 11:05:45', 1, 15, '2010-05-31 11:05:45', 0, NULL),
(8, 15, '2010-05-31 11:05:45', 1, '2010-05-31 11:05:46', 1, 16, '2010-05-31 11:05:46', 0, NULL),
(9, 16, '2010-05-31 11:06:03', 1, '2010-05-31 11:06:03', 1, 17, '2010-05-31 11:06:03', 0, NULL),
(9, 16, '2010-05-31 11:06:03', 1, '2010-05-31 11:06:04', 1, 18, '2010-05-31 11:06:04', 0, NULL),
(10, 17, '2010-05-31 11:06:09', 1, '2010-05-31 11:06:09', 1, 19, '2010-05-31 11:06:10', 0, NULL),
(10, 17, '2010-05-31 11:06:09', 1, '2010-05-31 11:06:10', 1, 20, '2010-05-31 11:06:11', 0, NULL),
(11, 18, '2010-05-31 11:06:16', 1, '2010-05-31 11:06:16', 1, 21, '2010-05-31 11:06:16', 0, NULL),
(11, 18, '2010-05-31 11:06:16', 1, '2010-05-31 11:06:17', 1, 22, '2010-05-31 11:06:17', 0, NULL),
(12, 19, '2010-05-31 11:06:22', 1, '2010-05-31 11:06:22', 1, 23, '2010-05-31 11:06:22', 0, NULL),
(12, 19, '2010-05-31 11:06:22', 1, '2010-05-31 11:06:24', 1, 24, '2010-05-31 11:06:24', 0, NULL),
(13, 20, '2010-05-31 11:06:43', 1, '2010-05-31 11:06:43', 1, 25, '2010-05-31 11:06:43', 0, NULL),
(13, 20, '2010-05-31 11:06:43', 1, '2010-05-31 11:06:44', 1, 26, '2010-05-31 11:06:44', 0, NULL),
(14, 21, '2010-05-31 11:06:49', 1, '2010-05-31 11:06:49', 1, 27, '2010-05-31 11:06:49', 0, NULL),
(14, 21, '2010-05-31 11:06:49', 1, '2010-05-31 11:06:50', 1, 28, '2010-05-31 11:06:50', 0, NULL),
(15, 22, '2010-05-31 11:06:56', 1, '2010-05-31 11:06:56', 1, 29, '2010-05-31 11:06:56', 0, NULL),
(15, 22, '2010-05-31 11:06:56', 1, '2010-05-31 11:06:57', 1, 30, '2010-05-31 11:06:57', 0, NULL),
(16, 23, '2010-05-31 11:07:02', 1, '2010-05-31 11:07:02', 1, 31, '2010-05-31 11:07:02', 0, NULL),
(16, 23, '2010-05-31 11:07:02', 1, '2010-05-31 11:07:03', 1, 32, '2010-05-31 11:07:03', 0, NULL),
(17, 24, '2010-05-31 11:07:24', 1, '2010-05-31 11:07:24', 1, 33, '2010-05-31 11:07:24', 0, NULL),
(17, 24, '2010-05-31 11:07:24', 1, '2010-05-31 11:07:25', 1, 34, '2010-05-31 11:07:25', 0, NULL),
(18, 25, '2010-05-31 11:07:30', 1, '2010-05-31 11:07:30', 1, 35, '2010-05-31 11:07:30', 0, NULL),
(18, 25, '2010-05-31 11:07:30', 1, '2010-05-31 11:07:31', 1, 36, '2010-05-31 11:07:31', 0, NULL),
(19, 26, '2010-05-31 11:07:47', 1, '2010-05-31 11:07:47', 1, 37, '2010-05-31 11:07:47', 0, NULL),
(20, 27, '2010-05-31 11:07:53', 1, '2010-05-31 11:07:53', 1, 38, '2010-05-31 11:07:53', 0, NULL),
(20, 27, '2010-05-31 11:07:53', 1, '2010-05-31 11:07:54', 1, 39, '2010-05-31 11:07:54', 0, NULL),
(21, 28, '2010-05-31 11:10:20', 1, '2010-05-31 11:10:20', 1, 40, '2010-05-31 11:10:21', 0, NULL),
(21, 28, '2010-05-31 11:10:20', 1, '2010-05-31 11:10:21', 1, 41, '2010-05-31 11:10:21', 0, NULL),
(22, 29, '2010-05-31 11:10:27', 1, '2010-05-31 11:10:27', 1, 42, '2010-05-31 11:10:27', 0, NULL),
(22, 29, '2010-05-31 11:10:27', 1, '2010-05-31 11:10:28', 1, 43, '2010-05-31 11:10:28', 0, NULL),
(23, 30, '2010-05-31 11:10:33', 1, '2010-05-31 11:10:33', 1, 44, '2010-05-31 11:10:34', 0, NULL),
(23, 30, '2010-05-31 11:10:33', 1, '2010-05-31 11:10:34', 1, 45, '2010-05-31 11:10:34', 0, NULL),
(24, 31, '2010-05-31 11:10:40', 1, '2010-05-31 11:10:40', 1, 46, '2010-05-31 11:10:40', 0, NULL),
(24, 31, '2010-05-31 11:10:40', 1, '2010-05-31 11:10:41', 1, 47, '2010-05-31 11:10:41', 0, NULL),
(25, 39, '2010-05-31 11:19:16', 1, '2010-05-31 11:19:16', 1, 48, '2010-05-31 11:19:17', 0, NULL),
(25, 39, '2010-05-31 11:19:16', 1, '2010-05-31 11:19:17', 1, 49, '2010-05-31 11:19:18', 0, NULL),
(26, 40, '2010-05-31 11:19:22', 1, '2010-05-31 11:19:22', 1, 50, '2010-05-31 11:19:22', 0, NULL),
(26, 40, '2010-05-31 11:19:22', 1, '2010-05-31 11:19:23', 1, 51, '2010-05-31 11:19:23', 0, NULL),
(27, 41, '2010-05-31 11:19:28', 1, '2010-05-31 11:19:28', 1, 52, '2010-05-31 11:19:29', 0, NULL),
(27, 41, '2010-05-31 11:19:28', 1, '2010-05-31 11:19:30', 1, 53, '2010-05-31 11:19:30', 0, NULL),
(28, 42, '2010-05-31 11:19:35', 1, '2010-05-31 11:19:35', 1, 54, '2010-05-31 11:19:35', 0, NULL),
(28, 42, '2010-05-31 11:19:35', 1, '2010-05-31 11:19:36', 1, 55, '2010-05-31 11:19:36', 0, NULL),
(29, 43, '2010-05-31 11:19:50', 1, '2010-05-31 11:19:50', 1, 56, '2010-05-31 11:19:50', 0, NULL),
(29, 43, '2010-05-31 11:19:50', 1, '2010-05-31 11:19:51', 1, 57, '2010-05-31 11:19:51', 0, NULL),
(30, 44, '2010-05-31 11:19:56', 1, '2010-05-31 11:19:56', 1, 58, '2010-05-31 11:19:56', 0, NULL),
(30, 44, '2010-05-31 11:19:56', 1, '2010-05-31 11:19:57', 1, 59, '2010-05-31 11:19:57', 0, NULL),
(31, 45, '2010-05-31 11:20:01', 1, '2010-05-31 11:20:01', 1, 60, '2010-05-31 11:20:02', 0, NULL),
(31, 45, '2010-05-31 11:20:01', 1, '2010-05-31 11:20:02', 1, 61, '2010-05-31 11:20:03', 0, NULL),
(32, 46, '2010-05-31 11:20:07', 1, '2010-05-31 11:20:07', 1, 62, '2010-05-31 11:20:07', 0, NULL),
(32, 46, '2010-05-31 11:20:07', 1, '2010-05-31 11:20:08', 1, 63, '2010-05-31 11:20:08', 0, NULL),
(33, 47, '2010-05-31 11:20:27', 1, '2010-05-31 11:20:27', 1, 64, '2010-05-31 11:20:27', 0, NULL),
(33, 47, '2010-05-31 11:20:27', 1, '2010-05-31 11:20:28', 1, 65, '2010-05-31 11:20:28', 0, NULL),
(34, 48, '2010-05-31 11:20:33', 1, '2010-05-31 11:20:33', 1, 66, '2010-05-31 11:20:33', 0, NULL),
(34, 48, '2010-05-31 11:20:33', 1, '2010-05-31 11:20:34', 1, 67, '2010-05-31 11:20:34', 0, NULL),
(35, 49, '2010-05-31 11:20:39', 1, '2010-05-31 11:20:39', 1, 68, '2010-05-31 11:20:39', 0, NULL),
(35, 49, '2010-05-31 11:20:39', 1, '2010-05-31 11:20:40', 1, 69, '2010-05-31 11:20:40', 0, NULL),
(36, 50, '2010-05-31 11:20:45', 1, '2010-05-31 11:20:45', 1, 70, '2010-05-31 11:20:45', 0, NULL),
(36, 50, '2010-05-31 11:20:45', 1, '2010-05-31 11:20:46', 1, 71, '2010-05-31 11:20:46', 0, NULL),
(37, 51, '2010-05-31 11:21:56', 1, '2010-05-31 11:21:56', 1, 72, '2010-05-31 11:21:56', 0, NULL),
(37, 51, '2010-05-31 11:21:56', 1, '2010-05-31 11:21:57', 1, 73, '2010-05-31 11:21:57', 0, NULL),
(38, 52, '2010-05-31 11:22:01', 1, '2010-05-31 11:22:01', 1, 74, '2010-05-31 11:22:01', 0, NULL),
(38, 52, '2010-05-31 11:22:01', 1, '2010-05-31 11:22:02', 1, 75, '2010-05-31 11:22:02', 0, NULL),
(39, 53, '2010-05-31 11:22:07', 1, '2010-05-31 11:22:07', 1, 76, '2010-05-31 11:22:07', 0, NULL),
(39, 53, '2010-05-31 11:22:07', 1, '2010-05-31 11:22:08', 1, 77, '2010-05-31 11:22:08', 0, NULL),
(40, 54, '2010-05-31 11:22:39', 1, '2010-05-31 11:22:39', 1, 78, '2010-05-31 11:22:39', 0, NULL),
(40, 54, '2010-05-31 11:22:39', 1, '2010-05-31 11:22:40', 1, 79, '2010-05-31 11:22:40', 0, NULL),
(41, 55, '2010-05-31 11:22:51', 1, '2010-05-31 11:22:51', 1, 80, '2010-05-31 11:22:51', 0, NULL),
(41, 55, '2010-05-31 11:22:51', 1, '2010-05-31 11:22:52', 1, 81, '2010-05-31 11:22:52', 0, NULL),
(42, 56, '2010-05-31 11:22:57', 1, '2010-05-31 11:22:57', 1, 82, '2010-05-31 11:22:57', 0, NULL),
(42, 56, '2010-05-31 11:22:57', 1, '2010-05-31 11:22:58', 1, 83, '2010-05-31 11:22:58', 0, NULL),
(43, 57, '2010-05-31 11:23:02', 1, '2010-05-31 11:23:02', 1, 84, '2010-05-31 11:23:02', 0, NULL),
(43, 57, '2010-05-31 11:23:02', 1, '2010-05-31 11:23:03', 1, 85, '2010-05-31 11:23:03', 0, NULL),
(44, 58, '2010-05-31 11:23:08', 1, '2010-05-31 11:23:08', 1, 86, '2010-05-31 11:23:08', 0, NULL),
(44, 58, '2010-05-31 11:23:08', 1, '2010-05-31 11:23:09', 1, 87, '2010-05-31 11:23:09', 0, NULL),
(45, 59, '2010-05-31 11:23:23', 1, '2010-05-31 11:23:23', 1, 88, '2010-05-31 11:23:23', 0, NULL),
(45, 59, '2010-05-31 11:23:23', 1, '2010-05-31 11:23:24', 1, 89, '2010-05-31 11:23:24', 0, NULL),
(46, 60, '2010-05-31 11:23:33', 1, '2010-05-31 11:23:33', 1, 90, '2010-05-31 11:23:33', 0, NULL),
(46, 60, '2010-05-31 11:23:33', 1, '2010-05-31 11:23:34', 1, 91, '2010-05-31 11:23:34', 0, NULL),
(47, 61, '2010-05-31 11:23:39', 1, '2010-05-31 11:23:39', 1, 92, '2010-05-31 11:23:39', 0, NULL),
(47, 61, '2010-05-31 11:23:39', 1, '2010-05-31 11:23:40', 1, 93, '2010-05-31 11:23:40', 0, NULL),
(48, 62, '2010-05-31 11:23:45', 1, '2010-05-31 11:23:45', 1, 94, '2010-05-31 11:23:45', 0, NULL);

INSERT INTO `std_shelfs` (`id`, `storage_master_id`, `created`, `created_by`, `modified`, `modified_by`, `deleted`, `deleted_date`) VALUES
(1, 3, '2010-05-31 11:00:32', 1, '2010-05-31 11:00:33', 1, 0, NULL),
(2, 4, '2010-05-31 11:00:43', 1, '2010-05-31 11:00:44', 1, 0, NULL),
(3, 5, '2010-05-31 11:00:52', 1, '2010-05-31 11:00:53', 1, 0, NULL),
(4, 6, '2010-05-31 11:01:01', 1, '2010-05-31 11:01:01', 1, 0, NULL),
(5, 7, '2010-05-31 11:03:46', 1, '2010-05-31 11:03:47', 1, 0, NULL),
(6, 8, '2010-05-31 11:03:52', 1, '2010-05-31 11:03:53', 1, 0, NULL),
(7, 33, '2010-05-31 11:17:45', 1, '2010-05-31 11:17:46', 1, 0, NULL),
(8, 34, '2010-05-31 11:17:50', 1, '2010-05-31 11:17:51', 1, 0, NULL),
(9, 35, '2010-05-31 11:17:58', 1, '2010-05-31 11:17:59', 1, 0, NULL),
(10, 36, '2010-05-31 11:18:05', 1, '2010-05-31 11:18:06', 1, 0, NULL),
(11, 37, '2010-05-31 11:18:39', 1, '2010-05-31 11:18:41', 1, 0, NULL),
(12, 38, '2010-05-31 11:18:47', 1, '2010-05-31 11:18:49', 1, 0, NULL);

INSERT INTO `std_shelfs_revs` (`id`, `storage_master_id`, `created`, `created_by`, `modified`, `modified_by`, `version_id`, `version_created`, `deleted`, `deleted_date`) VALUES
(1, 3, '2010-05-31 11:00:32', 1, '2010-05-31 11:00:32', 1, 1, '2010-05-31 11:00:32', 0, NULL),
(1, 3, '2010-05-31 11:00:32', 1, '2010-05-31 11:00:33', 1, 2, '2010-05-31 11:00:33', 0, NULL),
(2, 4, '2010-05-31 11:00:43', 1, '2010-05-31 11:00:43', 1, 3, '2010-05-31 11:00:43', 0, NULL),
(2, 4, '2010-05-31 11:00:43', 1, '2010-05-31 11:00:44', 1, 4, '2010-05-31 11:00:44', 0, NULL),
(3, 5, '2010-05-31 11:00:52', 1, '2010-05-31 11:00:52', 1, 5, '2010-05-31 11:00:52', 0, NULL),
(3, 5, '2010-05-31 11:00:52', 1, '2010-05-31 11:00:53', 1, 6, '2010-05-31 11:00:53', 0, NULL),
(4, 6, '2010-05-31 11:01:01', 1, '2010-05-31 11:01:01', 1, 7, '2010-05-31 11:01:01', 0, NULL),
(5, 7, '2010-05-31 11:03:46', 1, '2010-05-31 11:03:46', 1, 8, '2010-05-31 11:03:46', 0, NULL),
(5, 7, '2010-05-31 11:03:46', 1, '2010-05-31 11:03:47', 1, 9, '2010-05-31 11:03:47', 0, NULL),
(6, 8, '2010-05-31 11:03:52', 1, '2010-05-31 11:03:52', 1, 10, '2010-05-31 11:03:53', 0, NULL),
(6, 8, '2010-05-31 11:03:52', 1, '2010-05-31 11:03:53', 1, 11, '2010-05-31 11:03:53', 0, NULL),
(7, 33, '2010-05-31 11:17:45', 1, '2010-05-31 11:17:45', 1, 12, '2010-05-31 11:17:45', 0, NULL),
(7, 33, '2010-05-31 11:17:45', 1, '2010-05-31 11:17:46', 1, 13, '2010-05-31 11:17:46', 0, NULL),
(8, 34, '2010-05-31 11:17:50', 1, '2010-05-31 11:17:50', 1, 14, '2010-05-31 11:17:50', 0, NULL),
(8, 34, '2010-05-31 11:17:50', 1, '2010-05-31 11:17:51', 1, 15, '2010-05-31 11:17:51', 0, NULL),
(9, 35, '2010-05-31 11:17:58', 1, '2010-05-31 11:17:58', 1, 16, '2010-05-31 11:17:58', 0, NULL),
(9, 35, '2010-05-31 11:17:58', 1, '2010-05-31 11:17:59', 1, 17, '2010-05-31 11:17:59', 0, NULL),
(10, 36, '2010-05-31 11:18:05', 1, '2010-05-31 11:18:05', 1, 18, '2010-05-31 11:18:05', 0, NULL),
(10, 36, '2010-05-31 11:18:05', 1, '2010-05-31 11:18:06', 1, 19, '2010-05-31 11:18:06', 0, NULL),
(11, 37, '2010-05-31 11:18:39', 1, '2010-05-31 11:18:39', 1, 20, '2010-05-31 11:18:40', 0, NULL),
(11, 37, '2010-05-31 11:18:39', 1, '2010-05-31 11:18:41', 1, 21, '2010-05-31 11:18:41', 0, NULL),
(12, 38, '2010-05-31 11:18:47', 1, '2010-05-31 11:18:47', 1, 22, '2010-05-31 11:18:48', 0, NULL),
(12, 38, '2010-05-31 11:18:47', 1, '2010-05-31 11:18:49', 1, 23, '2010-05-31 11:18:49', 0, NULL);

INSERT INTO `storage_masters` (`id`, `code`, `storage_type`, `storage_control_id`, `parent_id`, `lft`, `rght`, `barcode`, `short_label`, `label_precision`, `selection_label`, `storage_status`, `parent_storage_coord_x`, `coord_x_order`, `parent_storage_coord_y`, `coord_y_order`, `set_temperature`, `temperature`, `temp_unit`, `notes`, `created`, `created_by`, `modified`, `modified_by`, `deleted`, `deleted_date`) VALUES
(1, 'FRE - 1', 'freezer', 6, NULL, 1, 62, NULL, 'fr1', '', 'fr1', '', NULL, NULL, NULL, NULL, 'TRUE', '-80.00', 'celsius', '', '2010-05-31 10:59:22', 1, '2010-05-31 10:59:23', 1, 0, NULL),
(2, 'R - 2', 'rack 4x4', 21, 3, 3, 4, NULL, '1', '', '1', '', NULL, NULL, NULL, NULL, 'FALSE', '-80.00', 'celsius', '', '2010-05-31 10:59:55', 1, '2010-05-31 11:02:11', 1, 0, NULL),
(3, 'SH - 3', 'shelf', 14, 1, 2, 11, NULL, '1', '', '1', '', NULL, NULL, NULL, NULL, 'FALSE', '-80.00', 'celsius', '', '2010-05-31 11:00:32', 1, '2010-05-31 11:00:33', 1, 0, NULL),
(4, 'SH - 4', 'shelf', 14, 1, 12, 21, NULL, '2', '', '2', '', NULL, NULL, NULL, NULL, 'FALSE', '-80.00', 'celsius', '', '2010-05-31 11:00:42', 1, '2010-05-31 11:00:43', 1, 0, NULL),
(5, 'SH - 5', 'shelf', 14, 1, 22, 31, NULL, '3', '', '3', '', NULL, NULL, NULL, NULL, 'FALSE', '-80.00', 'celsius', '', '2010-05-31 11:00:52', 1, '2010-05-31 11:00:52', 1, 0, NULL),
(6, 'SH - 6', 'shelf', 14, 1, 32, 41, NULL, '4', '', '4', '', NULL, NULL, NULL, NULL, 'FALSE', '-80.00', 'celsius', '', '2010-05-31 11:01:00', 1, '2010-05-31 11:01:01', 1, 0, NULL),
(7, 'SH - 7', 'shelf', 14, 1, 42, 51, NULL, '5', '', '5', '', NULL, NULL, NULL, NULL, 'FALSE', '-80.00', 'celsius', '', '2010-05-31 11:03:46', 1, '2010-05-31 11:03:47', 1, 0, NULL),
(8, 'SH - 8', 'shelf', 14, 1, 52, 61, NULL, '6', '', '6', '', NULL, NULL, NULL, NULL, 'FALSE', '-80.00', 'celsius', '', '2010-05-31 11:03:52', 1, '2010-05-31 11:03:53', 1, 0, NULL),
(9, 'R - 9', 'rack 4x4', 21, 3, 5, 6, NULL, '2', '', '2', '', NULL, NULL, NULL, NULL, 'FALSE', '-80.00', 'celsius', '', '2010-05-31 11:04:32', 1, '2010-05-31 11:04:33', 1, 0, NULL),
(10, 'R - 10', 'rack 4x4', 21, 3, 7, 8, NULL, '3', '', '3', '', NULL, NULL, NULL, NULL, 'FALSE', '-80.00', 'celsius', '', '2010-05-31 11:04:38', 1, '2010-05-31 11:04:39', 1, 0, NULL),
(11, 'R - 11', 'rack 4x4', 21, 3, 9, 10, NULL, '4', '', '4', '', NULL, NULL, NULL, NULL, 'FALSE', '-80.00', 'celsius', '', '2010-05-31 11:04:45', 1, '2010-05-31 11:04:46', 1, 0, NULL),
(12, 'R - 12', 'rack 4x4', 21, 4, 13, 14, NULL, '1', '', '1', '', NULL, NULL, NULL, NULL, 'FALSE', '-80.00', 'celsius', '', '2010-05-31 11:05:28', 1, '2010-05-31 11:05:29', 1, 0, NULL),
(13, 'R - 13', 'rack 4x4', 21, 4, 15, 16, NULL, '2', '', '2', '', NULL, NULL, NULL, NULL, 'FALSE', '-80.00', 'celsius', '', '2010-05-31 11:05:34', 1, '2010-05-31 11:05:34', 1, 0, NULL),
(14, 'R - 14', 'rack 4x4', 21, 4, 17, 18, NULL, '3', '', '3', '', NULL, NULL, NULL, NULL, 'FALSE', '-80.00', 'celsius', '', '2010-05-31 11:05:39', 1, '2010-05-31 11:05:40', 1, 0, NULL),
(15, 'R - 15', 'rack 4x4', 21, 4, 19, 20, NULL, '4', '', '4', '', NULL, NULL, NULL, NULL, 'FALSE', '-80.00', 'celsius', '', '2010-05-31 11:05:45', 1, '2010-05-31 11:05:46', 1, 0, NULL),
(16, 'R - 16', 'rack 4x4', 21, 5, 23, 24, NULL, '1', '', '1', '', NULL, NULL, NULL, NULL, 'FALSE', '-80.00', 'celsius', '', '2010-05-31 11:06:03', 1, '2010-05-31 11:06:04', 1, 0, NULL),
(17, 'R - 17', 'rack 4x4', 21, 5, 25, 26, NULL, '2', '', '2', '', NULL, NULL, NULL, NULL, 'FALSE', '-80.00', 'celsius', '', '2010-05-31 11:06:09', 1, '2010-05-31 11:06:10', 1, 0, NULL),
(18, 'R - 18', 'rack 4x4', 21, 5, 27, 28, NULL, '3', '', '3', '', NULL, NULL, NULL, NULL, 'FALSE', '-80.00', 'celsius', '', '2010-05-31 11:06:16', 1, '2010-05-31 11:06:17', 1, 0, NULL),
(19, 'R - 19', 'rack 4x4', 21, 5, 29, 30, NULL, '4', '', '4', '', NULL, NULL, NULL, NULL, 'FALSE', '-80.00', 'celsius', '', '2010-05-31 11:06:21', 1, '2010-05-31 11:06:23', 1, 0, NULL),
(20, 'R - 20', 'rack 4x4', 21, 6, 33, 34, NULL, '1', '', '1', '', NULL, NULL, NULL, NULL, 'FALSE', '-80.00', 'celsius', '', '2010-05-31 11:06:43', 1, '2010-05-31 11:06:44', 1, 0, NULL),
(21, 'R - 21', 'rack 4x4', 21, 6, 35, 36, NULL, '2', '', '2', '', NULL, NULL, NULL, NULL, 'FALSE', '-80.00', 'celsius', '', '2010-05-31 11:06:49', 1, '2010-05-31 11:06:50', 1, 0, NULL),
(22, 'R - 22', 'rack 4x4', 21, 6, 37, 38, NULL, '3', '', '3', '', NULL, NULL, NULL, NULL, 'FALSE', '-80.00', 'celsius', '', '2010-05-31 11:06:55', 1, '2010-05-31 11:06:57', 1, 0, NULL),
(23, 'R - 23', 'rack 4x4', 21, 6, 39, 40, NULL, '4', '', '4', '', NULL, NULL, NULL, NULL, 'FALSE', '-80.00', 'celsius', '', '2010-05-31 11:07:02', 1, '2010-05-31 11:07:03', 1, 0, NULL),
(24, 'R - 24', 'rack 4x4', 21, 7, 43, 44, NULL, '1', '', '1', '', NULL, NULL, NULL, NULL, 'FALSE', '-80.00', 'celsius', '', '2010-05-31 11:07:23', 1, '2010-05-31 11:07:25', 1, 0, NULL),
(25, 'R - 25', 'rack 4x4', 21, 7, 45, 46, NULL, '2', '', '2', '', NULL, NULL, NULL, NULL, 'FALSE', '-80.00', 'celsius', '', '2010-05-31 11:07:30', 1, '2010-05-31 11:07:31', 1, 0, NULL),
(26, 'R - 26', 'rack 4x4', 21, 7, 47, 48, NULL, '3', '', '3', '', NULL, NULL, NULL, NULL, 'FALSE', '-80.00', 'celsius', '', '2010-05-31 11:07:46', 1, '2010-05-31 11:07:47', 1, 0, NULL),
(27, 'R - 27', 'rack 4x4', 21, 7, 49, 50, NULL, '4', '', '4', '', NULL, NULL, NULL, NULL, 'FALSE', '-80.00', 'celsius', '', '2010-05-31 11:07:53', 1, '2010-05-31 11:07:54', 1, 0, NULL),
(28, 'R - 28', 'rack 4x4', 21, 8, 53, 54, NULL, '1', '', '1', '', NULL, NULL, NULL, NULL, 'FALSE', '-80.00', 'celsius', '', '2010-05-31 11:10:20', 1, '2010-05-31 11:10:21', 1, 0, NULL),
(29, 'R - 29', 'rack 4x4', 21, 8, 55, 56, NULL, '2', '', '2', '', NULL, NULL, NULL, NULL, 'FALSE', '-80.00', 'celsius', '', '2010-05-31 11:10:27', 1, '2010-05-31 11:10:28', 1, 0, NULL),
(30, 'R - 30', 'rack 4x4', 21, 8, 57, 58, NULL, '3', '', '3', '', NULL, NULL, NULL, NULL, 'FALSE', '-80.00', 'celsius', '', '2010-05-31 11:10:33', 1, '2010-05-31 11:10:34', 1, 0, NULL),
(31, 'R - 31', 'rack 4x4', 21, 8, 59, 60, NULL, '4', '', '4', '', NULL, NULL, NULL, NULL, 'FALSE', '-80.00', 'celsius', '', '2010-05-31 11:10:40', 1, '2010-05-31 11:10:41', 1, 0, NULL),
(32, 'FRE - 32', 'freezer', 6, NULL, 63, 124, NULL, 'fr2', '', 'fr2', '', NULL, NULL, NULL, NULL, 'TRUE', '-80.00', 'celsius', '', '2010-05-31 11:11:21', 1, '2010-05-31 11:11:22', 1, 0, NULL),
(33, 'SH - 33', 'shelf', 14, 32, 64, 73, NULL, '1', '', '1', '', NULL, NULL, NULL, NULL, 'FALSE', '-80.00', 'celsius', '', '2010-05-31 11:17:44', 1, '2010-05-31 11:17:45', 1, 0, NULL),
(34, 'SH - 34', 'shelf', 14, 32, 74, 83, NULL, '2', '', '2', '', NULL, NULL, NULL, NULL, 'FALSE', '-80.00', 'celsius', '', '2010-05-31 11:17:50', 1, '2010-05-31 11:17:51', 1, 0, NULL),
(35, 'SH - 35', 'shelf', 14, 32, 84, 93, NULL, '3', '', '3', '', NULL, NULL, NULL, NULL, 'FALSE', '-80.00', 'celsius', '', '2010-05-31 11:17:57', 1, '2010-05-31 11:17:58', 1, 0, NULL),
(36, 'SH - 36', 'shelf', 14, 32, 94, 103, NULL, '4', '', '4', '', NULL, NULL, NULL, NULL, 'FALSE', '-80.00', 'celsius', '', '2010-05-31 11:18:04', 1, '2010-05-31 11:18:05', 1, 0, NULL),
(37, 'SH - 37', 'shelf', 14, 32, 104, 113, NULL, '5', '', '5', '', NULL, NULL, NULL, NULL, 'FALSE', '-80.00', 'celsius', '', '2010-05-31 11:18:39', 1, '2010-05-31 11:18:40', 1, 0, NULL),
(38, 'SH - 38', 'shelf', 14, 32, 114, 123, NULL, '6', '', '6', '', NULL, NULL, NULL, NULL, 'FALSE', '-80.00', 'celsius', '', '2010-05-31 11:18:47', 1, '2010-05-31 11:18:48', 1, 0, NULL),
(39, 'R - 39', 'rack 4x4', 21, 33, 65, 66, NULL, '1', '', '1', '', NULL, NULL, NULL, NULL, 'FALSE', '-80.00', 'celsius', '', '2010-05-31 11:19:16', 1, '2010-05-31 11:19:17', 1, 0, NULL),
(40, 'R - 40', 'rack 4x4', 21, 33, 67, 68, NULL, '2', '', '2', '', NULL, NULL, NULL, NULL, 'FALSE', '-80.00', 'celsius', '', '2010-05-31 11:19:22', 1, '2010-05-31 11:19:23', 1, 0, NULL),
(41, 'R - 41', 'rack 4x4', 21, 33, 69, 70, NULL, '3', '', '3', '', NULL, NULL, NULL, NULL, 'FALSE', '-80.00', 'celsius', '', '2010-05-31 11:19:28', 1, '2010-05-31 11:19:29', 1, 0, NULL),
(42, 'R - 42', 'rack 4x4', 21, 33, 71, 72, NULL, '4', '', '4', '', NULL, NULL, NULL, NULL, 'FALSE', '-80.00', 'celsius', '', '2010-05-31 11:19:34', 1, '2010-05-31 11:19:36', 1, 0, NULL),
(43, 'R - 43', 'rack 4x4', 21, 34, 75, 76, NULL, '1', '', '1', '', NULL, NULL, NULL, NULL, 'FALSE', '-80.00', 'celsius', '', '2010-05-31 11:19:49', 1, '2010-05-31 11:19:50', 1, 0, NULL),
(44, 'R - 44', 'rack 4x4', 21, 34, 77, 78, NULL, '2', '', '2', '', NULL, NULL, NULL, NULL, 'FALSE', '-80.00', 'celsius', '', '2010-05-31 11:19:55', 1, '2010-05-31 11:19:56', 1, 0, NULL),
(45, 'R - 45', 'rack 4x4', 21, 34, 79, 80, NULL, '3', '', '3', '', NULL, NULL, NULL, NULL, 'FALSE', '-80.00', 'celsius', '', '2010-05-31 11:20:01', 1, '2010-05-31 11:20:02', 1, 0, NULL),
(46, 'R - 46', 'rack 4x4', 21, 34, 81, 82, NULL, '4', '', '4', '', NULL, NULL, NULL, NULL, 'FALSE', '-80.00', 'celsius', '', '2010-05-31 11:20:07', 1, '2010-05-31 11:20:08', 1, 0, NULL),
(47, 'R - 47', 'rack 4x4', 21, 35, 85, 86, NULL, '1', '', '1', '', NULL, NULL, NULL, NULL, 'FALSE', '-80.00', 'celsius', '', '2010-05-31 11:20:27', 1, '2010-05-31 11:20:28', 1, 0, NULL),
(48, 'R - 48', 'rack 4x4', 21, 35, 87, 88, NULL, '2', '', '2', '', NULL, NULL, NULL, NULL, 'FALSE', '-80.00', 'celsius', '', '2010-05-31 11:20:32', 1, '2010-05-31 11:20:34', 1, 0, NULL),
(49, 'R - 49', 'rack 4x4', 21, 35, 89, 90, NULL, '3', '', '3', '', NULL, NULL, NULL, NULL, 'FALSE', '-80.00', 'celsius', '', '2010-05-31 11:20:39', 1, '2010-05-31 11:20:40', 1, 0, NULL),
(50, 'R - 50', 'rack 4x4', 21, 35, 91, 92, NULL, '4', '', '4', '', NULL, NULL, NULL, NULL, 'FALSE', '-80.00', 'celsius', '', '2010-05-31 11:20:45', 1, '2010-05-31 11:20:46', 1, 0, NULL),
(51, 'R - 51', 'rack 4x4', 21, 36, 95, 96, NULL, '1', '', '1', '', NULL, NULL, NULL, NULL, 'FALSE', '-80.00', 'celsius', '', '2010-05-31 11:21:55', 1, '2010-05-31 11:21:56', 1, 0, NULL),
(52, 'R - 52', 'rack 4x4', 21, 36, 97, 98, NULL, '2', '', '2', '', NULL, NULL, NULL, NULL, 'FALSE', '-80.00', 'celsius', '', '2010-05-31 11:22:01', 1, '2010-05-31 11:22:02', 1, 0, NULL),
(53, 'R - 53', 'rack 4x4', 21, 36, 99, 100, NULL, '3', '', '3', '', NULL, NULL, NULL, NULL, 'FALSE', '-80.00', 'celsius', '', '2010-05-31 11:22:07', 1, '2010-05-31 11:22:08', 1, 0, NULL),
(54, 'R - 54', 'rack 4x4', 21, 36, 101, 102, NULL, '4', '', '4', '', NULL, NULL, NULL, NULL, 'FALSE', '-80.00', 'celsius', '', '2010-05-31 11:22:38', 1, '2010-05-31 11:22:39', 1, 0, NULL),
(55, 'R - 55', 'rack 4x4', 21, 37, 105, 106, NULL, '1', '', '1', '', NULL, NULL, NULL, NULL, 'FALSE', '-80.00', 'celsius', '', '2010-05-31 11:22:50', 1, '2010-05-31 11:22:52', 1, 0, NULL),
(56, 'R - 56', 'rack 4x4', 21, 37, 107, 108, NULL, '2', '', '2', '', NULL, NULL, NULL, NULL, 'FALSE', '-80.00', 'celsius', '', '2010-05-31 11:22:56', 1, '2010-05-31 11:22:57', 1, 0, NULL),
(57, 'R - 57', 'rack 4x4', 21, 37, 109, 110, NULL, '3', '', '3', '', NULL, NULL, NULL, NULL, 'FALSE', '-80.00', 'celsius', '', '2010-05-31 11:23:02', 1, '2010-05-31 11:23:03', 1, 0, NULL),
(58, 'R - 58', 'rack 4x4', 21, 37, 111, 112, NULL, '4', '', '4', '', NULL, NULL, NULL, NULL, 'FALSE', '-80.00', 'celsius', '', '2010-05-31 11:23:07', 1, '2010-05-31 11:23:08', 1, 0, NULL),
(59, 'R - 59', 'rack 4x4', 21, 38, 115, 116, NULL, '1', '', '1', '', NULL, NULL, NULL, NULL, 'FALSE', '-80.00', 'celsius', '', '2010-05-31 11:23:23', 1, '2010-05-31 11:23:24', 1, 0, NULL),
(60, 'R - 60', 'rack 4x4', 21, 38, 117, 118, NULL, '2', '', '2', '', NULL, NULL, NULL, NULL, 'FALSE', '-80.00', 'celsius', '', '2010-05-31 11:23:32', 1, '2010-05-31 11:23:34', 1, 0, NULL),
(61, 'R - 61', 'rack 4x4', 21, 38, 119, 120, NULL, '3', '', '3', '', NULL, NULL, NULL, NULL, 'FALSE', '-80.00', 'celsius', '', '2010-05-31 11:23:39', 1, '2010-05-31 11:23:39', 1, 0, NULL),
(62, 'R - 62', 'rack 4x4', 21, 38, 121, 122, NULL, '4', '', '4', '', NULL, NULL, NULL, NULL, 'FALSE', '-80.00', 'celsius', '', '2010-05-31 11:23:44', 1, '2010-05-31 11:23:45', 1, 0, NULL);

INSERT INTO `storage_masters_revs` (`id`, `code`, `storage_type`, `storage_control_id`, `parent_id`, `lft`, `rght`, `barcode`, `short_label`, `selection_label`, `storage_status`, `parent_storage_coord_x`, `coord_x_order`, `parent_storage_coord_y`, `coord_y_order`, `set_temperature`, `temperature`, `temp_unit`, `notes`, `created`, `created_by`, `modified`, `modified_by`, `version_id`, `version_created`, `deleted`, `deleted_date`) VALUES
(1, '', 'freezer', 6, NULL, 1, 2, NULL, 'fr1', 'fr1', '', NULL, NULL, NULL, NULL, 'TRUE', '-80.00', 'celsius', '', '2010-05-31 10:59:22', 1, '2010-05-31 10:59:22', 1, 1, '2010-05-31 10:59:23', 0, NULL),
(1, 'FRE - 1', 'freezer', 6, NULL, 1, 2, NULL, 'fr1', 'fr1', '', NULL, NULL, NULL, NULL, 'TRUE', '-80.00', 'celsius', '', '2010-05-31 10:59:22', 1, '2010-05-31 10:59:23', 1, 2, '2010-05-31 10:59:23', 0, NULL),
(2, '', 'rack 4x4', 21, 1, 0, 0, NULL, '1', '1', '', NULL, NULL, NULL, NULL, 'FALSE', '-80.00', 'celsius', '', '2010-05-31 10:59:55', 1, '2010-05-31 10:59:55', 1, 3, '2010-05-31 10:59:56', 0, NULL),
(2, 'R - 2', 'rack 4x4', 21, 1, 2, 3, NULL, '1', '1', '', NULL, NULL, NULL, NULL, 'FALSE', '-80.00', 'celsius', '', '2010-05-31 10:59:55', 1, '2010-05-31 10:59:56', 1, 4, '2010-05-31 10:59:57', 0, NULL),
(3, '', 'shelf', 14, 1, 0, 0, NULL, '1', '1', '', NULL, NULL, NULL, NULL, 'FALSE', '-80.00', 'celsius', '', '2010-05-31 11:00:32', 1, '2010-05-31 11:00:32', 1, 5, '2010-05-31 11:00:33', 0, NULL),
(3, 'SH - 3', 'shelf', 14, 1, 4, 5, NULL, '1', '1', '', NULL, NULL, NULL, NULL, 'FALSE', '-80.00', 'celsius', '', '2010-05-31 11:00:32', 1, '2010-05-31 11:00:33', 1, 6, '2010-05-31 11:00:34', 0, NULL),
(4, '', 'shelf', 14, 1, 0, 0, NULL, '2', '2', '', NULL, NULL, NULL, NULL, 'FALSE', '-80.00', 'celsius', '', '2010-05-31 11:00:42', 1, '2010-05-31 11:00:42', 1, 7, '2010-05-31 11:00:43', 0, NULL),
(4, 'SH - 4', 'shelf', 14, 1, 6, 7, NULL, '2', '2', '', NULL, NULL, NULL, NULL, 'FALSE', '-80.00', 'celsius', '', '2010-05-31 11:00:42', 1, '2010-05-31 11:00:43', 1, 8, '2010-05-31 11:00:44', 0, NULL),
(5, '', 'shelf', 14, 1, 0, 0, NULL, '3', '3', '', NULL, NULL, NULL, NULL, 'FALSE', '-80.00', 'celsius', '', '2010-05-31 11:00:52', 1, '2010-05-31 11:00:52', 1, 9, '2010-05-31 11:00:52', 0, NULL),
(5, 'SH - 5', 'shelf', 14, 1, 8, 9, NULL, '3', '3', '', NULL, NULL, NULL, NULL, 'FALSE', '-80.00', 'celsius', '', '2010-05-31 11:00:52', 1, '2010-05-31 11:00:52', 1, 10, '2010-05-31 11:00:53', 0, NULL),
(6, '', 'shelf', 14, 1, 0, 0, NULL, '4', '4', '', NULL, NULL, NULL, NULL, 'FALSE', '-80.00', 'celsius', '', '2010-05-31 11:01:00', 1, '2010-05-31 11:01:00', 1, 11, '2010-05-31 11:01:01', 0, NULL),
(6, 'SH - 6', 'shelf', 14, 1, 10, 11, NULL, '4', '4', '', NULL, NULL, NULL, NULL, 'FALSE', '-80.00', 'celsius', '', '2010-05-31 11:01:00', 1, '2010-05-31 11:01:01', 1, 12, '2010-05-31 11:01:01', 0, NULL),
(2, 'R - 2', 'rack 4x4', 21, 3, 2, 3, NULL, '1', '1', '', NULL, NULL, NULL, NULL, 'FALSE', '-80.00', 'celsius', '', '2010-05-31 10:59:55', 1, '2010-05-31 11:02:11', 1, 13, '2010-05-31 11:02:11', 0, NULL),
(7, '', 'shelf', 14, 1, 0, 0, NULL, '5', '5', '', NULL, NULL, NULL, NULL, 'FALSE', '-80.00', 'celsius', '', '2010-05-31 11:03:46', 1, '2010-05-31 11:03:46', 1, 14, '2010-05-31 11:03:46', 0, NULL),
(7, 'SH - 7', 'shelf', 14, 1, 12, 13, NULL, '5', '5', '', NULL, NULL, NULL, NULL, 'FALSE', '-80.00', 'celsius', '', '2010-05-31 11:03:46', 1, '2010-05-31 11:03:47', 1, 15, '2010-05-31 11:03:48', 0, NULL),
(8, '', 'shelf', 14, 1, 0, 0, NULL, '6', '6', '', NULL, NULL, NULL, NULL, 'FALSE', '-80.00', 'celsius', '', '2010-05-31 11:03:52', 1, '2010-05-31 11:03:52', 1, 16, '2010-05-31 11:03:53', 0, NULL),
(8, 'SH - 8', 'shelf', 14, 1, 14, 15, NULL, '6', '6', '', NULL, NULL, NULL, NULL, 'FALSE', '-80.00', 'celsius', '', '2010-05-31 11:03:52', 1, '2010-05-31 11:03:53', 1, 17, '2010-05-31 11:03:53', 0, NULL),
(9, '', 'rack 4x4', 21, 3, 0, 0, NULL, '2', '2', '', NULL, NULL, NULL, NULL, 'FALSE', '-80.00', 'celsius', '', '2010-05-31 11:04:32', 1, '2010-05-31 11:04:32', 1, 18, '2010-05-31 11:04:33', 0, NULL),
(9, 'R - 9', 'rack 4x4', 21, 3, 5, 6, NULL, '2', '2', '', NULL, NULL, NULL, NULL, 'FALSE', '-80.00', 'celsius', '', '2010-05-31 11:04:32', 1, '2010-05-31 11:04:33', 1, 19, '2010-05-31 11:04:34', 0, NULL),
(10, '', 'rack 4x4', 21, 3, 0, 0, NULL, '3', '3', '', NULL, NULL, NULL, NULL, 'FALSE', '-80.00', 'celsius', '', '2010-05-31 11:04:38', 1, '2010-05-31 11:04:38', 1, 20, '2010-05-31 11:04:39', 0, NULL),
(10, 'R - 10', 'rack 4x4', 21, 3, 7, 8, NULL, '3', '3', '', NULL, NULL, NULL, NULL, 'FALSE', '-80.00', 'celsius', '', '2010-05-31 11:04:38', 1, '2010-05-31 11:04:39', 1, 21, '2010-05-31 11:04:40', 0, NULL),
(11, '', 'rack 4x4', 21, 3, 0, 0, NULL, '4', '4', '', NULL, NULL, NULL, NULL, 'FALSE', '-80.00', 'celsius', '', '2010-05-31 11:04:45', 1, '2010-05-31 11:04:45', 1, 22, '2010-05-31 11:04:45', 0, NULL),
(11, 'R - 11', 'rack 4x4', 21, 3, 9, 10, NULL, '4', '4', '', NULL, NULL, NULL, NULL, 'FALSE', '-80.00', 'celsius', '', '2010-05-31 11:04:45', 1, '2010-05-31 11:04:46', 1, 23, '2010-05-31 11:04:46', 0, NULL),
(12, '', 'rack 4x4', 21, 4, 0, 0, NULL, '1', '1', '', NULL, NULL, NULL, NULL, 'FALSE', '-80.00', 'celsius', '', '2010-05-31 11:05:28', 1, '2010-05-31 11:05:28', 1, 24, '2010-05-31 11:05:29', 0, NULL),
(12, 'R - 12', 'rack 4x4', 21, 4, 13, 14, NULL, '1', '1', '', NULL, NULL, NULL, NULL, 'FALSE', '-80.00', 'celsius', '', '2010-05-31 11:05:28', 1, '2010-05-31 11:05:29', 1, 25, '2010-05-31 11:05:30', 0, NULL),
(13, '', 'rack 4x4', 21, 4, 0, 0, NULL, '2', '2', '', NULL, NULL, NULL, NULL, 'FALSE', '-80.00', 'celsius', '', '2010-05-31 11:05:34', 1, '2010-05-31 11:05:34', 1, 26, '2010-05-31 11:05:34', 0, NULL),
(13, 'R - 13', 'rack 4x4', 21, 4, 15, 16, NULL, '2', '2', '', NULL, NULL, NULL, NULL, 'FALSE', '-80.00', 'celsius', '', '2010-05-31 11:05:34', 1, '2010-05-31 11:05:34', 1, 27, '2010-05-31 11:05:35', 0, NULL),
(14, '', 'rack 4x4', 21, 4, 0, 0, NULL, '3', '3', '', NULL, NULL, NULL, NULL, 'FALSE', '-80.00', 'celsius', '', '2010-05-31 11:05:39', 1, '2010-05-31 11:05:39', 1, 28, '2010-05-31 11:05:40', 0, NULL),
(14, 'R - 14', 'rack 4x4', 21, 4, 17, 18, NULL, '3', '3', '', NULL, NULL, NULL, NULL, 'FALSE', '-80.00', 'celsius', '', '2010-05-31 11:05:39', 1, '2010-05-31 11:05:40', 1, 29, '2010-05-31 11:05:40', 0, NULL),
(15, '', 'rack 4x4', 21, 4, 0, 0, NULL, '4', '4', '', NULL, NULL, NULL, NULL, 'FALSE', '-80.00', 'celsius', '', '2010-05-31 11:05:45', 1, '2010-05-31 11:05:45', 1, 30, '2010-05-31 11:05:45', 0, NULL),
(15, 'R - 15', 'rack 4x4', 21, 4, 19, 20, NULL, '4', '4', '', NULL, NULL, NULL, NULL, 'FALSE', '-80.00', 'celsius', '', '2010-05-31 11:05:45', 1, '2010-05-31 11:05:46', 1, 31, '2010-05-31 11:05:46', 0, NULL),
(16, '', 'rack 4x4', 21, 5, 0, 0, NULL, '1', '1', '', NULL, NULL, NULL, NULL, 'FALSE', '-80.00', 'celsius', '', '2010-05-31 11:06:03', 1, '2010-05-31 11:06:03', 1, 32, '2010-05-31 11:06:04', 0, NULL),
(16, 'R - 16', 'rack 4x4', 21, 5, 23, 24, NULL, '1', '1', '', NULL, NULL, NULL, NULL, 'FALSE', '-80.00', 'celsius', '', '2010-05-31 11:06:03', 1, '2010-05-31 11:06:04', 1, 33, '2010-05-31 11:06:04', 0, NULL),
(17, '', 'rack 4x4', 21, 5, 0, 0, NULL, '2', '2', '', NULL, NULL, NULL, NULL, 'FALSE', '-80.00', 'celsius', '', '2010-05-31 11:06:09', 1, '2010-05-31 11:06:09', 1, 34, '2010-05-31 11:06:10', 0, NULL),
(17, 'R - 17', 'rack 4x4', 21, 5, 25, 26, NULL, '2', '2', '', NULL, NULL, NULL, NULL, 'FALSE', '-80.00', 'celsius', '', '2010-05-31 11:06:09', 1, '2010-05-31 11:06:10', 1, 35, '2010-05-31 11:06:11', 0, NULL),
(18, '', 'rack 4x4', 21, 5, 0, 0, NULL, '3', '3', '', NULL, NULL, NULL, NULL, 'FALSE', '-80.00', 'celsius', '', '2010-05-31 11:06:16', 1, '2010-05-31 11:06:16', 1, 36, '2010-05-31 11:06:16', 0, NULL),
(18, 'R - 18', 'rack 4x4', 21, 5, 27, 28, NULL, '3', '3', '', NULL, NULL, NULL, NULL, 'FALSE', '-80.00', 'celsius', '', '2010-05-31 11:06:16', 1, '2010-05-31 11:06:17', 1, 37, '2010-05-31 11:06:17', 0, NULL),
(19, '', 'rack 4x4', 21, 5, 0, 0, NULL, '4', '4', '', NULL, NULL, NULL, NULL, 'FALSE', '-80.00', 'celsius', '', '2010-05-31 11:06:21', 1, '2010-05-31 11:06:21', 1, 38, '2010-05-31 11:06:22', 0, NULL),
(19, 'R - 19', 'rack 4x4', 21, 5, 29, 30, NULL, '4', '4', '', NULL, NULL, NULL, NULL, 'FALSE', '-80.00', 'celsius', '', '2010-05-31 11:06:21', 1, '2010-05-31 11:06:23', 1, 39, '2010-05-31 11:06:24', 0, NULL),
(20, '', 'rack 4x4', 21, 6, 0, 0, NULL, '1', '1', '', NULL, NULL, NULL, NULL, 'FALSE', '-80.00', 'celsius', '', '2010-05-31 11:06:43', 1, '2010-05-31 11:06:43', 1, 40, '2010-05-31 11:06:43', 0, NULL),
(20, 'R - 20', 'rack 4x4', 21, 6, 33, 34, NULL, '1', '1', '', NULL, NULL, NULL, NULL, 'FALSE', '-80.00', 'celsius', '', '2010-05-31 11:06:43', 1, '2010-05-31 11:06:44', 1, 41, '2010-05-31 11:06:44', 0, NULL),
(21, '', 'rack 4x4', 21, 6, 0, 0, NULL, '2', '2', '', NULL, NULL, NULL, NULL, 'FALSE', '-80.00', 'celsius', '', '2010-05-31 11:06:49', 1, '2010-05-31 11:06:49', 1, 42, '2010-05-31 11:06:49', 0, NULL),
(21, 'R - 21', 'rack 4x4', 21, 6, 35, 36, NULL, '2', '2', '', NULL, NULL, NULL, NULL, 'FALSE', '-80.00', 'celsius', '', '2010-05-31 11:06:49', 1, '2010-05-31 11:06:50', 1, 43, '2010-05-31 11:06:50', 0, NULL),
(22, '', 'rack 4x4', 21, 6, 0, 0, NULL, '3', '3', '', NULL, NULL, NULL, NULL, 'FALSE', '-80.00', 'celsius', '', '2010-05-31 11:06:55', 1, '2010-05-31 11:06:55', 1, 44, '2010-05-31 11:06:56', 0, NULL),
(22, 'R - 22', 'rack 4x4', 21, 6, 37, 38, NULL, '3', '3', '', NULL, NULL, NULL, NULL, 'FALSE', '-80.00', 'celsius', '', '2010-05-31 11:06:55', 1, '2010-05-31 11:06:57', 1, 45, '2010-05-31 11:06:57', 0, NULL),
(23, '', 'rack 4x4', 21, 6, 0, 0, NULL, '4', '4', '', NULL, NULL, NULL, NULL, 'FALSE', '-80.00', 'celsius', '', '2010-05-31 11:07:02', 1, '2010-05-31 11:07:02', 1, 46, '2010-05-31 11:07:03', 0, NULL),
(23, 'R - 23', 'rack 4x4', 21, 6, 39, 40, NULL, '4', '4', '', NULL, NULL, NULL, NULL, 'FALSE', '-80.00', 'celsius', '', '2010-05-31 11:07:02', 1, '2010-05-31 11:07:03', 1, 47, '2010-05-31 11:07:03', 0, NULL),
(24, '', 'rack 4x4', 21, 7, 0, 0, NULL, '1', '1', '', NULL, NULL, NULL, NULL, 'FALSE', '-80.00', 'celsius', '', '2010-05-31 11:07:23', 1, '2010-05-31 11:07:23', 1, 48, '2010-05-31 11:07:24', 0, NULL),
(24, 'R - 24', 'rack 4x4', 21, 7, 43, 44, NULL, '1', '1', '', NULL, NULL, NULL, NULL, 'FALSE', '-80.00', 'celsius', '', '2010-05-31 11:07:23', 1, '2010-05-31 11:07:25', 1, 49, '2010-05-31 11:07:25', 0, NULL),
(25, '', 'rack 4x4', 21, 7, 0, 0, NULL, '2', '2', '', NULL, NULL, NULL, NULL, 'FALSE', '-80.00', 'celsius', '', '2010-05-31 11:07:30', 1, '2010-05-31 11:07:30', 1, 50, '2010-05-31 11:07:31', 0, NULL),
(25, 'R - 25', 'rack 4x4', 21, 7, 45, 46, NULL, '2', '2', '', NULL, NULL, NULL, NULL, 'FALSE', '-80.00', 'celsius', '', '2010-05-31 11:07:30', 1, '2010-05-31 11:07:31', 1, 51, '2010-05-31 11:07:32', 0, NULL),
(26, '', 'rack 4x4', 21, 7, 0, 0, NULL, '3', '3', '', NULL, NULL, NULL, NULL, 'FALSE', '-80.00', 'celsius', '', '2010-05-31 11:07:46', 1, '2010-05-31 11:07:46', 1, 52, '2010-05-31 11:07:47', 0, NULL),
(26, 'R - 26', 'rack 4x4', 21, 7, 47, 48, NULL, '3', '3', '', NULL, NULL, NULL, NULL, 'FALSE', '-80.00', 'celsius', '', '2010-05-31 11:07:46', 1, '2010-05-31 11:07:47', 1, 53, '2010-05-31 11:07:48', 0, NULL),
(27, '', 'rack 4x4', 21, 7, 0, 0, NULL, '4', '4', '', NULL, NULL, NULL, NULL, 'FALSE', '-80.00', 'celsius', '', '2010-05-31 11:07:53', 1, '2010-05-31 11:07:53', 1, 54, '2010-05-31 11:07:53', 0, NULL),
(27, 'R - 27', 'rack 4x4', 21, 7, 49, 50, NULL, '4', '4', '', NULL, NULL, NULL, NULL, 'FALSE', '-80.00', 'celsius', '', '2010-05-31 11:07:53', 1, '2010-05-31 11:07:54', 1, 55, '2010-05-31 11:07:54', 0, NULL),
(28, '', 'rack 4x4', 21, 8, 0, 0, NULL, '1', '1', '', NULL, NULL, NULL, NULL, 'FALSE', '-80.00', 'celsius', '', '2010-05-31 11:10:20', 1, '2010-05-31 11:10:20', 1, 56, '2010-05-31 11:10:21', 0, NULL),
(28, 'R - 28', 'rack 4x4', 21, 8, 53, 54, NULL, '1', '1', '', NULL, NULL, NULL, NULL, 'FALSE', '-80.00', 'celsius', '', '2010-05-31 11:10:20', 1, '2010-05-31 11:10:21', 1, 57, '2010-05-31 11:10:22', 0, NULL),
(29, '', 'rack 4x4', 21, 8, 0, 0, NULL, '2', '2', '', NULL, NULL, NULL, NULL, 'FALSE', '-80.00', 'celsius', '', '2010-05-31 11:10:27', 1, '2010-05-31 11:10:27', 1, 58, '2010-05-31 11:10:28', 0, NULL),
(29, 'R - 29', 'rack 4x4', 21, 8, 55, 56, NULL, '2', '2', '', NULL, NULL, NULL, NULL, 'FALSE', '-80.00', 'celsius', '', '2010-05-31 11:10:27', 1, '2010-05-31 11:10:28', 1, 59, '2010-05-31 11:10:28', 0, NULL),
(30, '', 'rack 4x4', 21, 8, 0, 0, NULL, '3', '3', '', NULL, NULL, NULL, NULL, 'FALSE', '-80.00', 'celsius', '', '2010-05-31 11:10:33', 1, '2010-05-31 11:10:33', 1, 60, '2010-05-31 11:10:34', 0, NULL),
(30, 'R - 30', 'rack 4x4', 21, 8, 57, 58, NULL, '3', '3', '', NULL, NULL, NULL, NULL, 'FALSE', '-80.00', 'celsius', '', '2010-05-31 11:10:33', 1, '2010-05-31 11:10:34', 1, 61, '2010-05-31 11:10:35', 0, NULL),
(31, '', 'rack 4x4', 21, 8, 0, 0, NULL, '4', '4', '', NULL, NULL, NULL, NULL, 'FALSE', '-80.00', 'celsius', '', '2010-05-31 11:10:40', 1, '2010-05-31 11:10:40', 1, 62, '2010-05-31 11:10:40', 0, NULL),
(31, 'R - 31', 'rack 4x4', 21, 8, 59, 60, NULL, '4', '4', '', NULL, NULL, NULL, NULL, 'FALSE', '-80.00', 'celsius', '', '2010-05-31 11:10:40', 1, '2010-05-31 11:10:41', 1, 63, '2010-05-31 11:10:41', 0, NULL),
(32, '', 'freezer', 6, NULL, 63, 64, NULL, 'fr2', 'fr2', '', NULL, NULL, NULL, NULL, 'TRUE', '-80.00', 'celsius', '', '2010-05-31 11:11:21', 1, '2010-05-31 11:11:21', 1, 64, '2010-05-31 11:11:22', 0, NULL),
(32, 'FRE - 32', 'freezer', 6, NULL, 63, 64, NULL, 'fr2', 'fr2', '', NULL, NULL, NULL, NULL, 'TRUE', '-80.00', 'celsius', '', '2010-05-31 11:11:21', 1, '2010-05-31 11:11:22', 1, 65, '2010-05-31 11:11:22', 0, NULL),
(33, '', 'shelf', 14, 32, 0, 0, NULL, '1', '1', '', NULL, NULL, NULL, NULL, 'FALSE', '-80.00', 'celsius', '', '2010-05-31 11:17:44', 1, '2010-05-31 11:17:44', 1, 66, '2010-05-31 11:17:45', 0, NULL),
(33, 'SH - 33', 'shelf', 14, 32, 64, 65, NULL, '1', '1', '', NULL, NULL, NULL, NULL, 'FALSE', '-80.00', 'celsius', '', '2010-05-31 11:17:44', 1, '2010-05-31 11:17:45', 1, 67, '2010-05-31 11:17:46', 0, NULL),
(34, '', 'shelf', 14, 32, 0, 0, NULL, '2', '2', '', NULL, NULL, NULL, NULL, 'FALSE', '-80.00', 'celsius', '', '2010-05-31 11:17:50', 1, '2010-05-31 11:17:50', 1, 68, '2010-05-31 11:17:51', 0, NULL),
(34, 'SH - 34', 'shelf', 14, 32, 66, 67, NULL, '2', '2', '', NULL, NULL, NULL, NULL, 'FALSE', '-80.00', 'celsius', '', '2010-05-31 11:17:50', 1, '2010-05-31 11:17:51', 1, 69, '2010-05-31 11:17:51', 0, NULL),
(35, '', 'shelf', 14, 32, 0, 0, NULL, '3', '3', '', NULL, NULL, NULL, NULL, 'FALSE', '-80.00', 'celsius', '', '2010-05-31 11:17:57', 1, '2010-05-31 11:17:57', 1, 70, '2010-05-31 11:17:58', 0, NULL),
(35, 'SH - 35', 'shelf', 14, 32, 68, 69, NULL, '3', '3', '', NULL, NULL, NULL, NULL, 'FALSE', '-80.00', 'celsius', '', '2010-05-31 11:17:57', 1, '2010-05-31 11:17:58', 1, 71, '2010-05-31 11:17:59', 0, NULL),
(36, '', 'shelf', 14, 32, 0, 0, NULL, '4', '4', '', NULL, NULL, NULL, NULL, 'FALSE', '-80.00', 'celsius', '', '2010-05-31 11:18:04', 1, '2010-05-31 11:18:04', 1, 72, '2010-05-31 11:18:05', 0, NULL),
(36, 'SH - 36', 'shelf', 14, 32, 70, 71, NULL, '4', '4', '', NULL, NULL, NULL, NULL, 'FALSE', '-80.00', 'celsius', '', '2010-05-31 11:18:04', 1, '2010-05-31 11:18:05', 1, 73, '2010-05-31 11:18:06', 0, NULL),
(37, '', 'shelf', 14, 32, 0, 0, NULL, '5', '5', '', NULL, NULL, NULL, NULL, 'FALSE', '-80.00', 'celsius', '', '2010-05-31 11:18:39', 1, '2010-05-31 11:18:39', 1, 74, '2010-05-31 11:18:40', 0, NULL),
(37, 'SH - 37', 'shelf', 14, 32, 72, 73, NULL, '5', '5', '', NULL, NULL, NULL, NULL, 'FALSE', '-80.00', 'celsius', '', '2010-05-31 11:18:39', 1, '2010-05-31 11:18:40', 1, 75, '2010-05-31 11:18:41', 0, NULL),
(38, '', 'shelf', 14, 32, 0, 0, NULL, '6', '6', '', NULL, NULL, NULL, NULL, 'FALSE', '-80.00', 'celsius', '', '2010-05-31 11:18:47', 1, '2010-05-31 11:18:47', 1, 76, '2010-05-31 11:18:48', 0, NULL),
(38, 'SH - 38', 'shelf', 14, 32, 74, 75, NULL, '6', '6', '', NULL, NULL, NULL, NULL, 'FALSE', '-80.00', 'celsius', '', '2010-05-31 11:18:47', 1, '2010-05-31 11:18:48', 1, 77, '2010-05-31 11:18:49', 0, NULL),
(39, '', 'rack 4x4', 21, 33, 0, 0, NULL, '1', '1', '', NULL, NULL, NULL, NULL, 'FALSE', '-80.00', 'celsius', '', '2010-05-31 11:19:16', 1, '2010-05-31 11:19:16', 1, 78, '2010-05-31 11:19:17', 0, NULL),
(39, 'R - 39', 'rack 4x4', 21, 33, 65, 66, NULL, '1', '1', '', NULL, NULL, NULL, NULL, 'FALSE', '-80.00', 'celsius', '', '2010-05-31 11:19:16', 1, '2010-05-31 11:19:17', 1, 79, '2010-05-31 11:19:18', 0, NULL),
(40, '', 'rack 4x4', 21, 33, 0, 0, NULL, '2', '2', '', NULL, NULL, NULL, NULL, 'FALSE', '-80.00', 'celsius', '', '2010-05-31 11:19:22', 1, '2010-05-31 11:19:22', 1, 80, '2010-05-31 11:19:22', 0, NULL),
(40, 'R - 40', 'rack 4x4', 21, 33, 67, 68, NULL, '2', '2', '', NULL, NULL, NULL, NULL, 'FALSE', '-80.00', 'celsius', '', '2010-05-31 11:19:22', 1, '2010-05-31 11:19:23', 1, 81, '2010-05-31 11:19:23', 0, NULL),
(41, '', 'rack 4x4', 21, 33, 0, 0, NULL, '3', '3', '', NULL, NULL, NULL, NULL, 'FALSE', '-80.00', 'celsius', '', '2010-05-31 11:19:28', 1, '2010-05-31 11:19:28', 1, 82, '2010-05-31 11:19:29', 0, NULL),
(41, 'R - 41', 'rack 4x4', 21, 33, 69, 70, NULL, '3', '3', '', NULL, NULL, NULL, NULL, 'FALSE', '-80.00', 'celsius', '', '2010-05-31 11:19:28', 1, '2010-05-31 11:19:29', 1, 83, '2010-05-31 11:19:30', 0, NULL),
(42, '', 'rack 4x4', 21, 33, 0, 0, NULL, '4', '4', '', NULL, NULL, NULL, NULL, 'FALSE', '-80.00', 'celsius', '', '2010-05-31 11:19:34', 1, '2010-05-31 11:19:34', 1, 84, '2010-05-31 11:19:35', 0, NULL),
(42, 'R - 42', 'rack 4x4', 21, 33, 71, 72, NULL, '4', '4', '', NULL, NULL, NULL, NULL, 'FALSE', '-80.00', 'celsius', '', '2010-05-31 11:19:34', 1, '2010-05-31 11:19:36', 1, 85, '2010-05-31 11:19:36', 0, NULL),
(43, '', 'rack 4x4', 21, 34, 0, 0, NULL, '1', '1', '', NULL, NULL, NULL, NULL, 'FALSE', '-80.00', 'celsius', '', '2010-05-31 11:19:49', 1, '2010-05-31 11:19:49', 1, 86, '2010-05-31 11:19:50', 0, NULL),
(43, 'R - 43', 'rack 4x4', 21, 34, 75, 76, NULL, '1', '1', '', NULL, NULL, NULL, NULL, 'FALSE', '-80.00', 'celsius', '', '2010-05-31 11:19:49', 1, '2010-05-31 11:19:50', 1, 87, '2010-05-31 11:19:51', 0, NULL),
(44, '', 'rack 4x4', 21, 34, 0, 0, NULL, '2', '2', '', NULL, NULL, NULL, NULL, 'FALSE', '-80.00', 'celsius', '', '2010-05-31 11:19:55', 1, '2010-05-31 11:19:55', 1, 88, '2010-05-31 11:19:56', 0, NULL),
(44, 'R - 44', 'rack 4x4', 21, 34, 77, 78, NULL, '2', '2', '', NULL, NULL, NULL, NULL, 'FALSE', '-80.00', 'celsius', '', '2010-05-31 11:19:55', 1, '2010-05-31 11:19:56', 1, 89, '2010-05-31 11:19:57', 0, NULL),
(45, '', 'rack 4x4', 21, 34, 0, 0, NULL, '3', '3', '', NULL, NULL, NULL, NULL, 'FALSE', '-80.00', 'celsius', '', '2010-05-31 11:20:01', 1, '2010-05-31 11:20:01', 1, 90, '2010-05-31 11:20:02', 0, NULL),
(45, 'R - 45', 'rack 4x4', 21, 34, 79, 80, NULL, '3', '3', '', NULL, NULL, NULL, NULL, 'FALSE', '-80.00', 'celsius', '', '2010-05-31 11:20:01', 1, '2010-05-31 11:20:02', 1, 91, '2010-05-31 11:20:03', 0, NULL),
(46, '', 'rack 4x4', 21, 34, 0, 0, NULL, '4', '4', '', NULL, NULL, NULL, NULL, 'FALSE', '-80.00', 'celsius', '', '2010-05-31 11:20:07', 1, '2010-05-31 11:20:07', 1, 92, '2010-05-31 11:20:07', 0, NULL),
(46, 'R - 46', 'rack 4x4', 21, 34, 81, 82, NULL, '4', '4', '', NULL, NULL, NULL, NULL, 'FALSE', '-80.00', 'celsius', '', '2010-05-31 11:20:07', 1, '2010-05-31 11:20:08', 1, 93, '2010-05-31 11:20:08', 0, NULL),
(47, '', 'rack 4x4', 21, 35, 0, 0, NULL, '1', '1', '', NULL, NULL, NULL, NULL, 'FALSE', '-80.00', 'celsius', '', '2010-05-31 11:20:27', 1, '2010-05-31 11:20:27', 1, 94, '2010-05-31 11:20:27', 0, NULL),
(47, 'R - 47', 'rack 4x4', 21, 35, 85, 86, NULL, '1', '1', '', NULL, NULL, NULL, NULL, 'FALSE', '-80.00', 'celsius', '', '2010-05-31 11:20:27', 1, '2010-05-31 11:20:28', 1, 95, '2010-05-31 11:20:28', 0, NULL),
(48, '', 'rack 4x4', 21, 35, 0, 0, NULL, '2', '2', '', NULL, NULL, NULL, NULL, 'FALSE', '-80.00', 'celsius', '', '2010-05-31 11:20:32', 1, '2010-05-31 11:20:32', 1, 96, '2010-05-31 11:20:33', 0, NULL),
(48, 'R - 48', 'rack 4x4', 21, 35, 87, 88, NULL, '2', '2', '', NULL, NULL, NULL, NULL, 'FALSE', '-80.00', 'celsius', '', '2010-05-31 11:20:32', 1, '2010-05-31 11:20:34', 1, 97, '2010-05-31 11:20:34', 0, NULL),
(49, '', 'rack 4x4', 21, 35, 0, 0, NULL, '3', '3', '', NULL, NULL, NULL, NULL, 'FALSE', '-80.00', 'celsius', '', '2010-05-31 11:20:39', 1, '2010-05-31 11:20:39', 1, 98, '2010-05-31 11:20:39', 0, NULL),
(49, 'R - 49', 'rack 4x4', 21, 35, 89, 90, NULL, '3', '3', '', NULL, NULL, NULL, NULL, 'FALSE', '-80.00', 'celsius', '', '2010-05-31 11:20:39', 1, '2010-05-31 11:20:40', 1, 99, '2010-05-31 11:20:40', 0, NULL),
(50, '', 'rack 4x4', 21, 35, 0, 0, NULL, '4', '4', '', NULL, NULL, NULL, NULL, 'FALSE', '-80.00', 'celsius', '', '2010-05-31 11:20:45', 1, '2010-05-31 11:20:45', 1, 100, '2010-05-31 11:20:45', 0, NULL),
(50, 'R - 50', 'rack 4x4', 21, 35, 91, 92, NULL, '4', '4', '', NULL, NULL, NULL, NULL, 'FALSE', '-80.00', 'celsius', '', '2010-05-31 11:20:45', 1, '2010-05-31 11:20:46', 1, 101, '2010-05-31 11:20:46', 0, NULL),
(51, '', 'rack 4x4', 21, 36, 0, 0, NULL, '1', '1', '', NULL, NULL, NULL, NULL, 'FALSE', '-80.00', 'celsius', '', '2010-05-31 11:21:55', 1, '2010-05-31 11:21:55', 1, 102, '2010-05-31 11:21:56', 0, NULL),
(51, 'R - 51', 'rack 4x4', 21, 36, 95, 96, NULL, '1', '1', '', NULL, NULL, NULL, NULL, 'FALSE', '-80.00', 'celsius', '', '2010-05-31 11:21:55', 1, '2010-05-31 11:21:56', 1, 103, '2010-05-31 11:21:57', 0, NULL),
(52, '', 'rack 4x4', 21, 36, 0, 0, NULL, '2', '2', '', NULL, NULL, NULL, NULL, 'FALSE', '-80.00', 'celsius', '', '2010-05-31 11:22:01', 1, '2010-05-31 11:22:01', 1, 104, '2010-05-31 11:22:01', 0, NULL),
(52, 'R - 52', 'rack 4x4', 21, 36, 97, 98, NULL, '2', '2', '', NULL, NULL, NULL, NULL, 'FALSE', '-80.00', 'celsius', '', '2010-05-31 11:22:01', 1, '2010-05-31 11:22:02', 1, 105, '2010-05-31 11:22:02', 0, NULL),
(53, '', 'rack 4x4', 21, 36, 0, 0, NULL, '3', '3', '', NULL, NULL, NULL, NULL, 'FALSE', '-80.00', 'celsius', '', '2010-05-31 11:22:07', 1, '2010-05-31 11:22:07', 1, 106, '2010-05-31 11:22:07', 0, NULL),
(53, 'R - 53', 'rack 4x4', 21, 36, 99, 100, NULL, '3', '3', '', NULL, NULL, NULL, NULL, 'FALSE', '-80.00', 'celsius', '', '2010-05-31 11:22:07', 1, '2010-05-31 11:22:08', 1, 107, '2010-05-31 11:22:08', 0, NULL),
(54, '', 'rack 4x4', 21, 36, 0, 0, NULL, '4', '4', '', NULL, NULL, NULL, NULL, 'FALSE', '-80.00', 'celsius', '', '2010-05-31 11:22:38', 1, '2010-05-31 11:22:38', 1, 108, '2010-05-31 11:22:39', 0, NULL),
(54, 'R - 54', 'rack 4x4', 21, 36, 101, 102, NULL, '4', '4', '', NULL, NULL, NULL, NULL, 'FALSE', '-80.00', 'celsius', '', '2010-05-31 11:22:38', 1, '2010-05-31 11:22:39', 1, 109, '2010-05-31 11:22:40', 0, NULL),
(55, '', 'rack 4x4', 21, 37, 0, 0, NULL, '1', '1', '', NULL, NULL, NULL, NULL, 'FALSE', '-80.00', 'celsius', '', '2010-05-31 11:22:50', 1, '2010-05-31 11:22:50', 1, 110, '2010-05-31 11:22:51', 0, NULL),
(55, 'R - 55', 'rack 4x4', 21, 37, 105, 106, NULL, '1', '1', '', NULL, NULL, NULL, NULL, 'FALSE', '-80.00', 'celsius', '', '2010-05-31 11:22:50', 1, '2010-05-31 11:22:52', 1, 111, '2010-05-31 11:22:52', 0, NULL),
(56, '', 'rack 4x4', 21, 37, 0, 0, NULL, '2', '2', '', NULL, NULL, NULL, NULL, 'FALSE', '-80.00', 'celsius', '', '2010-05-31 11:22:56', 1, '2010-05-31 11:22:56', 1, 112, '2010-05-31 11:22:57', 0, NULL),
(56, 'R - 56', 'rack 4x4', 21, 37, 107, 108, NULL, '2', '2', '', NULL, NULL, NULL, NULL, 'FALSE', '-80.00', 'celsius', '', '2010-05-31 11:22:56', 1, '2010-05-31 11:22:57', 1, 113, '2010-05-31 11:22:58', 0, NULL),
(57, '', 'rack 4x4', 21, 37, 0, 0, NULL, '3', '3', '', NULL, NULL, NULL, NULL, 'FALSE', '-80.00', 'celsius', '', '2010-05-31 11:23:02', 1, '2010-05-31 11:23:02', 1, 114, '2010-05-31 11:23:02', 0, NULL),
(57, 'R - 57', 'rack 4x4', 21, 37, 109, 110, NULL, '3', '3', '', NULL, NULL, NULL, NULL, 'FALSE', '-80.00', 'celsius', '', '2010-05-31 11:23:02', 1, '2010-05-31 11:23:03', 1, 115, '2010-05-31 11:23:03', 0, NULL),
(58, '', 'rack 4x4', 21, 37, 0, 0, NULL, '4', '4', '', NULL, NULL, NULL, NULL, 'FALSE', '-80.00', 'celsius', '', '2010-05-31 11:23:07', 1, '2010-05-31 11:23:07', 1, 116, '2010-05-31 11:23:08', 0, NULL),
(58, 'R - 58', 'rack 4x4', 21, 37, 111, 112, NULL, '4', '4', '', NULL, NULL, NULL, NULL, 'FALSE', '-80.00', 'celsius', '', '2010-05-31 11:23:07', 1, '2010-05-31 11:23:08', 1, 117, '2010-05-31 11:23:09', 0, NULL),
(59, '', 'rack 4x4', 21, 38, 0, 0, NULL, '1', '1', '', NULL, NULL, NULL, NULL, 'FALSE', '-80.00', 'celsius', '', '2010-05-31 11:23:23', 1, '2010-05-31 11:23:23', 1, 118, '2010-05-31 11:23:23', 0, NULL),
(59, 'R - 59', 'rack 4x4', 21, 38, 115, 116, NULL, '1', '1', '', NULL, NULL, NULL, NULL, 'FALSE', '-80.00', 'celsius', '', '2010-05-31 11:23:23', 1, '2010-05-31 11:23:24', 1, 119, '2010-05-31 11:23:24', 0, NULL),
(60, '', 'rack 4x4', 21, 38, 0, 0, NULL, '2', '2', '', NULL, NULL, NULL, NULL, 'FALSE', '-80.00', 'celsius', '', '2010-05-31 11:23:32', 1, '2010-05-31 11:23:32', 1, 120, '2010-05-31 11:23:33', 0, NULL),
(60, 'R - 60', 'rack 4x4', 21, 38, 117, 118, NULL, '2', '2', '', NULL, NULL, NULL, NULL, 'FALSE', '-80.00', 'celsius', '', '2010-05-31 11:23:32', 1, '2010-05-31 11:23:34', 1, 121, '2010-05-31 11:23:34', 0, NULL),
(61, '', 'rack 4x4', 21, 38, 0, 0, NULL, '3', '3', '', NULL, NULL, NULL, NULL, 'FALSE', '-80.00', 'celsius', '', '2010-05-31 11:23:39', 1, '2010-05-31 11:23:39', 1, 122, '2010-05-31 11:23:39', 0, NULL),
(61, 'R - 61', 'rack 4x4', 21, 38, 119, 120, NULL, '3', '3', '', NULL, NULL, NULL, NULL, 'FALSE', '-80.00', 'celsius', '', '2010-05-31 11:23:39', 1, '2010-05-31 11:23:39', 1, 123, '2010-05-31 11:23:40', 0, NULL),
(62, '', 'rack 4x4', 21, 38, 0, 0, NULL, '4', '4', '', NULL, NULL, NULL, NULL, 'FALSE', '-80.00', 'celsius', '', '2010-05-31 11:23:44', 1, '2010-05-31 11:23:44', 1, 124, '2010-05-31 11:23:45', 0, NULL),
(62, 'R - 62', 'rack 4x4', 21, 38, 121, 122, NULL, '4', '4', '', NULL, NULL, NULL, NULL, 'FALSE', '-80.00', 'celsius', '', '2010-05-31 11:23:44', 1, '2010-05-31 11:23:45', 1, 125, '2010-05-31 11:23:45', 0, NULL);

SET FOREIGN_KEY_CHECKS=1;

INSERT INTO `key_increments` (`key_name`, `key_value`) VALUES ('prostate_bank_participant_id', '678')

