-- Updates to global lookups (must be preformed first)
UPDATE `global_lookups` SET display_order = 1 WHERE `value` = 'Mr.';
UPDATE `global_lookups` SET display_order = 1 WHERE `value` = 'requested';
UPDATE `global_lookups` SET display_order = 1 WHERE `value` = 'chemotherapy';
UPDATE `global_lookups` SET display_order = 2 WHERE `value` = 'Mrs.';
UPDATE `global_lookups` SET display_order = 2 WHERE `value` = 'erb approved';
UPDATE `global_lookups` SET display_order = 2 WHERE `value` = 'radiation';
UPDATE `global_lookups` SET display_order = 3 WHERE `value` = 'Ms.';
UPDATE `global_lookups` SET display_order = 3 WHERE `value` = 'surgery';
UPDATE `global_lookups` SET display_order = 4 WHERE `value` = 'Dr.';
UPDATE `global_lookups` SET display_order = 4 WHERE `value` = 'brachytherapy';

-- Create New Tables

CREATE TABLE `acos` (
  `id` int(10) NOT NULL auto_increment,
  `parent_id` int(10) default NULL,
  `model` varchar(255) character set latin1 default NULL,
  `foreign_key` int(10) default NULL,
  `alias` varchar(255) character set latin1 default NULL,
  `lft` int(10) default NULL,
  `rght` int(10) default NULL,
  PRIMARY KEY  (`id`)
) ENGINE=MyISAM  DEFAULT CHARSET=latin1 COLLATE=latin1_swedish_ci ;

CREATE TABLE `aros` (
  `id` int(10) NOT NULL auto_increment,
  `parent_id` int(10) default NULL,
  `model` varchar(255) character set latin1 default NULL,
  `foreign_key` int(10) default NULL,
  `alias` varchar(255) character set latin1 default NULL,
  `lft` int(10) default NULL,
  `rght` int(10) default NULL,
  PRIMARY KEY  (`id`)
) ENGINE=MyISAM  DEFAULT CHARSET=latin1 COLLATE=latin1_swedish_ci AUTO_INCREMENT=8 ;

CREATE TABLE `aros_acos` (
  `id` int(10) NOT NULL auto_increment,
  `aro_id` int(10) NOT NULL,
  `aco_id` int(10) NOT NULL,
  `_create` varchar(2) character set latin1 NOT NULL default '0',
  `_read` varchar(2) character set latin1 NOT NULL default '0',
  `_update` varchar(2) character set latin1 NOT NULL default '0',
  `_delete` varchar(2) character set latin1 NOT NULL default '0',
  PRIMARY KEY  (`id`),
  UNIQUE KEY `ARO_ACO_KEY` (`aro_id`,`aco_id`)
) ENGINE=MyISAM  DEFAULT CHARSET=latin1 COLLATE=latin1_swedish_ci ;

CREATE TABLE `configs` (
  `id` int(11) NOT NULL auto_increment,
  `bank_id` int(11) NOT NULL,
  `group_id` int(11) NOT NULL,
  `user_id` int(11) NOT NULL,
  `config_debug` varchar(255) collate utf8_unicode_ci NOT NULL default '0',
  `config_language` varchar(255) collate utf8_unicode_ci NOT NULL default 'eng',
  `define_date_format` varchar(255) collate utf8_unicode_ci NOT NULL default 'MDY',
  `define_csv_separator` varchar(255) collate utf8_unicode_ci NOT NULL default ',',
  `define_show_help` varchar(255) collate utf8_unicode_ci NOT NULL default '1',
  `define_show_summary` varchar(255) collate utf8_unicode_ci NOT NULL default '1',
  `define_pagination_amount` varchar(255) collate utf8_unicode_ci NOT NULL default '10',
  `created` datetime NOT NULL,
  `created_by` int(11) NOT NULL,
  `modified` datetime NOT NULL,
  `modified_by` int(11) NOT NULL,
  PRIMARY KEY  (`id`)
) ENGINE=MyISAM AUTO_INCREMENT=3 DEFAULT CHARSET=utf8 COLLATE=utf8_unicode_ci AUTO_INCREMENT=3 ;

INSERT INTO `configs` (`id`, `bank_id`, `group_id`, `user_id`, `config_debug`, `config_language`, `define_date_format`, `define_csv_separator`, `define_show_help`, `define_show_summary`, `define_pagination_amount`, `created`, `created_by`, `modified`, `modified_by`) VALUES
(1, 0, 0, 0, '2', 'eng', 'MDY', ',', '1', '1', '10', '0000-00-00 00:00:00', 0, '0000-00-00 00:00:00', 0);

CREATE TABLE `posts` (
  `id` int(11) NOT NULL auto_increment,
  `user_id` int(11) NOT NULL,
  `title` varchar(255) character set latin1 NOT NULL,
  `body` text character set latin1,
  `created` datetime default NULL,
  `modified` datetime default NULL,
  PRIMARY KEY  (`id`)
) ENGINE=MyISAM DEFAULT CHARSET=utf8 COLLATE=utf8_unicode_ci AUTO_INCREMENT=1 ;

-- Creates and populates the structures tables (must run globallookups.php to populate fields)

CREATE TABLE `structure_fields` (
  `id` int(11) NOT NULL auto_increment,
  `old_id` varchar(255) collate utf8_unicode_ci NOT NULL,
  `plugin` varchar(255) character set latin1 NOT NULL default '',
  `model` varchar(255) character set latin1 NOT NULL default '',
  `field` varchar(255) character set latin1 NOT NULL default '',
  `language_label` text character set latin1 NOT NULL,
  `language_tag` text character set latin1 NOT NULL,
  `type` varchar(255) character set latin1 NOT NULL default 'input',
  `setting` text character set latin1 NOT NULL,
  `default` varchar(255) character set latin1 NOT NULL default '',
  `structure_value_domain` int(11) NOT NULL default 0,
  `language_help` text character set latin1 NOT NULL,
  `created` datetime NOT NULL default '0000-00-00 00:00:00',
  `created_by` varchar(255) character set latin1 NOT NULL default '',
  `modified` datetime NOT NULL default '0000-00-00 00:00:00',
  `modified_by` varchar(255) character set latin1 NOT NULL default '',
  PRIMARY KEY  (`id`)
) ENGINE=MyISAM AUTO_INCREMENT=856 DEFAULT CHARSET=utf8 COLLATE=utf8_unicode_ci AUTO_INCREMENT=856 ;

CREATE TABLE `structure_formats` (
  `id` int(11) NOT NULL auto_increment,
  `old_id` varchar(255) collate utf8_unicode_ci NOT NULL default 0,
  `structure_id` int(11) default NULL,
  `structure_old_id` varchar(255) collate utf8_unicode_ci NOT NULL default 0,
  `structure_field_id` int(11) default NULL,
  `structure_field_old_id` varchar(255) collate utf8_unicode_ci NOT NULL default 0,
  `display_column` int(11) NOT NULL default '1',
  `display_order` int(11) NOT NULL default '0',
  `language_heading` varchar(255) character set latin1 NOT NULL default '',
  `flag_override_label` set('0','1') collate utf8_unicode_ci NOT NULL default '0',
  `language_label` text character set latin1 NOT NULL,
  `flag_override_tag` set('0','1') collate utf8_unicode_ci NOT NULL default '0',
  `language_tag` text character set latin1 NOT NULL,
  `flag_override_help` set('0','1') collate utf8_unicode_ci NOT NULL default '0',
  `language_help` text character set latin1 NOT NULL,
  `flag_override_type` set('0','1') collate utf8_unicode_ci NOT NULL default '0',
  `type` varchar(255) character set latin1 NOT NULL default '',
  `flag_override_setting` set('0','1') collate utf8_unicode_ci NOT NULL default '0',
  `setting` varchar(255) character set latin1 NOT NULL default '',
  `flag_override_default` set('0','1') collate utf8_unicode_ci NOT NULL default '0',
  `default` varchar(255) character set latin1 NOT NULL default '',
  `flag_add` set('0','1') collate utf8_unicode_ci NOT NULL default '0',
  `flag_add_readonly` set('0','1') collate utf8_unicode_ci NOT NULL default '0',
  `flag_edit` set('0','1') collate utf8_unicode_ci NOT NULL default '0',
  `flag_edit_readonly` set('0','1') collate utf8_unicode_ci NOT NULL default '0',
  `flag_search` set('0','1') collate utf8_unicode_ci NOT NULL default '0',
  `flag_search_readonly` set('0','1') collate utf8_unicode_ci NOT NULL default '0',
  `flag_datagrid` set('0','1') collate utf8_unicode_ci NOT NULL default '0',
  `flag_datagrid_readonly` set('0','1') collate utf8_unicode_ci NOT NULL default '0',
  `flag_index` set('0','1') collate utf8_unicode_ci NOT NULL default '0',
  `flag_detail` set('0','1') collate utf8_unicode_ci NOT NULL default '0',
  `created` datetime NOT NULL default '0000-00-00 00:00:00',
  `created_by` varchar(255) character set latin1 NOT NULL default '',
  `modified` datetime NOT NULL default '0000-00-00 00:00:00',
  `modified_by` varchar(255) character set latin1 NOT NULL default '',
  PRIMARY KEY  (`id`)
) ENGINE=MyISAM  DEFAULT CHARSET=latin1 COLLATE=latin1_swedish_ci ;

INSERT INTO `form_formats` (`id`, `form_id`, `field_id`, `display_column`, `display_order`, `language_heading`, `flag_override_label`, `language_label`, `flag_override_tag`, `language_tag`, `flag_override_help`, `language_help`, `flag_override_type`, `type`, `flag_override_setting`, `setting`, `flag_override_default`, `default`, `flag_add`, `flag_add_readonly`, `flag_edit`, `flag_edit_readonly`, `flag_search`, `flag_search_readonly`, `flag_datagrid`, `flag_datagrid_readonly`, `flag_index`, `flag_detail`, `created`, `created_by`, `modified`, `modified_by`) VALUES
('CAN-024-001-000-999-0022_CAN-024-001-000-999-0108', 'CAN-024-001-000-999-0022', 'CAN-024-001-000-999-0108', 1, 1, '', '0', '', '0', '', '0', '', '0', '', '0', '', '0', '', '0', '0', '0', '0', '1', '0', '0', '0', '0', '0', '0000-00-00 00:00:00', '', '0000-00-00 00:00:00', ''),
('CAN-024-001-000-999-0022_CAN-024-001-000-999-0109', 'CAN-024-001-000-999-0022', 'CAN-024-001-000-999-0109', 1, 2, '', '0', '', '0', '', '0', '', '0', '', '0', '', '0', '', '0', '0', '0', '0', '1', '0', '0', '0', '0', '0', '0000-00-00 00:00:00', '', '0000-00-00 00:00:00', ''),
('CAN-024-001-000-999-0023_CAN-024-001-000-999-0109 ', 'CAN-024-001-000-999-0023', 'CAN-024-001-000-999-0109 ', 1, 6, '', '0', '', '0', '', '0', '', '0', '', '0', '', '0', '', '0', '0', '0', '0', '0', '0', '0', '0', '1', '0', '0000-00-00 00:00:00', '', '0000-00-00 00:00:00', ''),
('CAN-024-001-000-999-0023_CAN-999-999-000-999-1', 'CAN-024-001-000-999-0023', 'CAN-999-999-000-999-1', 1, 2, '', '1', 'participant', '0', '', '0', '', '0', '', '0', '', '0', '', '0', '0', '0', '0', '0', '0', '0', '0', '1', '0', '0000-00-00 00:00:00', '', '0000-00-00 00:00:00', ''),
('CAN-024-001-000-999-0023_CAN-999-999-000-999-2', 'CAN-024-001-000-999-0023', 'CAN-999-999-000-999-2', 1, 3, '', '0', '', '0', '', '0', '', '0', '', '0', '', '0', '', '0', '0', '0', '0', '0', '0', '0', '0', '1', '0', '0000-00-00 00:00:00', '', '0000-00-00 00:00:00', ''),
('CAN-024-001-000-999-0023_CAN-999-999-000-999-34', 'CAN-024-001-000-999-0023', 'CAN-999-999-000-999-34', 1, 4, '', '0', '', '0', '', '0', '', '0', '', '0', '', '0', '', '0', '0', '0', '0', '0', '0', '0', '0', '1', '0', '0000-00-00 00:00:00', '', '0000-00-00 00:00:00', ''),
('CAN-024-001-000-999-0023_CAN-999-999-000-999-38 ', 'CAN-024-001-000-999-0023', 'CAN-999-999-000-999-38 ', 1, 5, '', '0', '', '0', '', '0', '', '0', '', '0', '', '0', '', '0', '0', '0', '0', '0', '0', '0', '0', '1', '0', '0000-00-00 00:00:00', '', '0000-00-00 00:00:00', ''),
('CAN-024-001-000-999-0029_CAN-999-999-000-999-1018', 'CAN-024-001-000-999-0029', 'CAN-999-999-000-999-1018', 0, 7, '', '0', '', '0', '', '0', '', '0', '', '0', '', '0', '', '0', '0', '0', '0', '1', '0', '0', '0', '1', '0', '0000-00-00 00:00:00', '', '0000-00-00 00:00:00', ''),
('CAN-024-001-000-999-0029_CAN-999-999-000-999-1101', 'CAN-024-001-000-999-0029', 'CAN-999-999-000-999-1101', 0, 5, '', '0', '', '0', '', '0', '', '0', '', '0', '', '0', '', '0', '0', '0', '0', '0', '0', '0', '0', '1', '0', '0000-00-00 00:00:00', '', '0000-00-00 00:00:00', ''),
('CAN-024-001-000-999-0029_CAN-999-999-000-999-1102', 'CAN-024-001-000-999-0029', 'CAN-999-999-000-999-1102', 0, 9, '', '0', '', '0', '', '0', '', '0', '', '0', '', '0', '', '0', '0', '0', '0', '1', '0', '0', '0', '1', '0', '0000-00-00 00:00:00', '', '0000-00-00 00:00:00', ''),
('CAN-024-001-000-999-0029_CAN-999-999-000-999-1103', 'CAN-024-001-000-999-0029', 'CAN-999-999-000-999-1103', 0, 10, '', '0', '', '0', '', '0', '', '0', '', '0', '', '0', '', '0', '0', '0', '0', '1', '0', '0', '0', '1', '0', '0000-00-00 00:00:00', '', '0000-00-00 00:00:00', ''),
('CAN-024-001-000-999-0029_CAN-999-999-000-999-1107', 'CAN-024-001-000-999-0029', 'CAN-999-999-000-999-1107', 0, 15, '', '0', '', '0', '', '0', '', '0', '', '0', '', '0', '', '0', '0', '0', '0', '0', '0', '0', '0', '1', '0', '0000-00-00 00:00:00', '', '0000-00-00 00:00:00', ''),
('CAN-024-001-000-999-0029_CAN-999-999-000-999-1108', 'CAN-024-001-000-999-0029', 'CAN-999-999-000-999-1108', 0, 17, '', '0', '', '0', '', '0', '', '0', '', '0', '', '0', '', '0', '0', '0', '0', '0', '0', '0', '0', '1', '0', '0000-00-00 00:00:00', '', '0000-00-00 00:00:00', ''),
('CAN-024-001-000-999-0029_CAN-999-999-000-999-1117', 'CAN-024-001-000-999-0029', 'CAN-999-999-000-999-1117', 0, 13, '', '0', '', '0', '', '0', '', '0', '', '0', '', '0', '', '0', '0', '0', '0', '0', '0', '0', '0', '1', '0', '0000-00-00 00:00:00', '', '0000-00-00 00:00:00', ''),
('CAN-024-001-000-999-0029_CAN-999-999-000-999-1133', 'CAN-024-001-000-999-0029', 'CAN-999-999-000-999-1133', 0, 21, '', '0', '', '0', '', '0', '', '0', '', '0', '', '0', '', '0', '0', '0', '0', '0', '0', '0', '0', '1', '0', '0000-00-00 00:00:00', '', '0000-00-00 00:00:00', ''),
('CAN-024-001-000-999-0029_CAN-999-999-000-999-1154', 'CAN-024-001-000-999-0029', 'CAN-999-999-000-999-1154', 0, 20, '', '0', '', '0', '', '0', '', '0', '', '0', '', '0', '', '0', '0', '0', '0', '0', '0', '0', '0', '1', '0', '0000-00-00 00:00:00', '', '0000-00-00 00:00:00', ''),
('CAN-024-001-000-999-0029_CAN-999-999-000-999-1217', 'CAN-024-001-000-999-0029', 'CAN-999-999-000-999-1217', 0, 11, '', '0', '', '0', '', '0', '', '0', '', '0', '', '0', '', '0', '0', '0', '0', '0', '0', '0', '0', '1', '0', '0000-00-00 00:00:00', '', '0000-00-00 00:00:00', ''),
('CAN-024-001-000-999-0029_CAN-999-999-000-999-35', 'CAN-024-001-000-999-0029', 'CAN-999-999-000-999-35', 0, 0, '', '0', '', '0', '', '0', '', '0', '', '1', 'tool=multiple', '0', '', '0', '0', '0', '0', '1', '0', '0', '0', '1', '0', '0000-00-00 00:00:00', '', '0000-00-00 00:00:00', ''),
('CAN-024-001-000-999-tmp.6_CAN-999-999-000-999-1018', 'CAN-024-001-000-999-tmp.6', 'CAN-999-999-000-999-1018', 0, 7, '', '0', '', '0', '', '0', '', '0', '', '0', '', '0', '', '0', '0', '0', '0', '1', '0', '0', '0', '1', '0', '0000-00-00 00:00:00', '', '0000-00-00 00:00:00', ''),
('CAN-024-001-000-999-tmp.6_CAN-999-999-000-999-1101', 'CAN-024-001-000-999-tmp.6', 'CAN-999-999-000-999-1101', 0, 5, '', '0', '', '0', '', '0', '', '0', '', '0', '', '0', '', '0', '0', '0', '0', '0', '0', '0', '0', '1', '0', '0000-00-00 00:00:00', '', '0000-00-00 00:00:00', ''),
('CAN-024-001-000-999-tmp.6_CAN-999-999-000-999-1102', 'CAN-024-001-000-999-tmp.6', 'CAN-999-999-000-999-1102', 0, 9, '', '0', '', '0', '', '0', '', '0', '', '0', '', '0', '', '0', '0', '0', '0', '1', '0', '0', '0', '1', '0', '0000-00-00 00:00:00', '', '0000-00-00 00:00:00', ''),
('CAN-024-001-000-999-tmp.6_CAN-999-999-000-999-35', 'CAN-024-001-000-999-tmp.6', 'CAN-999-999-000-999-35', 0, 0, '', '0', '', '0', '', '0', '', '0', '', '0', '', '0', '', '0', '0', '0', '0', '0', '0', '0', '0', '1', '0', '0000-00-00 00:00:00', '', '0000-00-00 00:00:00', ''),
('CAN-024-001-000-999-tmp_6_CAN-999-999-000-999-1018', 'CAN-024-001-000-999-tmp_6', 'CAN-999-999-000-999-1018', 0, 7, '', '0', '', '0', '', '0', '', '0', '', '0', '', '0', '', '0', '0', '0', '0', '1', '0', '0', '0', '1', '0', '0000-00-00 00:00:00', '', '0000-00-00 00:00:00', ''),
('CAN-024-001-000-999-tmp_6_CAN-999-999-000-999-1101', 'CAN-024-001-000-999-tmp_6', 'CAN-999-999-000-999-1101', 0, 5, '', '0', '', '0', '', '0', '', '0', '', '0', '', '0', '', '0', '0', '0', '0', '0', '0', '0', '0', '1', '0', '0000-00-00 00:00:00', '', '0000-00-00 00:00:00', ''),
('CAN-024-001-000-999-tmp_6_CAN-999-999-000-999-1102', 'CAN-024-001-000-999-tmp_6', 'CAN-999-999-000-999-1102', 0, 9, '', '0', '', '0', '', '0', '', '0', '', '0', '', '0', '', '0', '0', '0', '0', '1', '0', '0', '0', '1', '0', '0000-00-00 00:00:00', '', '0000-00-00 00:00:00', ''),
('CAN-024-001-000-999-tmp_6_CAN-999-999-000-999-35', 'CAN-024-001-000-999-tmp_6', 'CAN-999-999-000-999-35', 0, 0, '', '0', '', '0', '', '0', '', '0', '', '0', '', '0', '', '0', '0', '0', '0', '0', '0', '0', '0', '1', '0', '0000-00-00 00:00:00', '', '0000-00-00 00:00:00', ''),
('CAN-024-001-000-999-tmp_CAN-999-999-000-999-1018', 'CAN-024-001-000-999-tmp', 'CAN-999-999-000-999-1018', 0, 7, '', '0', '', '0', '', '0', '', '0', '', '0', '', '0', '', '0', '0', '0', '0', '1', '0', '0', '0', '1', '0', '0000-00-00 00:00:00', '', '0000-00-00 00:00:00', ''),
('CAN-024-001-000-999-tmp_CAN-999-999-000-999-1101', 'CAN-024-001-000-999-tmp', 'CAN-999-999-000-999-1101', 0, 5, '', '0', '', '0', '', '0', '', '0', '', '0', '', '0', '', '0', '0', '0', '0', '0', '0', '0', '0', '1', '0', '0000-00-00 00:00:00', '', '0000-00-00 00:00:00', ''),
('CAN-024-001-000-999-tmp_CAN-999-999-000-999-1102', 'CAN-024-001-000-999-tmp', 'CAN-999-999-000-999-1102', 0, 9, '', '0', '', '0', '', '0', '', '0', '', '0', '', '0', '', '0', '0', '0', '0', '1', '0', '0', '0', '1', '0', '0000-00-00 00:00:00', '', '0000-00-00 00:00:00', '');

UPDATE `form_formats` SET `flag_search` = 1 WHERE `field_id` = 'CAN-999-999-000-999-300';
UPDATE `form_formats` SET `flag_search` = 1 WHERE `field_id` = 'CAN-999-999-000-999-302';
UPDATE `form_formats` SET `flag_search` = 1 WHERE `field_id` = 'CAN-999-999-000-999-304';
UPDATE `form_formats` SET `flag_search` = 1 WHERE `field_id` = 'CAN-999-999-000-999-305';
UPDATE `form_formats` SET `flag_search` = 1 WHERE `field_id` = 'AAA-000-000-000-000-32';
UPDATE `form_formats` SET `flag_search` = 1 WHERE `field_id` = 'AAA-000-000-000-000-60';

CREATE TABLE `structures` (
  `id` int(11) NOT NULL auto_increment,
  `old_id` varchar(255) collate utf8_unicode_ci NOT NULL default 0,
  `alias` varchar(255) character set latin1 NOT NULL default '',
  `language_title` text character set latin1 NOT NULL,
  `language_help` text character set latin1 NOT NULL,
  `flag_add_columns` set('0','1') collate utf8_unicode_ci NOT NULL default '0',
  `flag_edit_columns` set('0','1') collate utf8_unicode_ci NOT NULL default '0',
  `flag_search_columns` set('0','1') collate utf8_unicode_ci NOT NULL default '0',
  `flag_detail_columns` set('0','1') collate utf8_unicode_ci NOT NULL default '0',
  `created` datetime NOT NULL default '0000-00-00 00:00:00',
  `created_by` varchar(255) character set latin1 NOT NULL default '',
  `modified` datetime NOT NULL default '0000-00-00 00:00:00',
  `modified_by` varchar(255) character set latin1 NOT NULL default '',
  PRIMARY KEY  (`id`)
) ENGINE=MyISAM  DEFAULT CHARSET=latin1 COLLATE=latin1_swedish_ci;

CREATE TABLE `structure_validations` (
  `id` int(11) NOT NULL auto_increment,
  `old_id` varchar(255) character set latin1 NOT NULL default '0',
  `structure_field_id` INT(11) NOT NULL default 0,
  `structure_field_old_id` varchar(255) character set latin1 NOT NULL default '0',
  `rule` text character set latin1 NOT NULL,
  `flag_empty` set('0','1') collate utf8_unicode_ci NOT NULL default '0',
  `flag_required` set('0','1') collate utf8_unicode_ci NOT NULL default '0',
  `on_action` varchar(255) collate utf8_unicode_ci NOT NULL,
  `language_message` text character set latin1 NOT NULL,
  `created` datetime NOT NULL default '0000-00-00 00:00:00',
  `created_by` varchar(255) character set latin1 NOT NULL default '',
  `modified` datetime NOT NULL default '0000-00-00 00:00:00',
  `modifed_by` varchar(255) character set latin1 NOT NULL default '',
  PRIMARY KEY  (`id`)
) ENGINE=MyISAM  DEFAULT CHARSET=latin1 COLLATE=latin1_swedish_ci;

INSERT INTO `forms` (`id`, `alias`, `language_title`, `language_help`, `flag_add_columns`, `flag_edit_columns`, `flag_search_columns`, `flag_detail_columns`, `created`, `created_by`, `modified`, `modified_by`) VALUES
('CAN-024-001-000-999-0022', 'new_bank_participant_search', '', '', '0', '0', '0', '1', '0000-00-00 00:00:00', '', '0000-00-00 00:00:00', ''),
('CAN-024-001-000-999-0023', 'new_bank_participant_result', '', '', '0', '0', '0', '1', '0000-00-00 00:00:00', '', '0000-00-00 00:00:00', ''),
('CAN-024-001-000-999-0029', 'available_bank_participants_aliquots', '', '', '0', '0', '0', '1', '0000-00-00 00:00:00', '', '0000-00-00 00:00:00', ''),
('CAN-024-001-000-999-tmp', 'available_aliquots_tmp', '', '', '0', '0', '0', '1', '0000-00-00 00:00:00', '', '0000-00-00 00:00:00', ''),
('CAN-024-001-000-999-tmp.6', 'available_aliquots_tmp.6', '', '', '0', '0', '0', '1', '0000-00-00 00:00:00', '', '0000-00-00 00:00:00', ''),
('CAN-024-001-000-999-tmp_6', 'available_aliquots_tmp_6', '', '', '0', '0', '0', '1', '0000-00-00 00:00:00', '', '0000-00-00 00:00:00', '');


CREATE TABLE `structure_permissible_values` (
  `id` int(11) NOT NULL auto_increment,
  `value` varchar(255) collate utf8_unicode_ci NOT NULL,
  `language_alias` varchar(255) collate utf8_unicode_ci NOT NULL,
  PRIMARY KEY  (`id`)
) ENGINE=MyISAM DEFAULT CHARSET=utf8 COLLATE=utf8_unicode_ci;

CREATE TABLE `structure_value_domains` (
  `id` int(11) NOT NULL auto_increment,
  `domain_name` varchar(255) collate utf8_unicode_ci default NULL,
  `override` set('extend','locked','open') collate utf8_unicode_ci NOT NULL default 'open',
  `category` varchar(255) collate utf8_unicode_ci NOT NULL,
  PRIMARY KEY  (`id`)
) ENGINE=MyISAM DEFAULT CHARSET=utf8 COLLATE=utf8_unicode_ci ;

CREATE TABLE `structure_value_domains_permissible_values` (
  `id` int(11) NOT NULL auto_increment,
  `structure_value_domain_id` varchar(255) collate utf8_unicode_ci NOT NULL,
  `structure_permissible_value_id` varchar(255) collate utf8_unicode_ci NOT NULL,
  `display_order` int(11) NOT NULL default '0',
  `active` set('yes','no') collate utf8_unicode_ci NOT NULL default 'yes',
  PRIMARY KEY  (`id`)
) ENGINE=MyISAM DEFAULT CHARSET=utf8 COLLATE=utf8_unicode_ci;

CREATE TABLE `versions` (
  `id` int(11) NOT NULL AUTO_INCREMENT,
  `version_number` VARCHAR(255) NOT NULL,
  `date_installed` TIMESTAMP NOT NULL default CURRENT_TIMESTAMP,
  `status` VARCHAR(45) NOT NULL,
  `created` datetime NOT NULL default '0000-00-00 00:00:00',
  `created_by` varchar(50) default NULL,
  `modified` datetime NOT NULL default '0000-00-00 00:00:00',
  `modified_by` varchar(50) default NULL,
  PRIMARY KEY (`id`)
) ENGINE=INNODB DEFAULT CHARSET=latin1;

ALTER TABLE `users` CHANGE COLUMN `passwd` `password` CHAR(40);

UPDATE `forms` SET alias = 'treatmentmasters' WHERE alias = 'tx_masters';
UPDATE `forms` SET `alias` = 'protocolmasters' WHERE `alias` = 'protocol_masters';

-- Creates a new menus table

DROP TABLE IF EXISTS `menus`;
CREATE TABLE `menus` (
  `id` varchar(255) NOT NULL DEFAULT '',
  `parent_id` varchar(255) DEFAULT NULL,
  `is_root` tinyint(4) DEFAULT NULL,
  `display_order` int(11) NOT NULL DEFAULT '0',
  `language_title` text NOT NULL,
  `language_description` text,
  `use_link` varchar(255) NOT NULL DEFAULT '',
  `use_params` varchar(255) NOT NULL,
  `use_summary` varchar(255) NOT NULL,
  `active` varchar(255) NOT NULL DEFAULT 'yes',
  `created` datetime NOT NULL DEFAULT '0000-00-00 00:00:00',
  `created_by` varchar(255) NOT NULL DEFAULT '',
  `modified` datetime NOT NULL DEFAULT '0000-00-00 00:00:00',
  `modified_by` varchar(255) NOT NULL DEFAULT '',
  PRIMARY KEY (`id`)
) ENGINE=InnoDB DEFAULT CHARSET=latin1;

INSERT INTO `menus` (`id`, `parent_id`, `is_root`, `display_order`, `language_title`, `language_description`, `use_link`, `use_params`, `use_summary`, `active`, `created`, `created_by`, `modified`, `modified_by`) VALUES ('15', '3', 0, 5, 'path_collection_reviews', 'path_collection_reviews', '/unknown/', '', '', 'yes', '0000-00-00 00:00:00', '', '0000-00-00 00:00:00', ''),
('20', '11', 0, 99, 'consent', 'consent', '/under_development/', '', '', 'yes', '0000-00-00 00:00:00', '', '0000-00-00 00:00:00', ''),
('23', '3', 0, 3, 'review', 'review', '/unknow/', '', '', 'yes', '0000-00-00 00:00:00', '', '0000-00-00 00:00:00', ''),
('44', '18', 0, 1, 'aliquot detail', 'aliquot detail', '/inventorymanagement/aliquots/detail/', '', '', 'yes', '0000-00-00 00:00:00', '', '0000-00-00 00:00:00', ''),
('53', '18', 0, 10, 'aliquot annotation', 'aliquot annotation', '/under_development/', '', '', 'yes', '0000-00-00 00:00:00', '', '0000-00-00 00:00:00', ''),
('56', '3', 0, 10, 'participant', 'participant', '/under_development/', '', '', 'yes', '0000-00-00 00:00:00', '', '0000-00-00 00:00:00', ''),
('70', '55', 0, 0, 'storage', 'storage', '/underdev/', '', '', 'yes', '0000-00-00 00:00:00', '', '0000-00-00 00:00:00', ''),
('71', '55', 0, 0, 'shelf', 'shelf', '/inventorymanagement/shelves/listall/', '', '', 'yes', '0000-00-00 00:00:00', '', '0000-00-00 00:00:00', ''),
('72', '55', 0, 0, 'tower', 'tower', '/inventorymanagement/towers/listall/', '', '', 'yes', '0000-00-00 00:00:00', '', '0000-00-00 00:00:00', ''),
('73', '55', 0, 0, 'box', 'box', '/inventorymanagement/boxes/listall/', '', '', 'yes', '0000-00-00 00:00:00', '', '0000-00-00 00:00:00', ''),
('74', '70', 0, 0, 'storage detail', 'storage detail', '/underdev/', '', '', 'yes', '0000-00-00 00:00:00', '', '0000-00-00 00:00:00', ''),
('clin_CAN_1', 'MAIN_MENU_1', 1, 2, 'clinical annotation', 'clinical annotation', '/clinicalannotation/participants/index/', '', '', 'yes', '0000-00-00 00:00:00', '', '0000-00-00 00:00:00', ''),
('clin_CAN_10', 'clin_CAN_1', 0, 5, 'family history', 'family history', '/clinicalannotation/family_histories/listall/%%Participant.id%%', '', 'Clinicalannotation.Participant::summary', 'yes', '0000-00-00 00:00:00', '', '0000-00-00 00:00:00', ''),
('clin_CAN_24', 'clin_CAN_1', 0, 6, 'identification', 'identification', '/clinicalannotation/misc_identifiers/listall/%%Participant.id%%', '', 'Clinicalannotation.Participant::summary', 'yes', '0000-00-00 00:00:00', '', '0000-00-00 00:00:00', ''),
('clin_CAN_25', 'clin_CAN_1', 0, 8, 'message', 'message', '/clinicalannotation/participant_messages/listall/%%Participant.id%%', '', 'Clinicalannotation.Participant::summary', 'yes', '0000-00-00 00:00:00', '', '0000-00-00 00:00:00', ''),
('clin_CAN_26', 'clin_CAN_1', 0, 3, 'contact', 'contact', '/clinicalannotation/participant_contacts/listall/%%Participant.id%%', '', 'Clinicalannotation.Participant::summary', 'yes', '0000-00-00 00:00:00', '', '0000-00-00 00:00:00', ''),
('clin_CAN_27', 'clin_CAN_4', 0, 6, 'screening', 'screening', '/clinicalannotation/event_masters/listall/screening/%%Participant.id%%', '', 'Clinicalannotation.EventControl::summary', 'yes', '0000-00-00 00:00:00', '', '0000-00-00 00:00:00', ''),
('clin_CAN_28', 'clin_CAN_4', 0, 3, 'lab', 'lab', '/clinicalannotation/event_masters/listall/lab/%%Participant.id%%', '', 'Clinicalannotation.EventControl::summary', 'yes', '0000-00-00 00:00:00', '', '0000-00-00 00:00:00', ''),
('clin_CAN_30', 'clin_CAN_4', 0, 4, 'lifestyle', 'lifestyle', '/clinicalannotation/event_masters/listall/lifestyle/%%Participant.id%%', '', 'Clinicalannotation.EventControl::summary', 'yes', '0000-00-00 00:00:00', '', '0000-00-00 00:00:00', ''),
('clin_CAN_31', 'clin_CAN_4', 0, 2, 'clinical', 'clinical', '/clinicalannotation/event_masters/listall/clinical/%%Participant.id%%', '', 'Clinicalannotation.EventControl::summary', 'yes', '0000-00-00 00:00:00', '', '0000-00-00 00:00:00', ''),
('clin_CAN_32', 'clin_CAN_4', 0, 1, 'adverse events', 'adverse events', '/clinicalannotation/event_masters/listall/adverse_events/%%Participant.id%%', '', 'Clinicalannotation.EventControl::summary', 'yes', '0000-00-00 00:00:00', '', '0000-00-00 00:00:00', ''),
('clin_CAN_33', 'clin_CAN_4', 0, 7, 'clin_study', 'clin_study', '/clinicalannotation/event_masters/listall/study/%%Participant.id%%', '', 'Clinicalannotation.EventControl::summary', 'yes', '0000-00-00 00:00:00', '', '0000-00-00 00:00:00', ''),
('clin_CAN_34', 'MAIN_MENU_1', 1, 7, 'batch entry', 'batch entry', '/underdevelopment/', '', '', 'yes', '0000-00-00 00:00:00', '', '0000-00-00 00:00:00', ''),
('clin_CAN_4', 'clin_CAN_1', 0, 1, 'annotation', 'annotation', '/clinicalannotation/event_masters/listall/adverse_events/%%Participant.id%%', '', 'Clinicalannotation.Participant::summary', 'yes', '0000-00-00 00:00:00', '', '0000-00-00 00:00:00', ''),
('clin_CAN_5', 'clin_CAN_1', 0, 4, 'diagnosis', 'diagnosis', '/clinicalannotation/diagnoses/listall/%%Participant.id%%', '', 'Clinicalannotation.Participant::summary', 'yes', '0000-00-00 00:00:00', '', '0000-00-00 00:00:00', ''),
('clin_CAN_57', 'clin_CAN_1', 0, 11, 'samples list', 'samples list', '/clinicalannotation/sample_masters/listall/%%Participant.id%%', '', 'Clinicalannotation.Participant::summary', 'yes', '0000-00-00 00:00:00', '', '0000-00-00 00:00:00', ''),
('clin_CAN_6', 'clin_CAN_1', 0, 9, 'profile', 'profile', '/clinicalannotation/participants/profile/%%Participant.id%%', '', 'Clinicalannotation.Participant::summary', 'yes', '0000-00-00 00:00:00', '', '0000-00-00 00:00:00', ''),
('clin_CAN_67', 'clin_CAN_1', 0, 7, 'link to collection', 'link to collection', '/clinicalannotation/clinical_collection_links/listall/%%Participant.id%%', '', 'Clinicalannotation.Participant::summary', 'yes', '0000-00-00 00:00:00', '', '0000-00-00 00:00:00', ''),
('clin_CAN_68', 'clin_CAN_1', 0, 10, 'reproductive history', 'reproductive history', '/clinicalannotation/reproductive_histories/listall/%%Participant.id%%', '', 'Clinicalannotation.Participant::summary', 'yes', '0000-00-00 00:00:00', '', '0000-00-00 00:00:00', ''),
('clin_CAN_69', 'clin_CAN_4', 0, 5, 'protocol', 'protocol', '/clinicalannotation/event_masters/listall/protocol/%%Participant.id%%', '', 'Clinicalannotation.EventControl::summary', 'yes', '0000-00-00 00:00:00', '', '0000-00-00 00:00:00', ''),
('clin_CAN_75', 'clin_CAN_1', 0, 12, 'treatment', 'treatment', '/clinicalannotation/treatment_masters/listall/%%Participant.id%%', '', 'Clinicalannotation.Participant::summary', 'yes', '0000-00-00 00:00:00', '', '0000-00-00 00:00:00', ''),
('clin_CAN_79', 'clin_CAN_75', 0, 1, 'treatment detail', 'treatment detail', '/clinicalannotation/treatment_masters/detail/%%Participant.id%%/%%TreatmentMaster.id%%', '', '', 'yes', '0000-00-00 00:00:00', '', '0000-00-00 00:00:00', ''),
('clin_CAN_80', 'clin_CAN_75', 0, 2, 'treatment extend', 'treatment extend', '/clinicalannotation/treatment_extends/listall/%%Participant.id%%/%%TreatmentMaster.id%%', '', '', 'yes', '0000-00-00 00:00:00', '', '0000-00-00 00:00:00', ''),
('clin_CAN_9', 'clin_CAN_1', 0, 2, 'consent', 'consent', '/clinicalannotation/consents/listall/%%Participant.id%%', '', 'Clinicalannotation.Participant::summary', 'yes', '0000-00-00 00:00:00', '', '0000-00-00 00:00:00', ''),
('core_CAN_33', 'MAIN_MENU_1', 1, 6, 'core_tools', 'core_tools', '/menus/tools/', '', '', 'yes', '0000-00-00 00:00:00', '', '0000-00-00 00:00:00', ''),
('core_CAN_41', 'core_CAN_33', 1, 1, 'core_administrate', 'core_administrate', '/administrate/banks', '', '', 'yes', '0000-00-00 00:00:00', '', '0000-00-00 00:00:00', ''),
('core_CAN_42', '0', 1, 5, 'core_customize', 'core_customize', '/customize/profiles/', '', '', 'yes', '0000-00-00 00:00:00', '', '0000-00-00 00:00:00', ''),
('core_CAN_70', 'core_CAN_41', 0, 1, 'xApplication', 'xApplication', '/under/development/', '', '', 'yes', '0000-00-00 00:00:00', '', '0000-00-00 00:00:00', ''),
('core_CAN_71', 'core_CAN_41', 0, 2, 'xMenus', 'xMenus', '/administrate/menus/index/', '', '', 'yes', '0000-00-00 00:00:00', '', '0000-00-00 00:00:00', ''),
('core_CAN_72', 'core_CAN_41', 0, 3, 'xForms', 'xForms', '/administrate/structures/index/', '', '', 'yes', '0000-00-00 00:00:00', '', '0000-00-00 00:00:00', ''),
('core_CAN_73', 'core_CAN_41', 0, 4, 'xBanks', 'xBanks', '/administrate/banks/index', '', '', 'yes', '0000-00-00 00:00:00', '', '0000-00-00 00:00:00', ''),
('core_CAN_74', 'core_CAN_73', 0, 1, 'core_detail', 'core_detail', '/administrate/banks/detail/%%Bank.id%%', '', 'Bank::summary', 'yes', '0000-00-00 00:00:00', '', '0000-00-00 00:00:00', ''),
('core_CAN_75', 'core_CAN_72', 0, 0, 'core_detail', 'core_detail', '/administrate/structures/detail/%%Structure.id%%', '', 'Structure::summary', 'yes', '0000-00-00 00:00:00', '', '0000-00-00 00:00:00', ''),
('core_CAN_76', 'core_CAN_72', 0, 1, 'xFields', 'xFields', '/administrate/structure_formats/listall/%%Structure.id%%', '', 'Structure::summary', 'yes', '0000-00-00 00:00:00', '', '0000-00-00 00:00:00', ''),
('core_CAN_84', 'core_CAN_42', 0, 3, 'core_myprofile', 'core_myprofile', '/customize/profiles/index/', '', '', 'yes', '0000-00-00 00:00:00', '', '0000-00-00 00:00:00', ''),
('core_CAN_85', 'core_CAN_42', 0, 4, 'core_myprefs', 'core_myprefs', '/customize/preferences/index/', '', '', 'yes', '0000-00-00 00:00:00', '', '0000-00-00 00:00:00', ''),
('core_CAN_86', 'core_CAN_73', 0, 2, 'core_groups', 'core_groups', '/administrate/groups/index/%%Bank.id%%', '', 'Bank::summary', 'yes', '0000-00-00 00:00:00', '', '0000-00-00 00:00:00', ''),
('core_CAN_87', 'core_CAN_86', 0, 1, 'core_detail', 'core_detail', '/administrate/groups/detail/%%Bank.id%%/%%Group.id%%', '', 'Group::summary', 'yes', '0000-00-00 00:00:00', '', '0000-00-00 00:00:00', ''),
('core_CAN_88', 'core_CAN_86', 0, 1, 'core_permissions', 'core_permissions', '/administrate/permissions/listall/', '', 'Group::summary', 'yes', '0000-00-00 00:00:00', '', '0000-00-00 00:00:00', ''),
('core_CAN_89', 'core_CAN_86', 0, 1, 'core_users', 'core_users', '/administrate/users/listall/%%Bank.id%%/%%Group.id%%', '', 'Group::summary', 'yes', '0000-00-00 00:00:00', '', '0000-00-00 00:00:00', ''),
('core_CAN_90', 'core_CAN_89', 0, 1, 'core_prefs', 'core_prefs', '/administrate/preferences/index/%%Bank.id%%/%%Group.id%%/%%User.id%%', '', 'User::summary', 'yes', '0000-00-00 00:00:00', '', '0000-00-00 00:00:00', ''),
('core_CAN_91', 'core_CAN_89', 0, 0, 'core_profile', 'core_profile', '/administrate/users/detail/%%Bank.id%%/%%Group.id%%/%%User.id%%', '', 'User::summary', 'yes', '0000-00-00 00:00:00', '', '0000-00-00 00:00:00', ''),
('core_CAN_93', 'core_CAN_42', 0, 5, 'core_mypasswd', 'core_mypasswd', '/customize/passwords/index/', '', '', 'yes', '0000-00-00 00:00:00', '', '0000-00-00 00:00:00', ''),
('core_CAN_94', 'core_CAN_89', 0, 2, 'core_passwd', 'core_passwd', '/administrate/passwords/index/', '', 'User::summary', 'yes', '0000-00-00 00:00:00', '', '0000-00-00 00:00:00', ''),
('core_CAN_95', 'core_CAN_89', 0, 3, 'core_userlogs', 'core_userlogs', '/administrate/user_logs/index/%%Bank.id%%/%%Group.id%%/%%User.id%%', '', 'User::summary', 'yes', '0000-00-00 00:00:00', '', '0000-00-00 00:00:00', ''),
('core_CAN_96', 'core_CAN_73', 0, 3, 'core_announcements', 'core_announcements', '/administrate/announcements/index/%%Bank.id%%', '', 'Bank::summary', 'yes', '0000-00-00 00:00:00', '', '0000-00-00 00:00:00', ''),
('core_CAN_97', 'core_CAN_42', 0, 1, 'core_announcements', 'core_announcements', '/customize/announcements/index/', '', '', 'yes', '0000-00-00 00:00:00', '', '0000-00-00 00:00:00', ''),
('core_CAN_98', 'core_CAN_86', 0, 1, 'core_announcements', 'core_announcements', '/administrate/announcements/index/', '', 'Group::summary', 'yes', '0000-00-00 00:00:00', '', '0000-00-00 00:00:00', ''),
('core_CAN_99', 'core_CAN_89', 0, 5, 'core_messages', 'core_messages', '/administrate/announcements/index/', '', 'User::summary', 'yes', '0000-00-00 00:00:00', '', '0000-00-00 00:00:00', ''),
('drug_CAN_96', 'core_CAN_33', 1, 2, 'drug administration', 'drug administration', '/drug/drugs/index/', '', '', 'yes', '0000-00-00 00:00:00', '', '0000-00-00 00:00:00', ''),
('drug_CAN_97', 'drug_CAN_96', 0, 1, 'details', 'details', '/drug/drugs/detail/', '', 'Drug.Drug::summary', 'yes', '0000-00-00 00:00:00', '', '0000-00-00 00:00:00', ''),
('inv_CAN_00', 'MAIN_MENU_1', 1, 3, 'inventory management', 'inventory management', '/inventorymanagement/collections/index/', '', '', 'yes', '0000-00-00 00:00:00', '', '0000-00-00 00:00:00', ''),
('inv_CAN_10', 'inv_CAN_00', 0, 2, 'collection samples', 'collection samples', '/inventorymanagement/sample_masters/tree/%%Collection.id%%', '', 'Inventorymanagement.Collection::summary', 'yes', '0000-00-00 00:00:00', '', '0000-00-00 00:00:00', ''),
('inv_CAN_11', 'inv_CAN_00', 1, 1, 'collection', 'collection', '/inventorymanagement/collections/detail/%%Collection.id%%', '', 'Inventorymanagement.Collection::summary', 'yes', '0000-00-00 00:00:00', '', '0000-00-00 00:00:00', ''),
('inv_CAN_15', 'inv_CAN_00', 0, 3, 'path collection review', 'path collection review', '/inventorymanagement/path_collection_reviews/listall/%%Collection.id%%', '', 'Inventorymanagement.PathCollectionReview::summary', 'yes', '0000-00-00 00:00:00', '', '0000-00-00 00:00:00', ''),
('inv_CAN_21', 'inv_CAN_10', 0, 1, 'collection sample tree view', NULL, '/inventorymanagement/sample_masters/tree/', '', '', 'yes', '0000-00-00 00:00:00', '', '0000-00-00 00:00:00', ''),
('inv_CAN_22-1', 'inv_CAN_10', 0, 3, 'ascite col grp', NULL, '/inventorymanagement/sample_masters/listall/inv_CAN_22-1/ascite/specimen/', '', '', 'yes', '0000-00-00 00:00:00', '', '0000-00-00 00:00:00', ''),
('inv_CAN_22-1-der_al', 'inv_CAN_22-1-sa_der', 0, 3, 'derivative aliquots', NULL, '/inventorymanagement/aliquot_masters/listAllSampleAliquots/inv_CAN_22-1/ascite/derivative/', '', '', 'yes', '0000-00-00 00:00:00', '', '0000-00-00 00:00:00', ''),
('inv_CAN_22-1-der_al_de', 'inv_CAN_22-1-der_al', 0, 1, 'aliquot details', NULL, '/inventorymanagement/aliquot_masters/detailAliquot/inv_CAN_22-1/ascite/derivative/', '', '', 'yes', '0000-00-00 00:00:00', '', '0000-00-00 00:00:00', ''),
('inv_CAN_22-1-der_al_re', 'inv_CAN_22-1-der_al', 0, 3, 'realiquoted parent', NULL, '/inventorymanagement/aliquot_masters/listRealiquotedParents/inv_CAN_22-1/tissue/derivative/', '', '', 'yes', '0000-00-00 00:00:00', '', '0000-00-00 00:00:00', ''),
('inv_CAN_22-1-der_al_us', 'inv_CAN_22-1-der_al', 0, 2, 'use', NULL, '/inventorymanagement/aliquot_masters/listAliquotUses/inv_CAN_22-1/ascite/derivative/', '', '', 'yes', '0000-00-00 00:00:00', '', '0000-00-00 00:00:00', ''),
('inv_CAN_22-1-der_de', 'inv_CAN_22-1-sa_der', 0, 1, 'derivative details', NULL, '/inventorymanagement/sample_masters/detail/inv_CAN_22-1/ascite/derivative/', '', '', 'yes', '0000-00-00 00:00:00', '', '0000-00-00 00:00:00', ''),
('inv_CAN_22-1-der_qc', 'inv_CAN_22-1-sa_der', 0, 6, 'derivative quality controls', NULL, '/inventorymanagement/quality_controls/listAllQualityControls/inv_CAN_22-1/ascite/derivative/', '', '', 'yes', '0000-00-00 00:00:00', '', '0000-00-00 00:00:00', ''),
('inv_CAN_22-1-der_qc_al', 'inv_CAN_22-1-der_qc', 0, 3, 'qc_tested_aliquots', NULL, '/inventorymanagement/quality_controls/listTestedAliquots/inv_CAN_22-1/tissue/derivative/', '', '', 'yes', '0000-00-00 00:00:00', '', '0000-00-00 00:00:00', ''),
('inv_CAN_22-1-der_qc_de', 'inv_CAN_22-1-der_qc', 0, 2, 'qc_details', NULL, '/inventorymanagement/quality_controls/detail/inv_CAN_22-105/tissue/derivative/', '', '', 'yes', '0000-00-00 00:00:00', '', '0000-00-00 00:00:00', ''),
('inv_CAN_22-1-der_rev', 'inv_CAN_22-1-sa_der', 0, 6, 'derivative reviews', NULL, '/unknown/', '', '', 'yes', '0000-00-00 00:00:00', '', '0000-00-00 00:00:00', ''),
('inv_CAN_22-1-der_so_al', 'inv_CAN_22-1-sa_der', 0, 2, 'parent aliquots', NULL, '/inventorymanagement/aliquot_masters/listSourceAliquots/inv_CAN_22-1/ascite/derivative/', '', '', 'yes', '0000-00-00 00:00:00', '', '0000-00-00 00:00:00', ''),
('inv_CAN_22-1-sa_al', 'inv_CAN_22-1', 0, 3, 'sample aliquots', NULL, '/inventorymanagement/aliquot_masters/listAllSampleAliquots/inv_CAN_22-1/ascite/specimen/', '', '', 'yes', '0000-00-00 00:00:00', '', '0000-00-00 00:00:00', ''),
('inv_CAN_22-1-sa_al_de', 'inv_CAN_22-1-sa_al', 0, 1, 'aliquot details', NULL, '/inventorymanagement/aliquot_masters/detailAliquot/inv_CAN_22-1/ascite/specimen/', '', '', 'yes', '0000-00-00 00:00:00', '', '0000-00-00 00:00:00', ''),
('inv_CAN_22-1-sa_al_re', 'inv_CAN_22-1-sa_al', 0, 3, 'realiquoted parent', NULL, '/inventorymanagement/aliquot_masters/listRealiquotedParents/inv_CAN_22-1/tissue/specimen/', '', '', 'yes', '0000-00-00 00:00:00', '', '0000-00-00 00:00:00', ''),
('inv_CAN_22-1-sa_al_us', 'inv_CAN_22-1-sa_al', 0, 2, 'use', NULL, '/inventorymanagement/aliquot_masters/listAliquotUses/inv_CAN_22-1/ascite/specimen/', '', '', 'yes', '0000-00-00 00:00:00', '', '0000-00-00 00:00:00', ''),
('inv_CAN_22-1-sa_de', 'inv_CAN_22-1', 0, 1, 'sample details', NULL, '/inventorymanagement/sample_masters/detail/inv_CAN_22-1/ascite/specimen/', '', '', 'yes', '0000-00-00 00:00:00', '', '0000-00-00 00:00:00', ''),
('inv_CAN_22-1-sa_der', 'inv_CAN_22-1', 0, 4, 'sample derivatives', NULL, '/inventorymanagement/sample_masters/listall/inv_CAN_22-1/ascite/derivative/', '', '', 'yes', '0000-00-00 00:00:00', '', '0000-00-00 00:00:00', ''),
('inv_CAN_22-1-sa_qc', 'inv_CAN_22-1', 0, 6, 'sample quality controls', NULL, '/inventorymanagement/quality_controls/listAllQualityControls/inv_CAN_22-1/ascite/specimen/', '', '', 'yes', '0000-00-00 00:00:00', '', '0000-00-00 00:00:00', ''),
('inv_CAN_22-1-sa_qc_al', 'inv_CAN_22-1-sa_qc', 0, 3, 'qc_tested_aliquots', NULL, '/inventorymanagement/quality_controls/listTestedAliquots/inv_CAN_22-1/tissue/specimen/', '', '', 'yes', '0000-00-00 00:00:00', '', '0000-00-00 00:00:00', ''),
('inv_CAN_22-1-sa_qc_de', 'inv_CAN_22-1-sa_qc', 0, 2, 'qc_details', NULL, '/inventorymanagement/quality_controls/detail/inv_CAN_22-1/tissue/specimen/', '', '', 'yes', '0000-00-00 00:00:00', '', '0000-00-00 00:00:00', ''),
('inv_CAN_22-1-sa_rev', 'inv_CAN_22-1', 0, 6, 'sample reviews', NULL, '/unknown/', '', '', 'yes', '0000-00-00 00:00:00', '', '0000-00-00 00:00:00', ''),
('inv_CAN_22-103', 'inv_CAN_10', 0, 3, 'peritoneal wash col grp', NULL, '/inventorymanagement/sample_masters/listall/inv_CAN_22-103/peritoneal wash/specimen/', '', '', 'yes', '0000-00-00 00:00:00', '', '0000-00-00 00:00:00', ''),
('inv_CAN_22-103-der_al', 'inv_CAN_22-103-sa_der', 0, 3, 'derivative aliquots', NULL, '/inventorymanagement/aliquot_masters/listAllSampleAliquots/inv_CAN_22-103/peritoneal wash/derivative/', '', '', 'yes', '0000-00-00 00:00:00', '', '0000-00-00 00:00:00', ''),
('inv_CAN_22-103-der_al_de', 'inv_CAN_22-103-der_al', 0, 1, 'aliquot details', NULL, '/inventorymanagement/aliquot_masters/detailAliquot/inv_CAN_22-103/peritoneal wash/derivative/', '', '', 'yes', '0000-00-00 00:00:00', '', '0000-00-00 00:00:00', ''),
('inv_CAN_22-103-der_al_re', 'inv_CAN_22-103-der_al', 0, 3, 'realiquoted parent', NULL, '/inventorymanagement/aliquot_masters/listRealiquotedParents/inv_CAN_22-103/tissue/derivative/', '', '', 'yes', '0000-00-00 00:00:00', '', '0000-00-00 00:00:00', ''),
('inv_CAN_22-103-der_al_us', 'inv_CAN_22-103-der_al', 0, 2, 'use', NULL, '/inventorymanagement/aliquot_masters/listAliquotUses/inv_CAN_22-103/peritoneal wash/derivative/', '', '', 'yes', '0000-00-00 00:00:00', '', '0000-00-00 00:00:00', ''),
('inv_CAN_22-103-der_de', 'inv_CAN_22-103-sa_der', 0, 1, 'derivative details', NULL, '/inventorymanagement/sample_masters/detail/inv_CAN_22-103/peritoneal wash/derivative/', '', '', 'yes', '0000-00-00 00:00:00', '', '0000-00-00 00:00:00', ''),
('inv_CAN_22-103-der_qc', 'inv_CAN_22-103-sa_der', 0, 6, 'derivative quality controls', NULL, '/inventorymanagement/quality_controls/listAllQualityControls/inv_CAN_22-103/peritoneal wash/derivative/', '', '', 'yes', '0000-00-00 00:00:00', '', '0000-00-00 00:00:00', ''),
('inv_CAN_22-103-der_qc_al', 'inv_CAN_22-103-der_qc', 0, 3, 'qc_tested_aliquots', NULL, '/inventorymanagement/quality_controls/listTestedAliquots/inv_CAN_22-103/tissue/derivative/', '', '', 'yes', '0000-00-00 00:00:00', '', '0000-00-00 00:00:00', ''),
('inv_CAN_22-103-der_qc_de', 'inv_CAN_22-103-der_qc', 0, 2, 'qc_details', NULL, '/inventorymanagement/quality_controls/detail/inv_CAN_22-105/tissue/derivative/', '', '', 'yes', '0000-00-00 00:00:00', '', '0000-00-00 00:00:00', ''),
('inv_CAN_22-103-der_rev', 'inv_CAN_22-103-sa_der', 0, 6, 'derivative reviews', NULL, '/unknown/', '', '', 'yes', '0000-00-00 00:00:00', '', '0000-00-00 00:00:00', ''),
('inv_CAN_22-103-der_so_al', 'inv_CAN_22-103-sa_der', 0, 2, 'parent aliquots', NULL, '/inventorymanagement/aliquot_masters/listSourceAliquots/inv_CAN_22-103/peritoneal wash/derivative/', '', '', 'yes', '0000-00-00 00:00:00', '', '0000-00-00 00:00:00', ''),
('inv_CAN_22-103-sa_al', 'inv_CAN_22-103', 0, 3, 'sample aliquots', NULL, '/inventorymanagement/aliquot_masters/listAllSampleAliquots/inv_CAN_22-103/peritoneal wash/specimen/', '', '', 'yes', '0000-00-00 00:00:00', '', '0000-00-00 00:00:00', ''),
('inv_CAN_22-103-sa_al_de', 'inv_CAN_22-103-sa_al', 0, 1, 'aliquot details', NULL, '/inventorymanagement/aliquot_masters/detailAliquot/inv_CAN_22-103/peritoneal wash/specimen/', '', '', 'yes', '0000-00-00 00:00:00', '', '0000-00-00 00:00:00', ''),
('inv_CAN_22-103-sa_al_re', 'inv_CAN_22-103-sa_al', 0, 3, 'realiquoted parent', NULL, '/inventorymanagement/aliquot_masters/listRealiquotedParents/inv_CAN_22-103/tissue/specimen/', '', '', 'yes', '0000-00-00 00:00:00', '', '0000-00-00 00:00:00', ''),
('inv_CAN_22-103-sa_al_us', 'inv_CAN_22-103-sa_al', 0, 2, 'use', NULL, '/inventorymanagement/aliquot_masters/listAliquotUses/inv_CAN_22-103/peritoneal wash/specimen/', '', '', 'yes', '0000-00-00 00:00:00', '', '0000-00-00 00:00:00', ''),
('inv_CAN_22-103-sa_de', 'inv_CAN_22-103', 0, 1, 'sample details', NULL, '/inventorymanagement/sample_masters/detail/inv_CAN_22-103/peritoneal wash/specimen/', '', '', 'yes', '0000-00-00 00:00:00', '', '0000-00-00 00:00:00', ''),
('inv_CAN_22-103-sa_der', 'inv_CAN_22-103', 0, 4, 'sample derivatives', NULL, '/inventorymanagement/sample_masters/listall/inv_CAN_22-103/peritoneal wash/derivative/', '', '', 'yes', '0000-00-00 00:00:00', '', '0000-00-00 00:00:00', ''),
('inv_CAN_22-103-sa_qc', 'inv_CAN_22-103', 0, 6, 'sample quality controls', NULL, '/inventorymanagement/quality_controls/listAllQualityControls/inv_CAN_22-103/peritoneal wash/specimen/', '', '', 'yes', '0000-00-00 00:00:00', '', '0000-00-00 00:00:00', ''),
('inv_CAN_22-103-sa_qc_al', 'inv_CAN_22-103-sa_qc', 0, 3, 'qc_tested_aliquots', NULL, '/inventorymanagement/quality_controls/listTestedAliquots/inv_CAN_22-103/tissue/specimen/', '', '', 'yes', '0000-00-00 00:00:00', '', '0000-00-00 00:00:00', ''),
('inv_CAN_22-103-sa_qc_de', 'inv_CAN_22-103-sa_qc', 0, 2, 'qc_details', NULL, '/inventorymanagement/quality_controls/detail/inv_CAN_22-103/tissue/specimen/', '', '', 'yes', '0000-00-00 00:00:00', '', '0000-00-00 00:00:00', ''),
('inv_CAN_22-103-sa_rev', 'inv_CAN_22-103', 0, 6, 'sample reviews', NULL, '/unknown/', '', '', 'yes', '0000-00-00 00:00:00', '', '0000-00-00 00:00:00', ''),
('inv_CAN_22-104', 'inv_CAN_10', 0, 3, 'cystic fluid col grp', NULL, '/inventorymanagement/sample_masters/listall/inv_CAN_22-104/cystic fluid/specimen/', '', '', 'yes', '0000-00-00 00:00:00', '', '0000-00-00 00:00:00', ''),
('inv_CAN_22-104-der_al', 'inv_CAN_22-104-sa_der', 0, 3, 'derivative aliquots', NULL, '/inventorymanagement/aliquot_masters/listAllSampleAliquots/inv_CAN_22-104/cystic fluid/derivative/', '', '', 'yes', '0000-00-00 00:00:00', '', '0000-00-00 00:00:00', ''),
('inv_CAN_22-104-der_al_de', 'inv_CAN_22-104-der_al', 0, 1, 'aliquot details', NULL, '/inventorymanagement/aliquot_masters/detailAliquot/inv_CAN_22-104/cystic fluid/derivative/', '', '', 'yes', '0000-00-00 00:00:00', '', '0000-00-00 00:00:00', ''),
('inv_CAN_22-104-der_al_re', 'inv_CAN_22-104-der_al', 0, 3, 'realiquoted parent', NULL, '/inventorymanagement/aliquot_masters/listRealiquotedParents/inv_CAN_22-104/tissue/derivative/', '', '', 'yes', '0000-00-00 00:00:00', '', '0000-00-00 00:00:00', ''),
('inv_CAN_22-104-der_al_us', 'inv_CAN_22-104-der_al', 0, 2, 'use', NULL, '/inventorymanagement/aliquot_masters/listAliquotUses/inv_CAN_22-104/cystic fluid/derivative/', '', '', 'yes', '0000-00-00 00:00:00', '', '0000-00-00 00:00:00', ''),
('inv_CAN_22-104-der_de', 'inv_CAN_22-104-sa_der', 0, 1, 'derivative details', NULL, '/inventorymanagement/sample_masters/detail/inv_CAN_22-104/cystic fluid/derivative/', '', '', 'yes', '0000-00-00 00:00:00', '', '0000-00-00 00:00:00', ''),
('inv_CAN_22-104-der_qc', 'inv_CAN_22-104-sa_der', 0, 6, 'derivative quality controls', NULL, '/inventorymanagement/quality_controls/listAllQualityControls/inv_CAN_22-104/cystic fluid/derivative/', '', '', 'yes', '0000-00-00 00:00:00', '', '0000-00-00 00:00:00', ''),
('inv_CAN_22-104-der_qc_al', 'inv_CAN_22-104-der_qc', 0, 3, 'qc_tested_aliquots', NULL, '/inventorymanagement/quality_controls/listTestedAliquots/inv_CAN_22-104/tissue/derivative/', '', '', 'yes', '0000-00-00 00:00:00', '', '0000-00-00 00:00:00', ''),
('inv_CAN_22-104-der_qc_de', 'inv_CAN_22-104-der_qc', 0, 2, 'qc_details', NULL, '/inventorymanagement/quality_controls/detail/inv_CAN_22-105/tissue/derivative/', '', '', 'yes', '0000-00-00 00:00:00', '', '0000-00-00 00:00:00', ''),
('inv_CAN_22-104-der_rev', 'inv_CAN_22-104-sa_der', 0, 6, 'derivative reviews', NULL, '/unknown/', '', '', 'yes', '0000-00-00 00:00:00', '', '0000-00-00 00:00:00', ''),
('inv_CAN_22-104-der_so_al', 'inv_CAN_22-104-sa_der', 0, 2, 'parent aliquots', NULL, '/inventorymanagement/aliquot_masters/listSourceAliquots/inv_CAN_22-104/cystic fluid/derivative/', '', '', 'yes', '0000-00-00 00:00:00', '', '0000-00-00 00:00:00', ''),
('inv_CAN_22-104-sa_al', 'inv_CAN_22-104', 0, 3, 'sample aliquots', NULL, '/inventorymanagement/aliquot_masters/listAllSampleAliquots/inv_CAN_22-104/cystic fluid/specimen/', '', '', 'yes', '0000-00-00 00:00:00', '', '0000-00-00 00:00:00', ''),
('inv_CAN_22-104-sa_al_de', 'inv_CAN_22-104-sa_al', 0, 1, 'aliquot details', NULL, '/inventorymanagement/aliquot_masters/detailAliquot/inv_CAN_22-104/cystic fluid/specimen/', '', '', 'yes', '0000-00-00 00:00:00', '', '0000-00-00 00:00:00', ''),
('inv_CAN_22-104-sa_al_re', 'inv_CAN_22-104-sa_al', 0, 3, 'realiquoted parent', NULL, '/inventorymanagement/aliquot_masters/listRealiquotedParents/inv_CAN_22-104/tissue/specimen/', '', '', 'yes', '0000-00-00 00:00:00', '', '0000-00-00 00:00:00', ''),
('inv_CAN_22-104-sa_al_us', 'inv_CAN_22-104-sa_al', 0, 2, 'use', NULL, '/inventorymanagement/aliquot_masters/listAliquotUses/inv_CAN_22-104/cystic fluid/specimen/', '', '', 'yes', '0000-00-00 00:00:00', '', '0000-00-00 00:00:00', ''),
('inv_CAN_22-104-sa_de', 'inv_CAN_22-104', 0, 1, 'sample details', NULL, '/inventorymanagement/sample_masters/detail/inv_CAN_22-104/cystic fluid/specimen/', '', '', 'yes', '0000-00-00 00:00:00', '', '0000-00-00 00:00:00', ''),
('inv_CAN_22-104-sa_der', 'inv_CAN_22-104', 0, 4, 'sample derivatives', NULL, '/inventorymanagement/sample_masters/listall/inv_CAN_22-104/cystic fluid/derivative/', '', '', 'yes', '0000-00-00 00:00:00', '', '0000-00-00 00:00:00', ''),
('inv_CAN_22-104-sa_qc', 'inv_CAN_22-104', 0, 6, 'sample quality controls', NULL, '/inventorymanagement/quality_controls/listAllQualityControls/inv_CAN_22-104/cystic fluid/specimen/', '', '', 'yes', '0000-00-00 00:00:00', '', '0000-00-00 00:00:00', ''),
('inv_CAN_22-104-sa_qc_al', 'inv_CAN_22-104-sa_qc', 0, 3, 'qc_tested_aliquots', NULL, '/inventorymanagement/quality_controls/listTestedAliquots/inv_CAN_22-104/tissue/specimen/', '', '', 'yes', '0000-00-00 00:00:00', '', '0000-00-00 00:00:00', ''),
('inv_CAN_22-104-sa_qc_de', 'inv_CAN_22-104-sa_qc', 0, 2, 'qc_details', NULL, '/inventorymanagement/quality_controls/detail/inv_CAN_22-104/tissue/specimen/', '', '', 'yes', '0000-00-00 00:00:00', '', '0000-00-00 00:00:00', ''),
('inv_CAN_22-104-sa_rev', 'inv_CAN_22-104', 0, 6, 'sample reviews', NULL, '/unknown/', '', '', 'yes', '0000-00-00 00:00:00', '', '0000-00-00 00:00:00', ''),
('inv_CAN_22-105', 'inv_CAN_10', 0, 3, 'other fluid col grp', NULL, '/inventorymanagement/sample_masters/listall/inv_CAN_22-105/other fluid/specimen/', '', '', 'yes', '0000-00-00 00:00:00', '', '0000-00-00 00:00:00', ''),
('inv_CAN_22-105-der_al', 'inv_CAN_22-105-sa_der', 0, 3, 'derivative aliquots', NULL, '/inventorymanagement/aliquot_masters/listAllSampleAliquots/inv_CAN_22-105/other fluid/derivative/', '', '', 'yes', '0000-00-00 00:00:00', '', '0000-00-00 00:00:00', ''),
('inv_CAN_22-105-der_al_de', 'inv_CAN_22-105-der_al', 0, 1, 'aliquot details', NULL, '/inventorymanagement/aliquot_masters/detailAliquot/inv_CAN_22-105/other fluid/derivative/', '', '', 'yes', '0000-00-00 00:00:00', '', '0000-00-00 00:00:00', ''),
('inv_CAN_22-105-der_al_re', 'inv_CAN_22-105-der_al', 0, 3, 'realiquoted parent', NULL, '/inventorymanagement/aliquot_masters/listRealiquotedParents/inv_CAN_22-105/tissue/derivative/', '', '', 'yes', '0000-00-00 00:00:00', '', '0000-00-00 00:00:00', ''),
('inv_CAN_22-105-der_al_us', 'inv_CAN_22-105-der_al', 0, 2, 'use', NULL, '/inventorymanagement/aliquot_masters/listAliquotUses/inv_CAN_22-105/other fluid/derivative/', '', '', 'yes', '0000-00-00 00:00:00', '', '0000-00-00 00:00:00', ''),
('inv_CAN_22-105-der_de', 'inv_CAN_22-105-sa_der', 0, 1, 'derivative details', NULL, '/inventorymanagement/sample_masters/detail/inv_CAN_22-105/other fluid/derivative/', '', '', 'yes', '0000-00-00 00:00:00', '', '0000-00-00 00:00:00', ''),
('inv_CAN_22-105-der_qc', 'inv_CAN_22-105-sa_der', 0, 6, 'derivative quality controls', NULL, '/inventorymanagement/quality_controls/listAllQualityControls/inv_CAN_22-105/other fluid/derivative/', '', '', 'yes', '0000-00-00 00:00:00', '', '0000-00-00 00:00:00', ''),
('inv_CAN_22-105-der_qc_al', 'inv_CAN_22-105-der_qc', 0, 3, 'qc_tested_aliquots', NULL, '/inventorymanagement/quality_controls/listTestedAliquots/inv_CAN_22-105/tissue/derivative/', '', '', 'yes', '0000-00-00 00:00:00', '', '0000-00-00 00:00:00', ''),
('inv_CAN_22-105-der_qc_de', 'inv_CAN_22-105-der_qc', 0, 2, 'qc_details', NULL, '/inventorymanagement/quality_controls/detail/inv_CAN_22-105/tissue/derivative/', '', '', 'yes', '0000-00-00 00:00:00', '', '0000-00-00 00:00:00', ''),
('inv_CAN_22-105-der_rev', 'inv_CAN_22-105-sa_der', 0, 6, 'derivative reviews', NULL, '/unknown/', '', '', 'yes', '0000-00-00 00:00:00', '', '0000-00-00 00:00:00', ''),
('inv_CAN_22-105-der_so_al', 'inv_CAN_22-105-sa_der', 0, 2, 'parent aliquots', NULL, '/inventorymanagement/aliquot_masters/listSourceAliquots/inv_CAN_22-105/other fluid/derivative/', '', '', 'yes', '0000-00-00 00:00:00', '', '0000-00-00 00:00:00', ''),
('inv_CAN_22-105-sa_al', 'inv_CAN_22-105', 0, 3, 'sample aliquots', NULL, '/inventorymanagement/aliquot_masters/listAllSampleAliquots/inv_CAN_22-105/other fluid/specimen/', '', '', 'yes', '0000-00-00 00:00:00', '', '0000-00-00 00:00:00', ''),
('inv_CAN_22-105-sa_al_de', 'inv_CAN_22-105-sa_al', 0, 1, 'aliquot details', NULL, '/inventorymanagement/aliquot_masters/detailAliquot/inv_CAN_22-105/other fluid/specimen/', '', '', 'yes', '0000-00-00 00:00:00', '', '0000-00-00 00:00:00', ''),
('inv_CAN_22-105-sa_al_re', 'inv_CAN_22-105-sa_al', 0, 3, 'realiquoted parent', NULL, '/inventorymanagement/aliquot_masters/listRealiquotedParents/inv_CAN_22-105/tissue/specimen/', '', '', 'yes', '0000-00-00 00:00:00', '', '0000-00-00 00:00:00', ''),
('inv_CAN_22-105-sa_al_us', 'inv_CAN_22-105-sa_al', 0, 2, 'use', NULL, '/inventorymanagement/aliquot_masters/listAliquotUses/inv_CAN_22-105/other fluid/specimen/', '', '', 'yes', '0000-00-00 00:00:00', '', '0000-00-00 00:00:00', ''),
('inv_CAN_22-105-sa_de', 'inv_CAN_22-105', 0, 1, 'sample details', NULL, '/inventorymanagement/sample_masters/detail/inv_CAN_22-105/other fluid/specimen/', '', '', 'yes', '0000-00-00 00:00:00', '', '0000-00-00 00:00:00', ''),
('inv_CAN_22-105-sa_der', 'inv_CAN_22-105', 0, 4, 'sample derivatives', NULL, '/inventorymanagement/sample_masters/listall/inv_CAN_22-105/other fluid/derivative/', '', '', 'yes', '0000-00-00 00:00:00', '', '0000-00-00 00:00:00', ''),
('inv_CAN_22-105-sa_qc', 'inv_CAN_22-105', 0, 6, 'sample quality controls', NULL, '/inventorymanagement/quality_controls/listAllQualityControls/inv_CAN_22-105/other fluid/specimen/', '', '', 'yes', '0000-00-00 00:00:00', '', '0000-00-00 00:00:00', ''),
('inv_CAN_22-105-sa_qc_al', 'inv_CAN_22-105-sa_qc', 0, 3, 'qc_tested_aliquots', NULL, '/inventorymanagement/quality_controls/listTestedAliquots/inv_CAN_22-105/tissue/specimen/', '', '', 'yes', '0000-00-00 00:00:00', '', '0000-00-00 00:00:00', ''),
('inv_CAN_22-105-sa_qc_de', 'inv_CAN_22-105-sa_qc', 0, 2, 'qc_details', NULL, '/inventorymanagement/quality_controls/detail/inv_CAN_22-105/tissue/specimen/', '', '', 'yes', '0000-00-00 00:00:00', '', '0000-00-00 00:00:00', ''),
('inv_CAN_22-105-sa_rev', 'inv_CAN_22-105', 0, 6, 'sample reviews', NULL, '/unknown/', '', '', 'yes', '0000-00-00 00:00:00', '', '0000-00-00 00:00:00', ''),
('inv_CAN_22-2', 'inv_CAN_10', 0, 3, 'blood col grp', NULL, '/inventorymanagement/sample_masters/listall/inv_CAN_22-2/blood/specimen/', '', '', 'yes', '0000-00-00 00:00:00', '', '0000-00-00 00:00:00', ''),
('inv_CAN_22-2-der_al', 'inv_CAN_22-2-sa_der', 0, 3, 'derivative aliquots', NULL, '/inventorymanagement/aliquot_masters/listAllSampleAliquots/inv_CAN_22-2/blood/derivative/', '', '', 'yes', '0000-00-00 00:00:00', '', '0000-00-00 00:00:00', ''),
('inv_CAN_22-2-der_al_de', 'inv_CAN_22-2-der_al', 0, 1, 'aliquot details', NULL, '/inventorymanagement/aliquot_masters/detailAliquot/inv_CAN_22-2/blood/derivative/', '', '', 'yes', '0000-00-00 00:00:00', '', '0000-00-00 00:00:00', ''),
('inv_CAN_22-2-der_al_re', 'inv_CAN_22-2-der_al', 0, 3, 'realiquoted parent', NULL, '/inventorymanagement/aliquot_masters/listRealiquotedParents/inv_CAN_22-2/tissue/derivative/', '', '', 'yes', '0000-00-00 00:00:00', '', '0000-00-00 00:00:00', ''),
('inv_CAN_22-2-der_al_us', 'inv_CAN_22-2-der_al', 0, 2, 'use', NULL, '/inventorymanagement/aliquot_masters/listAliquotUses/inv_CAN_22-2/blood/derivative/', '', '', 'yes', '0000-00-00 00:00:00', '', '0000-00-00 00:00:00', ''),
('inv_CAN_22-2-der_de', 'inv_CAN_22-2-sa_der', 0, 1, 'derivative details', NULL, '/inventorymanagement/sample_masters/detail/inv_CAN_22-2/blood/derivative/', '', '', 'yes', '0000-00-00 00:00:00', '', '0000-00-00 00:00:00', ''),
('inv_CAN_22-2-der_qc', 'inv_CAN_22-2-sa_der', 0, 6, 'derivative quality controls', NULL, '/inventorymanagement/quality_controls/listAllQualityControls/inv_CAN_22-2/blood/derivative/', '', '', 'yes', '0000-00-00 00:00:00', '', '0000-00-00 00:00:00', ''),
('inv_CAN_22-2-der_qc_al', 'inv_CAN_22-2-der_qc', 0, 3, 'qc_tested_aliquots', NULL, '/inventorymanagement/quality_controls/listTestedAliquots/inv_CAN_22-2/tissue/derivative/', '', '', 'yes', '0000-00-00 00:00:00', '', '0000-00-00 00:00:00', ''),
('inv_CAN_22-2-der_qc_de', 'inv_CAN_22-2-der_qc', 0, 2, 'qc_details', NULL, '/inventorymanagement/quality_controls/detail/inv_CAN_22-105/tissue/derivative/', '', '', 'yes', '0000-00-00 00:00:00', '', '0000-00-00 00:00:00', ''),
('inv_CAN_22-2-der_rev', 'inv_CAN_22-2-sa_der', 0, 6, 'derivative reviews', NULL, '/unknown/', '', '', 'yes', '0000-00-00 00:00:00', '', '0000-00-00 00:00:00', ''),
('inv_CAN_22-2-der_so_al', 'inv_CAN_22-2-sa_der', 0, 2, 'parent aliquots', NULL, '/inventorymanagement/aliquot_masters/listSourceAliquots/inv_CAN_22-2/blood/derivative/', '', '', 'yes', '0000-00-00 00:00:00', '', '0000-00-00 00:00:00', ''),
('inv_CAN_22-2-sa_al', 'inv_CAN_22-2', 0, 3, 'sample aliquots', NULL, '/inventorymanagement/aliquot_masters/listAllSampleAliquots/inv_CAN_22-2/blood/specimen/', '', '', 'yes', '0000-00-00 00:00:00', '', '0000-00-00 00:00:00', ''),
('inv_CAN_22-2-sa_al_de', 'inv_CAN_22-2-sa_al', 0, 1, 'aliquot details', NULL, '/inventorymanagement/aliquot_masters/detailAliquot/inv_CAN_22-2/blood/specimen/', '', '', 'yes', '0000-00-00 00:00:00', '', '0000-00-00 00:00:00', ''),
('inv_CAN_22-2-sa_al_re', 'inv_CAN_22-2-sa_al', 0, 3, 'realiquoted parent', NULL, '/inventorymanagement/aliquot_masters/listRealiquotedParents/inv_CAN_22-2/tissue/specimen/', '', '', 'yes', '0000-00-00 00:00:00', '', '0000-00-00 00:00:00', ''),
('inv_CAN_22-2-sa_al_us', 'inv_CAN_22-2-sa_al', 0, 2, 'use', NULL, '/inventorymanagement/aliquot_masters/listAliquotUses/inv_CAN_22-2/blood/specimen/', '', '', 'yes', '0000-00-00 00:00:00', '', '0000-00-00 00:00:00', ''),
('inv_CAN_22-2-sa_de', 'inv_CAN_22-2', 0, 1, 'sample details', NULL, '/inventorymanagement/sample_masters/detail/inv_CAN_22-2/blood/specimen/', '', '', 'yes', '0000-00-00 00:00:00', '', '0000-00-00 00:00:00', ''),
('inv_CAN_22-2-sa_der', 'inv_CAN_22-2', 0, 4, 'sample derivatives', NULL, '/inventorymanagement/sample_masters/listall/inv_CAN_22-2/blood/derivative/', '', '', 'yes', '0000-00-00 00:00:00', '', '0000-00-00 00:00:00', ''),
('inv_CAN_22-2-sa_qc', 'inv_CAN_22-2', 0, 6, 'sample quality controls', NULL, '/inventorymanagement/quality_controls/listAllQualityControls/inv_CAN_22-2/blood/specimen/', '', '', 'yes', '0000-00-00 00:00:00', '', '0000-00-00 00:00:00', ''),
('inv_CAN_22-2-sa_qc_al', 'inv_CAN_22-2-sa_qc', 0, 3, 'qc_tested_aliquots', NULL, '/inventorymanagement/quality_controls/listTestedAliquots/inv_CAN_22-2/tissue/specimen/', '', '', 'yes', '0000-00-00 00:00:00', '', '0000-00-00 00:00:00', ''),
('inv_CAN_22-2-sa_qc_de', 'inv_CAN_22-2-sa_qc', 0, 2, 'qc_details', NULL, '/inventorymanagement/quality_controls/detail/inv_CAN_22-2/tissue/specimen/', '', '', 'yes', '0000-00-00 00:00:00', '', '0000-00-00 00:00:00', ''),
('inv_CAN_22-2-sa_rev', 'inv_CAN_22-2', 0, 6, 'sample reviews', NULL, '/unknown/', '', '', 'yes', '0000-00-00 00:00:00', '', '0000-00-00 00:00:00', ''),
('inv_CAN_22-3', 'inv_CAN_10', 0, 3, 'tissue col grp', NULL, '/inventorymanagement/sample_masters/listall/inv_CAN_22-3/tissue/specimen/', '', '', 'yes', '0000-00-00 00:00:00', '', '0000-00-00 00:00:00', ''),
('inv_CAN_22-3-der_al', 'inv_CAN_22-3-sa_der', 0, 3, 'derivative aliquots', NULL, '/inventorymanagement/aliquot_masters/listAllSampleAliquots/inv_CAN_22-3/tissue/derivative/', '', '', 'yes', '0000-00-00 00:00:00', '', '0000-00-00 00:00:00', ''),
('inv_CAN_22-3-der_al_de', 'inv_CAN_22-3-der_al', 0, 1, 'aliquot details', NULL, '/inventorymanagement/aliquot_masters/detailAliquot/inv_CAN_22-3/tissue/derivative/', '', '', 'yes', '0000-00-00 00:00:00', '', '0000-00-00 00:00:00', ''),
('inv_CAN_22-3-der_al_re', 'inv_CAN_22-3-der_al', 0, 3, 'realiquoted parent', NULL, '/inventorymanagement/aliquot_masters/listRealiquotedParents/inv_CAN_22-3/tissue/derivative/', '', '', 'yes', '0000-00-00 00:00:00', '', '0000-00-00 00:00:00', ''),
('inv_CAN_22-3-der_al_us', 'inv_CAN_22-3-der_al', 0, 2, 'use', NULL, '/inventorymanagement/aliquot_masters/listAliquotUses/inv_CAN_22-3/tissue/derivative/', '', '', 'yes', '0000-00-00 00:00:00', '', '0000-00-00 00:00:00', ''),
('inv_CAN_22-3-der_de', 'inv_CAN_22-3-sa_der', 0, 1, 'derivative details', NULL, '/inventorymanagement/sample_masters/detail/inv_CAN_22-3/tissue/derivative/', '', '', 'yes', '0000-00-00 00:00:00', '', '0000-00-00 00:00:00', ''),
('inv_CAN_22-3-der_qc', 'inv_CAN_22-3-sa_der', 0, 6, 'derivative quality controls', NULL, '/inventorymanagement/quality_controls/listAllQualityControls/inv_CAN_22-3/tissue/derivative/', '', '', 'yes', '0000-00-00 00:00:00', '', '0000-00-00 00:00:00', ''),
('inv_CAN_22-3-der_qc_al', 'inv_CAN_22-3-der_qc', 0, 3, 'qc_tested_aliquots', NULL, '/inventorymanagement/quality_controls/listTestedAliquots/inv_CAN_22-3/tissue/derivative/', '', '', 'yes', '0000-00-00 00:00:00', '', '0000-00-00 00:00:00', ''),
('inv_CAN_22-3-der_qc_de', 'inv_CAN_22-3-der_qc', 0, 2, 'qc_details', NULL, '/inventorymanagement/quality_controls/detail/inv_CAN_22-105/tissue/derivative/', '', '', 'yes', '0000-00-00 00:00:00', '', '0000-00-00 00:00:00', ''),
('inv_CAN_22-3-der_rev', 'inv_CAN_22-3-sa_der', 0, 6, 'derivative reviews', NULL, '/unknown/', '', '', 'yes', '0000-00-00 00:00:00', '', '0000-00-00 00:00:00', ''),
('inv_CAN_22-3-der_so_al', 'inv_CAN_22-3-sa_der', 0, 2, 'parent aliquots', NULL, '/inventorymanagement/aliquot_masters/listSourceAliquots/inv_CAN_22-3/tissue/derivative/', '', '', 'yes', '0000-00-00 00:00:00', '', '0000-00-00 00:00:00', ''),
('inv_CAN_22-3-sa_al', 'inv_CAN_22-3', 0, 3, 'sample aliquots', NULL, '/inventorymanagement/aliquot_masters/listAllSampleAliquots/inv_CAN_22-3/tissue/specimen/', '', '', 'yes', '0000-00-00 00:00:00', '', '0000-00-00 00:00:00', ''),
('inv_CAN_22-3-sa_al_de', 'inv_CAN_22-3-sa_al', 0, 1, 'aliquot details', NULL, '/inventorymanagement/aliquot_masters/detailAliquot/inv_CAN_22-3/tissue/specimen/', '', '', 'yes', '0000-00-00 00:00:00', '', '0000-00-00 00:00:00', ''),
('inv_CAN_22-3-sa_al_re', 'inv_CAN_22-3-sa_al', 0, 3, 'realiquoted parent', NULL, '/inventorymanagement/aliquot_masters/listRealiquotedParents/inv_CAN_22-3/tissue/specimen/', '', '', 'yes', '0000-00-00 00:00:00', '', '0000-00-00 00:00:00', ''),
('inv_CAN_22-3-sa_al_us', 'inv_CAN_22-3-sa_al', 0, 2, 'use', NULL, '/inventorymanagement/aliquot_masters/listAliquotUses/inv_CAN_22-3/tissue/specimen/', '', '', 'yes', '0000-00-00 00:00:00', '', '0000-00-00 00:00:00', ''),
('inv_CAN_22-3-sa_de', 'inv_CAN_22-3', 0, 1, 'sample details', NULL, '/inventorymanagement/sample_masters/detail/inv_CAN_22-3/tissue/specimen/', '', '', 'yes', '0000-00-00 00:00:00', '', '0000-00-00 00:00:00', ''),
('inv_CAN_22-3-sa_der', 'inv_CAN_22-3', 0, 4, 'sample derivatives', NULL, '/inventorymanagement/sample_masters/listall/inv_CAN_22-3/tissue/derivative/', '', '', 'yes', '0000-00-00 00:00:00', '', '0000-00-00 00:00:00', ''),
('inv_CAN_22-3-sa_qc', 'inv_CAN_22-3', 0, 6, 'sample quality controls', NULL, '/inventorymanagement/quality_controls/listAllQualityControls/inv_CAN_22-3/tissue/specimen/', '', '', 'yes', '0000-00-00 00:00:00', '', '0000-00-00 00:00:00', ''),
('inv_CAN_22-3-sa_qc_al', 'inv_CAN_22-3-sa_qc', 0, 3, 'qc_tested_aliquots', NULL, '/inventorymanagement/quality_controls/listTestedAliquots/inv_CAN_22-3/tissue/specimen/', '', '', 'yes', '0000-00-00 00:00:00', '', '0000-00-00 00:00:00', ''),
('inv_CAN_22-3-sa_qc_de', 'inv_CAN_22-3-sa_qc', 0, 2, 'qc_details', NULL, '/inventorymanagement/quality_controls/detail/inv_CAN_22-3/tissue/specimen/', '', '', 'yes', '0000-00-00 00:00:00', '', '0000-00-00 00:00:00', ''),
('inv_CAN_22-3-sa_rev', 'inv_CAN_22-3', 0, 6, 'sample reviews', NULL, '/unknown/', '', '', 'yes', '0000-00-00 00:00:00', '', '0000-00-00 00:00:00', ''),
('inv_CAN_22-4', 'inv_CAN_10', 0, 3, 'urine col grp', NULL, '/inventorymanagement/sample_masters/listall/inv_CAN_22-4/urine/specimen/', '', '', 'yes', '0000-00-00 00:00:00', '', '0000-00-00 00:00:00', ''),
('inv_CAN_22-4-der_al', 'inv_CAN_22-4-sa_der', 0, 3, 'derivative aliquots', NULL, '/inventorymanagement/aliquot_masters/listAllSampleAliquots/inv_CAN_22-4/urine/derivative/', '', '', 'yes', '0000-00-00 00:00:00', '', '0000-00-00 00:00:00', ''),
('inv_CAN_22-4-der_al_de', 'inv_CAN_22-4-der_al', 0, 1, 'aliquot details', NULL, '/inventorymanagement/aliquot_masters/detailAliquot/inv_CAN_22-4/urine/derivative/', '', '', 'yes', '0000-00-00 00:00:00', '', '0000-00-00 00:00:00', ''),
('inv_CAN_22-4-der_al_re', 'inv_CAN_22-4-der_al', 0, 3, 'realiquoted parent', NULL, '/inventorymanagement/aliquot_masters/listRealiquotedParents/inv_CAN_22-4/tissue/derivative/', '', '', 'yes', '0000-00-00 00:00:00', '', '0000-00-00 00:00:00', ''),
('inv_CAN_22-4-der_al_us', 'inv_CAN_22-4-der_al', 0, 2, 'use', NULL, '/inventorymanagement/aliquot_masters/listAliquotUses/inv_CAN_22-4/urine/derivative/', '', '', 'yes', '0000-00-00 00:00:00', '', '0000-00-00 00:00:00', ''),
('inv_CAN_22-4-der_de', 'inv_CAN_22-4-sa_der', 0, 1, 'derivative details', NULL, '/inventorymanagement/sample_masters/detail/inv_CAN_22-4/urine/derivative/', '', '', 'yes', '0000-00-00 00:00:00', '', '0000-00-00 00:00:00', ''),
('inv_CAN_22-4-der_qc', 'inv_CAN_22-4-sa_der', 0, 6, 'derivative quality controls', NULL, '/inventorymanagement/quality_controls/listAllQualityControls/inv_CAN_22-4/urine/derivative/', '', '', 'yes', '0000-00-00 00:00:00', '', '0000-00-00 00:00:00', ''),
('inv_CAN_22-4-der_qc_al', 'inv_CAN_22-4-der_qc', 0, 3, 'qc_tested_aliquots', NULL, '/inventorymanagement/quality_controls/listTestedAliquots/inv_CAN_22-4/tissue/derivative/', '', '', 'yes', '0000-00-00 00:00:00', '', '0000-00-00 00:00:00', ''),
('inv_CAN_22-4-der_qc_de', 'inv_CAN_22-4-der_qc', 0, 2, 'qc_details', NULL, '/inventorymanagement/quality_controls/detail/inv_CAN_22-105/tissue/derivative/', '', '', 'yes', '0000-00-00 00:00:00', '', '0000-00-00 00:00:00', ''),
('inv_CAN_22-4-der_rev', 'inv_CAN_22-4-sa_der', 0, 6, 'derivative reviews', NULL, '/unknown/', '', '', 'yes', '0000-00-00 00:00:00', '', '0000-00-00 00:00:00', ''),
('inv_CAN_22-4-der_so_al', 'inv_CAN_22-4-sa_der', 0, 2, 'parent aliquots', NULL, '/inventorymanagement/aliquot_masters/listSourceAliquots/inv_CAN_22-4/urine/derivative/', '', '', 'yes', '0000-00-00 00:00:00', '', '0000-00-00 00:00:00', ''),
('inv_CAN_22-4-sa_al', 'inv_CAN_22-4', 0, 3, 'sample aliquots', NULL, '/inventorymanagement/aliquot_masters/listAllSampleAliquots/inv_CAN_22-4/urine/specimen/', '', '', 'yes', '0000-00-00 00:00:00', '', '0000-00-00 00:00:00', ''),
('inv_CAN_22-4-sa_al_de', 'inv_CAN_22-4-sa_al', 0, 1, 'aliquot details', NULL, '/inventorymanagement/aliquot_masters/detailAliquot/inv_CAN_22-4/urine/specimen/', '', '', 'yes', '0000-00-00 00:00:00', '', '0000-00-00 00:00:00', ''),
('inv_CAN_22-4-sa_al_re', 'inv_CAN_22-4-sa_al', 0, 3, 'realiquoted parent', NULL, '/inventorymanagement/aliquot_masters/listRealiquotedParents/inv_CAN_22-4/tissue/specimen/', '', '', 'yes', '0000-00-00 00:00:00', '', '0000-00-00 00:00:00', ''),
('inv_CAN_22-4-sa_al_us', 'inv_CAN_22-4-sa_al', 0, 2, 'use', NULL, '/inventorymanagement/aliquot_masters/listAliquotUses/inv_CAN_22-4/urine/specimen/', '', '', 'yes', '0000-00-00 00:00:00', '', '0000-00-00 00:00:00', ''),
('inv_CAN_22-4-sa_de', 'inv_CAN_22-4', 0, 1, 'sample details', NULL, '/inventorymanagement/sample_masters/detail/inv_CAN_22-4/urine/specimen/', '', '', 'yes', '0000-00-00 00:00:00', '', '0000-00-00 00:00:00', ''),
('inv_CAN_22-4-sa_der', 'inv_CAN_22-4', 0, 4, 'sample derivatives', NULL, '/inventorymanagement/sample_masters/listall/inv_CAN_22-4/urine/derivative/', '', '', 'yes', '0000-00-00 00:00:00', '', '0000-00-00 00:00:00', ''),
('inv_CAN_22-4-sa_qc', 'inv_CAN_22-4', 0, 6, 'sample quality controls', NULL, '/inventorymanagement/quality_controls/listAllQualityControls/inv_CAN_22-4/urine/specimen/', '', '', 'yes', '0000-00-00 00:00:00', '', '0000-00-00 00:00:00', ''),
('inv_CAN_22-4-sa_qc_al', 'inv_CAN_22-4-sa_qc', 0, 3, 'qc_tested_aliquots', NULL, '/inventorymanagement/quality_controls/listTestedAliquots/inv_CAN_22-4/tissue/specimen/', '', '', 'yes', '0000-00-00 00:00:00', '', '0000-00-00 00:00:00', ''),
('inv_CAN_22-4-sa_qc_de', 'inv_CAN_22-4-sa_qc', 0, 2, 'qc_details', NULL, '/inventorymanagement/quality_controls/detail/inv_CAN_22-4/tissue/specimen/', '', '', 'yes', '0000-00-00 00:00:00', '', '0000-00-00 00:00:00', ''),
('inv_CAN_22-4-sa_rev', 'inv_CAN_22-4', 0, 6, 'sample reviews', NULL, '/unknown/', '', '', 'yes', '0000-00-00 00:00:00', '', '0000-00-00 00:00:00', ''),
('MAIN_MENU_1', '0', 1, 1, 'core_menu_main', 'core_menu_main', '/menus', '', '', 'yes', '0000-00-00 00:00:00', '', '0000-00-00 00:00:00', ''),
('MAIN_MENU_2', '0', 1, 7, 'logout', 'logout', '/users/logout', '', '', 'yes', '0000-00-00 00:00:00', '', '0000-00-00 00:00:00', ''),
('mat_CAN_01', 'core_CAN_33', 1, 6, 'sop_materials and equipment', 'sop_materials and equipment', '/material/materials/index/', '', '', 'yes', '0000-00-00 00:00:00', '', '0000-00-00 00:00:00', ''),
('mat_CAN_02', 'mat_CAN_01', 0, 1, 'detail', 'detail', '/material/materials/detail/', '', '', 'yes', '0000-00-00 00:00:00', '', '0000-00-00 00:00:00', ''),
('ord_CAN_101', 'core_CAN_33', 1, 4, 'order_order management', 'order_order management', '/order/orders/index/', '', '', 'yes', '0000-00-00 00:00:00', '', '0000-00-00 00:00:00', ''),
('ord_CAN_113', 'ord_CAN_101', 0, 1, 'details', 'order', '/order/orders/detail/%%Order.id%%/', '', 'Order.Order::summary', 'yes', '0000-00-00 00:00:00', '', '0000-00-00 00:00:00', ''),
('ord_CAN_114', 'ord_CAN_101', 0, 2, 'order_order lines', 'order_order lines', '/order/order_lines/listall/%%Order.id%%/', '', 'Order.Order::summary', 'yes', '0000-00-00 00:00:00', '', '0000-00-00 00:00:00', ''),
('ord_CAN_115', 'ord_CAN_114', 0, 1, 'order_order line detail', 'order_order line detail', '/order/order_lines/detail/%%Order.id%%/%%OrderLine.id%%/', '', 'Order.OrderLines::summary', 'yes', '0000-00-00 00:00:00', '', '0000-00-00 00:00:00', ''),
('ord_CAN_116', 'ord_CAN_101', 0, 3, 'order_shipments', 'order_shipments', '/order/shipments/listall/%%Order.id%%/', '', 'Order.Order::summary', 'yes', '0000-00-00 00:00:00', '', '0000-00-00 00:00:00', ''),
('ord_CAN_117', 'ord_CAN_114', 0, 2, 'order_order items', 'order_order items', '/order/order_items/listall/%%Order.id%%/%%OrderLine.id%%/', '', 'Order.OrderLine::summary', 'yes', '0000-00-00 00:00:00', '', '0000-00-00 00:00:00', ''),
('ord_CAN_118', 'ord_CAN_117', 0, 1, 'order_order item detail', 'order_order item detail', '/order/order_items/detail/%%Order.id%%/%%OrderLine.id%%/%%OrderItem.id%%/', '', '', 'yes', '0000-00-00 00:00:00', '', '0000-00-00 00:00:00', ''),
('ord_CAN_119', 'ord_CAN_116', 0, 1, 'order_shipment detail', 'order_shipment detail', '/order/shipments/detail/%%Order.id%%/%%Shipment.id%%/', '', 'Order.Shipment::summary', 'yes', '0000-00-00 00:00:00', '', '0000-00-00 00:00:00', ''),
('ord_CAN_120', 'ord_CAN_116', 0, 2, 'order_shipment items', 'order_shipment items', '/order/order_items/shipment_items/%%Order.id%%/%%Shipment.id%%/', '', 'Order.Shipment::summary', 'yes', '0000-00-00 00:00:00', '', '0000-00-00 00:00:00', ''),
('proto_CAN_37', 'core_CAN_33', 1, 5, 'protocols', 'protocols', '/protocol/protocol_masters/index/', '', '', 'yes', '0000-00-00 00:00:00', '', '0000-00-00 00:00:00', ''),
('proto_CAN_82', 'proto_CAN_37', 0, 1, 'protocol detail', 'protocol detail', '/protocol/protocol_masters/detail/%%ProtocolMaster.id%%', '', 'Protocol.ProtocolMaster::summary', 'yes', '0000-00-00 00:00:00', '', '0000-00-00 00:00:00', '');
INSERT INTO `menus` (`id`, `parent_id`, `is_root`, `display_order`, `language_title`, `language_description`, `use_link`, `use_params`, `use_summary`, `active`, `created`, `created_by`, `modified`, `modified_by`) VALUES ('proto_CAN_83', 'proto_CAN_37', 0, 2, 'protocol extend', 'protocol extend', '/protocol/protocol_extends/listall/%%ProtocolMaster.id%%', '', 'Protocol.ProtocolMaster::summary', 'yes', '0000-00-00 00:00:00', '', '0000-00-00 00:00:00', ''),
('prov_CAN_10', 'tool_CAN_43', 0, 1, 'provider detail', 'provider detail', '/provider/providers/detail/%%Provider.id%%/', '', '', 'yes', '0000-00-00 00:00:00', '', '0000-00-00 00:00:00', ''),
('qry-CAN-1', 'MAIN_MENU_1', 1, 4, 'query tool', 'query tool', '/datamart/adhocs/index/', '', '', '1', '0000-00-00 00:00:00', '', '2007-12-20 05:32:27', '1'),
('qry-CAN-2', 'qry-CAN-1', 0, 0, 'adhoc', 'adhoc', '/datamart/adhocs/index/', '', 'Datamart.Adhoc::summary', 'yes', '0000-00-00 00:00:00', '', '0000-00-00 00:00:00', ''),
('qry-CAN-3', 'qry-CAN-1', 0, 0, 'batch sets', 'batch sets', '/datamart/batch_sets/index/', '', 'Datamart.BatchSet::summary', 'yes', '0000-00-00 00:00:00', '', '0000-00-00 00:00:00', ''),
('rtbf_CAN_01', 'core_CAN_33', 1, 3, 'forms_menu', 'forms', '/rtbform/rtbforms/index/', '', '', 'yes', '0000-00-00 00:00:00', '', '0000-00-00 00:00:00', ''),
('rtbf_CAN_02', 'rtbf_CAN_01', 0, 1, 'rtbform_detail', '', '/rtbform/rtbforms/profile/%%Rtbform.id%%', '', '', '1', '0000-00-00 00:00:00', '', '0000-00-00 00:00:00', ''),
('sop_CAN_01', 'core_CAN_33', 1, 7, 'sop_standard operating procedures', '', '/sop/sop_masters/listall/', '', '', 'yes', '0000-00-00 00:00:00', '', '0000-00-00 00:00:00', ''),
('sop_CAN_03', 'sop_CAN_01', 0, 1, 'sop_detail', '', '/sop/sop_masters/detail/%%SopMaster.id%%/', '', '', '1', '0000-00-00 00:00:00', '', '0000-00-00 00:00:00', ''),
('sop_CAN_04', 'sop_CAN_01', 0, 2, 'sop_extend', '', '/sop/sop_extends/listall/%%SopMaster.id%%/', '', '', '1', '0000-00-00 00:00:00', '', '0000-00-00 00:00:00', ''),
('sto_CAN_01', 'core_CAN_33', 1, 8, 'storage layout management', 'storage layout management', '/storagelayout/storage_masters/index/', '', '', 'yes', '0000-00-00 00:00:00', '', '0000-00-00 00:00:00', ''),
('sto_CAN_02', 'sto_CAN_01', 0, 1, 'storage detail', NULL, '/storagelayout/storage_masters/detail/', '', '', 'yes', '0000-00-00 00:00:00', '', '0000-00-00 00:00:00', ''),
('sto_CAN_03', 'sto_CAN_01', 0, 3, 'children storages', NULL, '/storagelayout/storage_masters/listChildrenStorages/', '', '', 'yes', '0000-00-00 00:00:00', '', '0000-00-00 00:00:00', ''),
('sto_CAN_04', 'sto_CAN_01', 0, 4, 'stored aliquots', NULL, '/storagelayout/storage_masters/searchStorageAliquots/', '', '', 'yes', '0000-00-00 00:00:00', '', '0000-00-00 00:00:00', ''),
('sto_CAN_05', 'sto_CAN_01', 0, 5, 'storage layout', NULL, '/storagelayout/storage_masters/seeStorageLayout/', '', '', 'yes', '0000-00-00 00:00:00', '', '0000-00-00 00:00:00', ''),
('sto_CAN_06', 'sto_CAN_01', 0, 2, 'storage coordinates', NULL, '/storagelayout/storage_coordinates/listAll/', '', '', 'yes', '0000-00-00 00:00:00', '', '0000-00-00 00:00:00', ''),
('sto_CAN_07', 'sto_CAN_02', 0, 1, 'tma data', NULL, '/storagelayout/storage_masters/detail/', '', '', 'yes', '0000-00-00 00:00:00', '', '0000-00-00 00:00:00', ''),
('sto_CAN_08', 'sto_CAN_02', 0, 2, 'slides list', NULL, '/storagelayout/tma_slides/listAll/', '', '', 'yes', '0000-00-00 00:00:00', '', '0000-00-00 00:00:00', ''),
('tool_CAN_100', 'core_CAN_33', 1, 9, 'tool_study', 'tool_study', '/study/study_summaries/listall/', '', '', 'yes', '0000-00-00 00:00:00', '', '0000-00-00 00:00:00', ''),
('tool_CAN_104', 'tool_CAN_100', 0, 1, 'tool_summary', 'tool_summary', '/study/study_summaries/detail/%%StudySummary,id%%/', '', 'Study.StudySummary::summary', 'yes', '0000-00-00 00:00:00', '', '0000-00-00 00:00:00', ''),
('tool_CAN_105', 'tool_CAN_100', 0, 2, 'tool_contact', 'tool_contact', '/study/study_contacts/listall/%%StudySummary.id%%/', '', 'Study.StudySummary::summary', 'yes', '0000-00-00 00:00:00', '', '0000-00-00 00:00:00', ''),
('tool_CAN_106', 'tool_CAN_100', 0, 3, 'tool_investigator', 'tool_investigator', '/study/study_investigators/listall/%%StudySummary.id%%/', '', 'Study.StudySummary::summary', 'yes', '0000-00-00 00:00:00', '', '0000-00-00 00:00:00', ''),
('tool_CAN_107', 'tool_CAN_100', 0, 4, 'tool_reviews', 'tool_reviews', '/study/study_reviews/listall/%%StudySummary.id%%/', '', 'Study.StudySummary::summary', 'yes', '0000-00-00 00:00:00', '', '0000-00-00 00:00:00', ''),
('tool_CAN_108', 'tool_CAN_100', 0, 5, 'tool_ethics', 'tool_ethics', '/study/study_ethics_boards/listall/%%StudySummary.id%%/', '', 'Study.StudySummary::summary', 'yes', '0000-00-00 00:00:00', '', '0000-00-00 00:00:00', ''),
('tool_CAN_109', 'tool_CAN_100', 0, 6, 'tool_funding', 'tool_funding', '/study/study_fundings/listall/%%StudySummary.id%%/', '', 'Study.StudySummary::summary', 'yes', '0000-00-00 00:00:00', '', '0000-00-00 00:00:00', ''),
('tool_CAN_110', 'tool_CAN_100', 0, 7, 'tool_result', 'tool_result', '/study/study_results/listall/%%StudySummary.id%%/', '', 'Study.StudySummary::summary', 'yes', '0000-00-00 00:00:00', '', '0000-00-00 00:00:00', ''),
('tool_CAN_112', 'tool_CAN_100', 0, 9, 'tool_related studies', 'tool_related studies', '/study/study_related/listall/%%StudySummary.id%%/', '', 'Study.StudySummary::summary', 'yes', '0000-00-00 00:00:00', '', '0000-00-00 00:00:00', ''),
('tool_CAN_38', 'core_CAN_33', 1, 101, 'pricing', 'pricing', '/under_development/', '', '', 'yes', '0000-00-00 00:00:00', '', '0000-00-00 00:00:00', ''),
('tool_CAN_43', 'core_CAN_33', 1, 102, 'provider', 'provider', '/provider/providers/index/', '', '', 'yes', '0000-00-00 00:00:00', '', '0000-00-00 00:00:00', ''),
('tool_CAN_48', 'core_CAN_33', 1, 100, 'collection kit', 'collection kit', '/under_development/', '', '', 'yes', '0000-00-00 00:00:00', '', '0000-00-00 00:00:00', '');
