UPDATE structure_value_domains_permissible_values SET flag_active=1 WHERE structure_value_domain_id=356;

INSERT INTO diagnosis_controls (controls_type, flag_active, form_alias) VALUES
('cap report - larynx (ld vers.)', 1, 'qc_gastro_dxd_cap_larynx'),
('cap report - pharynx (ld vers.)', 1, 'qc_gastro_dxd_cap_pharynx'),
('cap report - lip/oral (ld vers.)', 1, 'qc_gastro_dxd_cap_lip_oral'),
('cap report - sal.glands (ld vers.)', 1, 'qc_gastro_dxd_cap_sal_glands'),
('cap report - nas/sinus (ld vers.)', 1, 'qc_gastro_dxd_cap_nas_sinus'),
('cap report - thyroid (ld vers.)', 1, 'qc_gastro_dxd_cap_thyroid');

REPLACE INTO i18n (id, en, fr) VALUES
("pn2: qc_gastro_cap_larynx_pn", "pn2: Metastasis in a single ipsilateral lymph node, more than 3 cm but not more than 6 cm in greatest dimension, or in multiple ipsilateral lymph nodes, none more than 6 cm in greatest dimension, or in bilateral or contralateral lymph nodes, none more than 6 cm in greatest dimension", "pn2: Metastasis in a single ipsilateral lymph node, more than 3 cm but not more than 6 cm in greatest dimension, or in multiple ipsilateral lymph nodes, none more than 6 cm in greatest dimension, or in bilateral or contralateral lymph nodes, none more than 6 cm in greatest dimension");
UPDATE diagnosis_controls SET databrowser_label=controls_type, detail_tablename=form_alias WHERE id >= 22;

INSERT INTO structure_value_domains(`domain_name`, `override`, `category`, `source`) VALUES ('histologic_grade_larynx', '', '', NULL);
INSERT IGNORE INTO structure_permissible_values (`value`, `language_alias`) VALUES("not applicable", "not applicable");
INSERT INTO structure_value_domains_permissible_values (`structure_value_domain_id`, `structure_permissible_value_id`, `display_order`, `flag_active`) VALUES((SELECT id FROM structure_value_domains WHERE domain_name="histologic_grade_larynx"),  (SELECT id FROM structure_permissible_values WHERE value="not applicable" AND language_alias="not applicable"), "1", "1");
INSERT IGNORE INTO structure_permissible_values (`value`, `language_alias`) VALUES("gx", "gx: Cannot be assessed");
INSERT INTO structure_value_domains_permissible_values (`structure_value_domain_id`, `structure_permissible_value_id`, `display_order`, `flag_active`) VALUES((SELECT id FROM structure_value_domains WHERE domain_name="histologic_grade_larynx"),  (SELECT id FROM structure_permissible_values WHERE value="gx" AND language_alias="gx: Cannot be assessed"), "1", "1");
INSERT IGNORE INTO structure_permissible_values (`value`, `language_alias`) VALUES("g1", "g1: Well differentiated");
INSERT INTO structure_value_domains_permissible_values (`structure_value_domain_id`, `structure_permissible_value_id`, `display_order`, `flag_active`) VALUES((SELECT id FROM structure_value_domains WHERE domain_name="histologic_grade_larynx"),  (SELECT id FROM structure_permissible_values WHERE value="g1" AND language_alias="g1: Well differentiated"), "1", "1");
INSERT IGNORE INTO structure_permissible_values (`value`, `language_alias`) VALUES("g2", "g2: Moderately differentiated");
INSERT INTO structure_value_domains_permissible_values (`structure_value_domain_id`, `structure_permissible_value_id`, `display_order`, `flag_active`) VALUES((SELECT id FROM structure_value_domains WHERE domain_name="histologic_grade_larynx"),  (SELECT id FROM structure_permissible_values WHERE value="g2" AND language_alias="g2: Moderately differentiated"), "1", "1");
INSERT IGNORE INTO structure_permissible_values (`value`, `language_alias`) VALUES("g3", "g3: Poorly differentiated");
INSERT INTO structure_value_domains_permissible_values (`structure_value_domain_id`, `structure_permissible_value_id`, `display_order`, `flag_active`) VALUES((SELECT id FROM structure_value_domains WHERE domain_name="histologic_grade_larynx"),  (SELECT id FROM structure_permissible_values WHERE value="g3" AND language_alias="g3: Poorly differentiated"), "1", "1");
INSERT IGNORE INTO structure_permissible_values (`value`, `language_alias`) VALUES("other", "other (specify)");
INSERT INTO structure_value_domains_permissible_values (`structure_value_domain_id`, `structure_permissible_value_id`, `display_order`, `flag_active`) VALUES((SELECT id FROM structure_value_domains WHERE domain_name="histologic_grade_larynx"),  (SELECT id FROM structure_permissible_values WHERE value="other" AND language_alias="other (specify)"), "1", "1");



INSERT INTO structure_value_domains(`domain_name`, `override`, `category`, `source`) VALUES ('qc_gastro_cap_pt_general', '', '', NULL);
INSERT INTO structure_value_domains_permissible_values(structure_value_domain_id, structure_permissible_value_id) VALUES
((SELECT id FROM structure_value_domains WHERE domain_name='qc_gastro_cap_pt_general'), 914),
((SELECT id FROM structure_value_domains WHERE domain_name='qc_gastro_cap_pt_general'), 915),
((SELECT id FROM structure_value_domains WHERE domain_name='qc_gastro_cap_pt_general'), 916);

INSERT INTO structure_value_domains(`domain_name`, `override`, `category`, `source`) VALUES ('qc_gastro_cap_larynx_pt_supra', '', '', NULL);
INSERT IGNORE INTO structure_permissible_values (`value`, `language_alias`) VALUES("pt1", "pt1: Tumor limited to one subsite of supraglottis with normal vocal cord mobility");
INSERT INTO structure_value_domains_permissible_values (`structure_value_domain_id`, `structure_permissible_value_id`, `display_order`, `flag_active`) VALUES((SELECT id FROM structure_value_domains WHERE domain_name="qc_gastro_cap_larynx_pt_supra"),  (SELECT id FROM structure_permissible_values WHERE value="pt1" AND language_alias="pt1: Tumor limited to one subsite of supraglottis with normal vocal cord mobility"), "0", "1");
INSERT IGNORE INTO structure_permissible_values (`value`, `language_alias`) VALUES("pt2", "pt2: Tumor invades mucosa of more than one adjacent subsite of supraglottis or glottis or region outside the supraglottis without fixation of the larynx");
INSERT INTO structure_value_domains_permissible_values (`structure_value_domain_id`, `structure_permissible_value_id`, `display_order`, `flag_active`) VALUES((SELECT id FROM structure_value_domains WHERE domain_name="qc_gastro_cap_larynx_pt_supra"),  (SELECT id FROM structure_permissible_values WHERE value="pt2" AND language_alias="pt2: Tumor invades mucosa of more than one adjacent subsite of supraglottis or glottis or region outside the supraglottis without fixation of the larynx"), "0", "1");
INSERT IGNORE INTO structure_permissible_values (`value`, `language_alias`) VALUES("pt3", "pt3: Tumor limited to larynx with vocal cord fixation and/or invades any of the following: postcricoid area, preepiglottic space, paraglottic space, and/or inner cortex of thyroid cartilage");
INSERT INTO structure_value_domains_permissible_values (`structure_value_domain_id`, `structure_permissible_value_id`, `display_order`, `flag_active`) VALUES((SELECT id FROM structure_value_domains WHERE domain_name="qc_gastro_cap_larynx_pt_supra"),  (SELECT id FROM structure_permissible_values WHERE value="pt3" AND language_alias="pt3: Tumor limited to larynx with vocal cord fixation and/or invades any of the following: postcricoid area, preepiglottic space, paraglottic space, and/or inner cortex of thyroid cartilage"), "0", "1");
INSERT IGNORE INTO structure_permissible_values (`value`, `language_alias`) VALUES("pt4a", "pt4a: Moderately advanced local disease.");
INSERT INTO structure_value_domains_permissible_values (`structure_value_domain_id`, `structure_permissible_value_id`, `display_order`, `flag_active`) VALUES((SELECT id FROM structure_value_domains WHERE domain_name="qc_gastro_cap_larynx_pt_supra"),  (SELECT id FROM structure_permissible_values WHERE value="pt4a" AND language_alias="pt4a: Moderately advanced local disease."), "0", "1");
INSERT IGNORE INTO structure_permissible_values (`value`, `language_alias`) VALUES("pt4b", "pt4b: Very advanced local disease.");
INSERT INTO structure_value_domains_permissible_values (`structure_value_domain_id`, `structure_permissible_value_id`, `display_order`, `flag_active`) VALUES((SELECT id FROM structure_value_domains WHERE domain_name="qc_gastro_cap_larynx_pt_supra"),  (SELECT id FROM structure_permissible_values WHERE value="pt4b" AND language_alias="pt4b: Very advanced local disease."), "0", "1");

INSERT INTO structure_value_domains(`domain_name`, `override`, `category`, `source`) VALUES ('qc_gastro_cap_larynx_pt_glottis', '', '', NULL);
INSERT IGNORE INTO structure_permissible_values (`value`, `language_alias`) VALUES("pt1", "pt1: Tumor limited to the vocal cord(s) with normal mobility");
INSERT INTO structure_value_domains_permissible_values (`structure_value_domain_id`, `structure_permissible_value_id`, `display_order`, `flag_active`) VALUES((SELECT id FROM structure_value_domains WHERE domain_name="qc_gastro_cap_larynx_pt_glottis"),  (SELECT id FROM structure_permissible_values WHERE value="pt1" AND language_alias="pt1: Tumor limited to the vocal cord(s) with normal mobility"), "0", "1");
INSERT IGNORE INTO structure_permissible_values (`value`, `language_alias`) VALUES("pt1a", "pt1a: Tumor limited to one vocal cord");
INSERT INTO structure_value_domains_permissible_values (`structure_value_domain_id`, `structure_permissible_value_id`, `display_order`, `flag_active`) VALUES((SELECT id FROM structure_value_domains WHERE domain_name="qc_gastro_cap_larynx_pt_glottis"),  (SELECT id FROM structure_permissible_values WHERE value="pt1a" AND language_alias="pt1a: Tumor limited to one vocal cord"), "0", "1");
INSERT IGNORE INTO structure_permissible_values (`value`, `language_alias`) VALUES("pt1b", "pt1b: Tumor involves both vocal cords");
INSERT INTO structure_value_domains_permissible_values (`structure_value_domain_id`, `structure_permissible_value_id`, `display_order`, `flag_active`) VALUES((SELECT id FROM structure_value_domains WHERE domain_name="qc_gastro_cap_larynx_pt_glottis"),  (SELECT id FROM structure_permissible_values WHERE value="pt1b" AND language_alias="pt1b: Tumor involves both vocal cords"), "0", "1");
INSERT IGNORE INTO structure_permissible_values (`value`, `language_alias`) VALUES("pt2", "pt2: Tumor extends to supraglottis and/or subglottis and/or with impaired vocal cord mobility");
INSERT INTO structure_value_domains_permissible_values (`structure_value_domain_id`, `structure_permissible_value_id`, `display_order`, `flag_active`) VALUES((SELECT id FROM structure_value_domains WHERE domain_name="qc_gastro_cap_larynx_pt_glottis"),  (SELECT id FROM structure_permissible_values WHERE value="pt2" AND language_alias="pt2: Tumor extends to supraglottis and/or subglottis and/or with impaired vocal cord mobility"), "0", "1");
INSERT IGNORE INTO structure_permissible_values (`value`, `language_alias`) VALUES("pt3", "pt3: Tumor limited to the larynx with vocal cord fixation and/or invades paraglottic space and/or minor thyroid cartilage erosion");
INSERT INTO structure_value_domains_permissible_values (`structure_value_domain_id`, `structure_permissible_value_id`, `display_order`, `flag_active`) VALUES((SELECT id FROM structure_value_domains WHERE domain_name="qc_gastro_cap_larynx_pt_glottis"),  (SELECT id FROM structure_permissible_values WHERE value="pt3" AND language_alias="pt3: Tumor limited to the larynx with vocal cord fixation and/or invades paraglottic space and/or minor thyroid cartilage erosion"), "0", "1");
INSERT IGNORE INTO structure_permissible_values (`value`, `language_alias`) VALUES("pt4a", "pt4a: Moderately advanced local disease. Tumor invades through the outer cortex of the thyroid cartilage and/or invades tissues beyond the larynx");
INSERT INTO structure_value_domains_permissible_values (`structure_value_domain_id`, `structure_permissible_value_id`, `display_order`, `flag_active`) VALUES((SELECT id FROM structure_value_domains WHERE domain_name="qc_gastro_cap_larynx_pt_glottis"),  (SELECT id FROM structure_permissible_values WHERE value="pt4a" AND language_alias="pt4a: Moderately advanced local disease. Tumor invades through the outer cortex of the thyroid cartilage and/or invades tissues beyond the larynx"), "0", "1");
INSERT IGNORE INTO structure_permissible_values (`value`, `language_alias`) VALUES("pt4b", "pt4b: Very advanced local disease. Tumor invades prevertebral space, encases carotid artery, or invades mediastinal structures");
INSERT INTO structure_value_domains_permissible_values (`structure_value_domain_id`, `structure_permissible_value_id`, `display_order`, `flag_active`) VALUES((SELECT id FROM structure_value_domains WHERE domain_name="qc_gastro_cap_larynx_pt_glottis"),  (SELECT id FROM structure_permissible_values WHERE value="pt4b" AND language_alias="pt4b: Very advanced local disease. Tumor invades prevertebral space, encases carotid artery, or invades mediastinal structures"), "0", "1");

INSERT INTO structure_value_domains(`domain_name`, `override`, `category`, `source`) VALUES ('qc_gastro_cap_larynx_pt_sub', '', '', NULL);
INSERT IGNORE INTO structure_permissible_values (`value`, `language_alias`) VALUES("pt1", "pt1: Tumor limited to subglottis");
INSERT INTO structure_value_domains_permissible_values (`structure_value_domain_id`, `structure_permissible_value_id`, `display_order`, `flag_active`) VALUES((SELECT id FROM structure_value_domains WHERE domain_name="qc_gastro_cap_larynx_pt_sub"),  (SELECT id FROM structure_permissible_values WHERE value="pt1" AND language_alias="pt1: Tumor limited to subglottis"), "0", "1");
INSERT IGNORE INTO structure_permissible_values (`value`, `language_alias`) VALUES("pt2", "pt2: Tumor extends to vocal cord(s) with normal or impaired mobility");
INSERT INTO structure_value_domains_permissible_values (`structure_value_domain_id`, `structure_permissible_value_id`, `display_order`, `flag_active`) VALUES((SELECT id FROM structure_value_domains WHERE domain_name="qc_gastro_cap_larynx_pt_sub"),  (SELECT id FROM structure_permissible_values WHERE value="pt2" AND language_alias="pt2: Tumor extends to vocal cord(s) with normal or impaired mobility"), "0", "1");
INSERT IGNORE INTO structure_permissible_values (`value`, `language_alias`) VALUES("pt3", "pt3: Tumor limited to larynx with vocal cord fixation");
INSERT INTO structure_value_domains_permissible_values (`structure_value_domain_id`, `structure_permissible_value_id`, `display_order`, `flag_active`) VALUES((SELECT id FROM structure_value_domains WHERE domain_name="qc_gastro_cap_larynx_pt_sub"),  (SELECT id FROM structure_permissible_values WHERE value="pt3" AND language_alias="pt3: Tumor limited to larynx with vocal cord fixation"), "0", "1");
INSERT IGNORE INTO structure_permissible_values (`value`, `language_alias`) VALUES("pt4a", "pt4a: Moderately advanced local disease");
INSERT INTO structure_value_domains_permissible_values (`structure_value_domain_id`, `structure_permissible_value_id`, `display_order`, `flag_active`) VALUES((SELECT id FROM structure_value_domains WHERE domain_name="qc_gastro_cap_larynx_pt_sub"),  (SELECT id FROM structure_permissible_values WHERE value="pt4a" AND language_alias="pt4a: Moderately advanced local disease"), "0", "1");
INSERT IGNORE INTO structure_permissible_values (`value`, `language_alias`) VALUES("pt4b", "pt4b: Very advanced local disease");
INSERT INTO structure_value_domains_permissible_values (`structure_value_domain_id`, `structure_permissible_value_id`, `display_order`, `flag_active`) VALUES((SELECT id FROM structure_value_domains WHERE domain_name="qc_gastro_cap_larynx_pt_sub"),  (SELECT id FROM structure_permissible_values WHERE value="pt4b" AND language_alias="pt4b: Very advanced local disease"), "0", "1");

INSERT INTO structure_value_domains(`domain_name`, `override`, `category`, `source`) VALUES ('qc_gastro_cap_larynx_pn', '', '', NULL);
INSERT IGNORE INTO structure_permissible_values (`value`, `language_alias`) VALUES("pnx", "pnx: Cannot be assessed");
INSERT INTO structure_value_domains_permissible_values (`structure_value_domain_id`, `structure_permissible_value_id`, `display_order`, `flag_active`) VALUES((SELECT id FROM structure_value_domains WHERE domain_name="qc_gastro_cap_larynx_pn"),  (SELECT id FROM structure_permissible_values WHERE value="pnx" AND language_alias="pnx: Cannot be assessed"), "0", "1");
INSERT IGNORE INTO structure_permissible_values (`value`, `language_alias`) VALUES("pn0", "pn0: No regional lymph node metastasis");
INSERT INTO structure_value_domains_permissible_values (`structure_value_domain_id`, `structure_permissible_value_id`, `display_order`, `flag_active`) VALUES((SELECT id FROM structure_value_domains WHERE domain_name="qc_gastro_cap_larynx_pn"),  (SELECT id FROM structure_permissible_values WHERE value="pn0" AND language_alias="pn0: No regional lymph node metastasis"), "0", "1");
INSERT IGNORE INTO structure_permissible_values (`value`, `language_alias`) VALUES("pn1", "pn1: Metastasis in a single ipsilateral lymph node, 3 cm or less in greatest dimension");
INSERT INTO structure_value_domains_permissible_values (`structure_value_domain_id`, `structure_permissible_value_id`, `display_order`, `flag_active`) VALUES((SELECT id FROM structure_value_domains WHERE domain_name="qc_gastro_cap_larynx_pn"),  (SELECT id FROM structure_permissible_values WHERE value="pn1" AND language_alias="pn1: Metastasis in a single ipsilateral lymph node, 3 cm or less in greatest dimension"), "0", "1");
INSERT IGNORE INTO structure_permissible_values (`value`, `language_alias`) VALUES("pn2", "pn2: qc_gastro_cap_larynx_pn");
INSERT INTO structure_value_domains_permissible_values (`structure_value_domain_id`, `structure_permissible_value_id`, `display_order`, `flag_active`) VALUES((SELECT id FROM structure_value_domains WHERE domain_name="qc_gastro_cap_larynx_pn"),  (SELECT id FROM structure_permissible_values WHERE value="pn2" AND language_alias="pn2: qc_gastro_cap_larynx_pn"), "0", "1");
INSERT IGNORE INTO structure_permissible_values (`value`, `language_alias`) VALUES("pn2a", "pn2a: Metastasis in a single ipsilateral lymph node, more than 3 cm but not more than 6 cm in greatest dimension");
INSERT INTO structure_value_domains_permissible_values (`structure_value_domain_id`, `structure_permissible_value_id`, `display_order`, `flag_active`) VALUES((SELECT id FROM structure_value_domains WHERE domain_name="qc_gastro_cap_larynx_pn"),  (SELECT id FROM structure_permissible_values WHERE value="pn2a" AND language_alias="pn2a: Metastasis in a single ipsilateral lymph node, more than 3 cm but not more than 6 cm in greatest dimension"), "0", "1");
INSERT IGNORE INTO structure_permissible_values (`value`, `language_alias`) VALUES("pn2b", "pn2b: Metastasis in multiple ipsilateral lymph nodes, none more than 6 cm in greatest dimension");
INSERT INTO structure_value_domains_permissible_values (`structure_value_domain_id`, `structure_permissible_value_id`, `display_order`, `flag_active`) VALUES((SELECT id FROM structure_value_domains WHERE domain_name="qc_gastro_cap_larynx_pn"),  (SELECT id FROM structure_permissible_values WHERE value="pn2b" AND language_alias="pn2b: Metastasis in multiple ipsilateral lymph nodes, none more than 6 cm in greatest dimension"), "0", "1");
INSERT IGNORE INTO structure_permissible_values (`value`, `language_alias`) VALUES("pn3", "pn3: Metastasis in a lymph node more than 6 cm in greatest dimension");
INSERT INTO structure_value_domains_permissible_values (`structure_value_domain_id`, `structure_permissible_value_id`, `display_order`, `flag_active`) VALUES((SELECT id FROM structure_value_domains WHERE domain_name="qc_gastro_cap_larynx_pn"),  (SELECT id FROM structure_permissible_values WHERE value="pn3" AND language_alias="pn3: Metastasis in a lymph node more than 6 cm in greatest dimension"), "0", "1");
INSERT IGNORE INTO structure_permissible_values (`value`, `language_alias`) VALUES("no nodes", "no nodes submitted or found");
INSERT INTO structure_value_domains_permissible_values (`structure_value_domain_id`, `structure_permissible_value_id`, `display_order`, `flag_active`) VALUES((SELECT id FROM structure_value_domains WHERE domain_name="qc_gastro_cap_larynx_pn"),  (SELECT id FROM structure_permissible_values WHERE value="no nodes" AND language_alias="no nodes submitted or found"), "0", "1");

INSERT INTO structure_value_domains(`domain_name`, `override`, `category`, `source`) VALUES ('qc_gastro_cap_larynx_pm', '', '', NULL);
INSERT IGNORE INTO structure_permissible_values (`value`, `language_alias`) VALUES("not applicable", "not applicable");
INSERT INTO structure_value_domains_permissible_values (`structure_value_domain_id`, `structure_permissible_value_id`, `display_order`, `flag_active`) VALUES((SELECT id FROM structure_value_domains WHERE domain_name="qc_gastro_cap_larynx_pm"),  (SELECT id FROM structure_permissible_values WHERE value="not applicable" AND language_alias="not applicable"), "0", "1");
INSERT IGNORE INTO structure_permissible_values (`value`, `language_alias`) VALUES("pm1", "pm1: Distant metastasis");
INSERT INTO structure_value_domains_permissible_values (`structure_value_domain_id`, `structure_permissible_value_id`, `display_order`, `flag_active`) VALUES((SELECT id FROM structure_value_domains WHERE domain_name="qc_gastro_cap_larynx_pm"),  (SELECT id FROM structure_permissible_values WHERE value="pm1" AND language_alias="pm1: Distant metastasis"), "0", "1");

INSERT INTO structure_value_domains(`domain_name`, `override`, `category`, `source`) VALUES ('qc_gastro_cap_larynx_mucosal_pt', '', '', NULL);
INSERT IGNORE INTO structure_permissible_values (`value`, `language_alias`) VALUES("pt3", "pt3: Mucosal disease");
INSERT INTO structure_value_domains_permissible_values (`structure_value_domain_id`, `structure_permissible_value_id`, `display_order`, `flag_active`) VALUES((SELECT id FROM structure_value_domains WHERE domain_name="qc_gastro_cap_larynx_mucosal_pt"),  (SELECT id FROM structure_permissible_values WHERE value="pt3" AND language_alias="pt3: Mucosal disease"), "0", "1");
INSERT IGNORE INTO structure_permissible_values (`value`, `language_alias`) VALUES("pt4a", "pt4a: Moderately advanced disease. Tumor involving deep soft tissue, cartilage, bone, or overlying skin");
INSERT INTO structure_value_domains_permissible_values (`structure_value_domain_id`, `structure_permissible_value_id`, `display_order`, `flag_active`) VALUES((SELECT id FROM structure_value_domains WHERE domain_name="qc_gastro_cap_larynx_mucosal_pt"),  (SELECT id FROM structure_permissible_values WHERE value="pt4a" AND language_alias="pt4a: Moderately advanced disease. Tumor involving deep soft tissue, cartilage, bone, or overlying skin"), "0", "1");
INSERT IGNORE INTO structure_permissible_values (`value`, `language_alias`) VALUES("pt4b", "pt4b: Very advanced disease");
INSERT INTO structure_value_domains_permissible_values (`structure_value_domain_id`, `structure_permissible_value_id`, `display_order`, `flag_active`) VALUES((SELECT id FROM structure_value_domains WHERE domain_name="qc_gastro_cap_larynx_mucosal_pt"),  (SELECT id FROM structure_permissible_values WHERE value="pt4b" AND language_alias="pt4b: Very advanced disease"), "0", "1");

INSERT INTO structure_value_domains(`domain_name`, `override`, `category`, `source`) VALUES ('qc_gastro_cap_larynx_mucosal_pn', '', '', NULL);
INSERT IGNORE INTO structure_permissible_values (`value`, `language_alias`) VALUES("pnx", "pnx: Regional lymph nodes cannot be assessed");
INSERT INTO structure_value_domains_permissible_values (`structure_value_domain_id`, `structure_permissible_value_id`, `display_order`, `flag_active`) VALUES((SELECT id FROM structure_value_domains WHERE domain_name="qc_gastro_cap_larynx_mucosal_pn"),  (SELECT id FROM structure_permissible_values WHERE value="pnx" AND language_alias="pnx: Regional lymph nodes cannot be assessed"), "0", "1");
INSERT IGNORE INTO structure_permissible_values (`value`, `language_alias`) VALUES("pn0", "pn0: No regional lymph node metastases");
INSERT INTO structure_value_domains_permissible_values (`structure_value_domain_id`, `structure_permissible_value_id`, `display_order`, `flag_active`) VALUES((SELECT id FROM structure_value_domains WHERE domain_name="qc_gastro_cap_larynx_mucosal_pn"),  (SELECT id FROM structure_permissible_values WHERE value="pn0" AND language_alias="pn0: No regional lymph node metastases"), "0", "1");
INSERT IGNORE INTO structure_permissible_values (`value`, `language_alias`) VALUES("pn1", "pn1: Regional lymph node metastases present");
INSERT INTO structure_value_domains_permissible_values (`structure_value_domain_id`, `structure_permissible_value_id`, `display_order`, `flag_active`) VALUES((SELECT id FROM structure_value_domains WHERE domain_name="qc_gastro_cap_larynx_mucosal_pn"),  (SELECT id FROM structure_permissible_values WHERE value="pn1" AND language_alias="pn1: Regional lymph node metastases present"), "0", "1");

INSERT INTO structure_value_domains(`domain_name`, `override`, `category`, `source`) VALUES ('qc_gastro_cap_larynx_mucosal_pm', '', '', NULL);
INSERT IGNORE INTO structure_permissible_values (`value`, `language_alias`) VALUES("not applicable", "not applicable");
INSERT INTO structure_value_domains_permissible_values (`structure_value_domain_id`, `structure_permissible_value_id`, `display_order`, `flag_active`) VALUES((SELECT id FROM structure_value_domains WHERE domain_name="qc_gastro_cap_larynx_mucosal_pm"),  (SELECT id FROM structure_permissible_values WHERE value="not applicable" AND language_alias="not applicable"), "0", "1");
INSERT IGNORE INTO structure_permissible_values (`value`, `language_alias`) VALUES("pm1", "pm1: Distant metastasis present");
INSERT INTO structure_value_domains_permissible_values (`structure_value_domain_id`, `structure_permissible_value_id`, `display_order`, `flag_active`) VALUES((SELECT id FROM structure_value_domains WHERE domain_name="qc_gastro_cap_larynx_mucosal_pm"),  (SELECT id FROM structure_permissible_values WHERE value="pm1" AND language_alias="pm1: Distant metastasis present"), "0", "1");


CREATE TABLE qc_gastro_dxd_cap_larynx(
 id INT UNSIGNED NOT NULL AUTO_INCREMENT PRIMARY KEY,
 diagnosis_master_id INT NOT NULL,
 specimen_is_larynx_supraglottis CHAR(1) NOT NULL DEFAULT '',
 specimen_is_larynx_glottis CHAR(1) NOT NULL DEFAULT '',
 specimen_is_larynx_subglottis CHAR(1) NOT NULL DEFAULT '',
 specimen_is_other CHAR(1) NOT NULL DEFAULT '',
 specimen_other VARCHAR(50) NOT NULL DEFAULT '',
 specimen_is_unspecified CHAR(1) NOT NULL DEFAULT '',
 procedure_is_incisional_biopsy CHAR(1) NOT NULL DEFAULT '',
 procedure_is_excisional_biopsy CHAR(1) NOT NULL DEFAULT '',
 procedure_is_resection CHAR(1) NOT NULL DEFAULT '',
 procedure_is_resection_stripping CHAR(1) NOT NULL DEFAULT '',
 procedure_is_resection_transoral CHAR(1) NOT NULL DEFAULT '',
 procedure_is_resection_supraglottic CHAR(1) NOT NULL DEFAULT '',
 procedure_is_resection_supracricoid CHAR(1) NOT NULL DEFAULT '',
 procedure_is_resection_vertical CHAR(1) NOT NULL DEFAULT '',
 procedure_is_resection_vertical_side VARCHAR(50) NOT NULL DEFAULT '',
 procedure_is_resection_partial CHAR(1) NOT NULL DEFAULT '',
 procedure_is_resection_partial_type CHAR(50) NOT NULL DEFAULT '',
 procedure_is_resection_total CHAR(1) NOT NULL DEFAULT '',
 procedure_is_neck CHAR(1) NOT NULL DEFAULT '',
 procedure_is_neck_specify CHAR(50) NOT NULL DEFAULT '',
 procedure_is_other CHAR(1) NOT NULL DEFAULT '',
 procedure_is_other_specify CHAR(50) NOT NULL DEFAULT '',
 procedure_is_unspecified CHAR(1) NOT NULL DEFAULT '',
 laterality_is_right CHAR(1) NOT NULL DEFAULT '', 
 laterality_is_left CHAR(1) NOT NULL DEFAULT '', 
 laterality_is_bilateral CHAR(1) NOT NULL DEFAULT '', 
 laterality_is_transglottic CHAR(1) NOT NULL DEFAULT '', 
 laterality_is_midline CHAR(1) NOT NULL DEFAULT '', 
 laterality_is_unspecified CHAR(1) NOT NULL DEFAULT '',
 site_is_supraglottis  CHAR(1) NOT NULL DEFAULT '',
 site_is_supraglottis_epiglottis  CHAR(1) NOT NULL DEFAULT '',
 site_is_supraglottis_epiglottis_lingual  CHAR(1) NOT NULL DEFAULT '',
 site_is_supraglottis_epiglottis_laryngeal  CHAR(1) NOT NULL DEFAULT '',
 site_is_supraglottis_aryepiglottic  CHAR(1) NOT NULL DEFAULT '',
 site_is_supraglottis_arytenoid  CHAR(1) NOT NULL DEFAULT '',
 site_is_supraglottis_false  CHAR(1) NOT NULL DEFAULT '',
 site_is_supraglottis_ventricle  CHAR(1) NOT NULL DEFAULT '',
 site_is_glottis  CHAR(1) NOT NULL DEFAULT '',
 site_is_glottis_true  CHAR(1) NOT NULL DEFAULT '',
 site_is_glottis_anterior  CHAR(1) NOT NULL DEFAULT '',
 site_is_glottis_posterior  CHAR(1) NOT NULL DEFAULT '',
 site_is_subglottis  CHAR(1) NOT NULL DEFAULT '',
 site_is_other  CHAR(1) NOT NULL DEFAULT '',
 site_is_other_specify  VARCHAR(50) NOT NULL DEFAULT '',
 site_is_unspecified  CHAR(1) NOT NULL DEFAULT '',
 tumor_size_cannot_determine CHAR(1) NOT NULL DEFAULT '',
 tumor_greatest_cm FLOAT UNSIGNED DEFAULT NULL,
 tumor_size_add1_cm FLOAT UNSIGNED DEFAULT NULL,
 tumor_size_add2_cm FLOAT UNSIGNED DEFAULT NULL,
 hist_type_squamous CHAR(1) NOT NULL DEFAULT '',
 hist_type_acantholytic CHAR(1) NOT NULL DEFAULT '',
 hist_type_adenosquamous CHAR(1) NOT NULL DEFAULT '',
 hist_type_basaloid CHAR(1) NOT NULL DEFAULT '',
 hist_type_papillary CHAR(1) NOT NULL DEFAULT '',
 hist_type_spindle CHAR(1) NOT NULL DEFAULT '',
 hist_type_verrucous CHAR(1) NOT NULL DEFAULT '',
 hist_type_giant_cell CHAR(1) NOT NULL DEFAULT '',
 hist_type_lympoepithelial CHAR(1) NOT NULL DEFAULT '',
 hist_type_typical CHAR(1) NOT NULL DEFAULT '',
 hist_type_atypical CHAR(1) NOT NULL DEFAULT '',
 hist_type_small_cell CHAR(1) NOT NULL DEFAULT '',
 hist_type_combined CHAR(1) NOT NULL DEFAULT '',
 hist_type_mucosal CHAR(1) NOT NULL DEFAULT '',
 hist_type_adenoid CHAR(1) NOT NULL DEFAULT '',
 hist_type_mucoepidemoid CHAR(1) NOT NULL DEFAULT '',
 hist_type_mucoepidemoid_low CHAR(1) NOT NULL DEFAULT '',
 hist_type_mucoepidemoid_intermediate CHAR(1) NOT NULL DEFAULT '',
 hist_type_mucoepidemoid_high CHAR(1) NOT NULL DEFAULT '',
 hist_type_other CHAR(1) NOT NULL DEFAULT '',
 hist_type_other_specify VARCHAR(50) NOT NULL DEFAULT '',
 hist_type_other_carcinoma CHAR(1) NOT NULL DEFAULT '',
 hist_type_other_carcinoma_specify VARCHAR(50) NOT NULL DEFAULT '',
 hist_type_carcinoma CHAR(1) NOT NULL DEFAULT '',
 hist_grade VARCHAR(50) NOT NULL DEFAULT '',
 hist_grade_other_specify VARCHAR(50) NOT NULL DEFAULT '',
 lymph_vascular_invasion VARCHAR(50) NOT NULL DEFAULT '',
 perineural_invasion VARCHAR(50) NOT NULL DEFAULT '',
 tnm_descriptor_m CHAR(1) NOT NULL DEFAULT '',
 tnm_descriptor_r CHAR(1) NOT NULL DEFAULT '',
 tnm_descriptor_y CHAR(1) NOT NULL DEFAULT '',
 pt VARCHAR(20) NOT NULL DEFAULT '',
 pt_supraglottis VARCHAR(20) NOT NULL DEFAULT '',
 pt_glottis VARCHAR(20) NOT NULL DEFAULT '',
 pt_subglottis VARCHAR(20) NOT NULL DEFAULT '',
 pn VARCHAR(20) NOT NULL DEFAULT '',
 number_nodes_examined INT UNSIGNED DEFAULT NULL,
 number_nodes_examined_cannot_be_determined CHAR(1) NOT NULL DEFAULT '',
 number_nodes_examined_cannot_be_determined_explain VARCHAR(200) NOT NULL DEFAULT '',
 number_nodes_involved INT UNSIGNED DEFAULT NULL,
 number_nodes_involved_cannot_be_determined CHAR(1) NOT NULL DEFAULT '',
 number_nodes_involved_cannot_be_determined_explain VARCHAR(200) NOT NULL DEFAULT '',
 size_greatest_dimension_largest_pos_lymph_node FLOAT UNSIGNED DEFAULT NULL,
 pm VARCHAR(20) NOT NULL DEFAULT '',
 pm_site_specify VARCHAR(50) NOT NULL DEFAULT '',
 pm_source_specify VARCHAR(50) NOT NULL DEFAULT '',
 pt_mucosal VARCHAR(20) NOT NULL DEFAULT '',
 pn_mucosal VARCHAR(20) NOT NULL DEFAULT '',
 pm_mucosal VARCHAR(20) NOT NULL DEFAULT '',
 pm_mucosal_site_specify VARCHAR(50) NOT NULL DEFAULT '',
 pm_mucosal_source_specify VARCHAR(50) NOT NULL DEFAULT '',
 deleted BOOLEAN NOT NULL DEFAULT FALSE,
 FOREIGN KEY (dignosis_master_id) REFERENCES diagnosis_masters(id)
)Engine=InnoDb;
CREATE TABLE qc_gastro_dxd_cap_larynx_revs(
 id INT UNSIGNED NOT NULL,
 diagnosis_master_id INT NOT NULL,
 specimen_is_larynx_supraglottis CHAR(1) NOT NULL DEFAULT '',
 specimen_is_larynx_glottis CHAR(1) NOT NULL DEFAULT '',
 specimen_is_larynx_subglottis CHAR(1) NOT NULL DEFAULT '',
 specimen_is_other CHAR(1) NOT NULL DEFAULT '',
 specimen_other VARCHAR(50) NOT NULL DEFAULT '',
 specimen_is_unspecified CHAR(1) NOT NULL DEFAULT '',
 procedure_is_incisional_biopsy CHAR(1) NOT NULL DEFAULT '',
 procedure_is_excisional_biopsy CHAR(1) NOT NULL DEFAULT '',
 procedure_is_resection CHAR(1) NOT NULL DEFAULT '',
 procedure_is_resection_stripping CHAR(1) NOT NULL DEFAULT '',
 procedure_is_resection_transoral CHAR(1) NOT NULL DEFAULT '',
 procedure_is_resection_supraglottic CHAR(1) NOT NULL DEFAULT '',
 procedure_is_resection_supracricoid CHAR(1) NOT NULL DEFAULT '',
 procedure_is_resection_vertical CHAR(1) NOT NULL DEFAULT '',
 procedure_is_resection_vertical_side VARCHAR(50) NOT NULL DEFAULT '',
 procedure_is_resection_partial CHAR(1) NOT NULL DEFAULT '',
 procedure_is_resection_partial_type CHAR(50) NOT NULL DEFAULT '',
 procedure_is_resection_total CHAR(1) NOT NULL DEFAULT '',
 procedure_is_neck CHAR(1) NOT NULL DEFAULT '',
 procedure_is_neck_specify CHAR(50) NOT NULL DEFAULT '',
 procedure_is_other CHAR(1) NOT NULL DEFAULT '',
 procedure_is_other_specify CHAR(50) NOT NULL DEFAULT '',
 procedure_is_unspecified CHAR(1) NOT NULL DEFAULT '',
 laterality_is_right CHAR(1) NOT NULL DEFAULT '', 
 laterality_is_left CHAR(1) NOT NULL DEFAULT '', 
 laterality_is_bilateral CHAR(1) NOT NULL DEFAULT '', 
 laterality_is_transglottic CHAR(1) NOT NULL DEFAULT '', 
 laterality_is_midline CHAR(1) NOT NULL DEFAULT '', 
 laterality_is_unspecified CHAR(1) NOT NULL DEFAULT '',
 site_is_supraglottis  CHAR(1) NOT NULL DEFAULT '',
 site_is_supraglottis_epiglottis  CHAR(1) NOT NULL DEFAULT '',
 site_is_supraglottis_epiglottis_lingual  CHAR(1) NOT NULL DEFAULT '',
 site_is_supraglottis_epiglottis_laryngeal  CHAR(1) NOT NULL DEFAULT '',
 site_is_supraglottis_aryepiglottic  CHAR(1) NOT NULL DEFAULT '',
 site_is_supraglottis_arytenoid  CHAR(1) NOT NULL DEFAULT '',
 site_is_supraglottis_false  CHAR(1) NOT NULL DEFAULT '',
 site_is_supraglottis_ventricle  CHAR(1) NOT NULL DEFAULT '',
 site_is_glottis  CHAR(1) NOT NULL DEFAULT '',
 site_is_glottis_true  CHAR(1) NOT NULL DEFAULT '',
 site_is_glottis_anterior  CHAR(1) NOT NULL DEFAULT '',
 site_is_glottis_posterior  CHAR(1) NOT NULL DEFAULT '',
 site_is_subglottis  CHAR(1) NOT NULL DEFAULT '',
 site_is_other  CHAR(1) NOT NULL DEFAULT '',
 site_is_other_specify  VARCHAR(50) NOT NULL DEFAULT '',
 site_is_unspecified  CHAR(1) NOT NULL DEFAULT '',
 tumor_size_cannot_determine CHAR(1) NOT NULL DEFAULT '',
 tumor_greatest_cm FLOAT UNSIGNED DEFAULT NULL,
 tumor_size_add1_cm FLOAT UNSIGNED DEFAULT NULL,
 tumor_size_add2_cm FLOAT UNSIGNED DEFAULT NULL,
 hist_type_squamous CHAR(1) NOT NULL DEFAULT '',
 hist_type_acantholytic CHAR(1) NOT NULL DEFAULT '',
 hist_type_adenosquamous CHAR(1) NOT NULL DEFAULT '',
 hist_type_basaloid CHAR(1) NOT NULL DEFAULT '',
 hist_type_papillary CHAR(1) NOT NULL DEFAULT '',
 hist_type_spindle CHAR(1) NOT NULL DEFAULT '',
 hist_type_verrucous CHAR(1) NOT NULL DEFAULT '',
 hist_type_giant_cell CHAR(1) NOT NULL DEFAULT '',
 hist_type_lympoepithelial CHAR(1) NOT NULL DEFAULT '',
 hist_type_typical CHAR(1) NOT NULL DEFAULT '',
 hist_type_atypical CHAR(1) NOT NULL DEFAULT '',
 hist_type_small_cell CHAR(1) NOT NULL DEFAULT '',
 hist_type_combined CHAR(1) NOT NULL DEFAULT '',
 hist_type_mucosal CHAR(1) NOT NULL DEFAULT '',
 hist_type_adenoid CHAR(1) NOT NULL DEFAULT '',
 hist_type_mucoepidemoid CHAR(1) NOT NULL DEFAULT '',
 hist_type_mucoepidemoid_low CHAR(1) NOT NULL DEFAULT '',
 hist_type_mucoepidemoid_intermediate CHAR(1) NOT NULL DEFAULT '',
 hist_type_mucoepidemoid_high CHAR(1) NOT NULL DEFAULT '',
 hist_type_other CHAR(1) NOT NULL DEFAULT '',
 hist_type_other_specify VARCHAR(50) NOT NULL DEFAULT '',
 hist_type_other_carcinoma CHAR(1) NOT NULL DEFAULT '',
 hist_type_other_carcinoma_specify VARCHAR(50) NOT NULL DEFAULT '',
 hist_type_carcinoma CHAR(1) NOT NULL DEFAULT '',
 hist_grade VARCHAR(50) NOT NULL DEFAULT '',
 hist_grade_other_specify VARCHAR(50) NOT NULL DEFAULT '',
 lymph_vascular_invasion VARCHAR(50) NOT NULL DEFAULT '',
 perineural_invasion VARCHAR(50) NOT NULL DEFAULT '',
 tnm_descriptor_m CHAR(1) NOT NULL DEFAULT '',
 tnm_descriptor_r CHAR(1) NOT NULL DEFAULT '',
 tnm_descriptor_y CHAR(1) NOT NULL DEFAULT '',
 pt VARCHAR(20) NOT NULL DEFAULT '',
 pt_supraglottis VARCHAR(20) NOT NULL DEFAULT '',
 pt_glottis VARCHAR(20) NOT NULL DEFAULT '',
 pt_subglottis VARCHAR(20) NOT NULL DEFAULT '',
 pn VARCHAR(20) NOT NULL DEFAULT '',
 number_nodes_examined INT UNSIGNED DEFAULT NULL,
 number_nodes_examined_cannot_be_determined CHAR(1) NOT NULL DEFAULT '',
 number_nodes_examined_cannot_be_determined_explain VARCHAR(200) NOT NULL DEFAULT '',
 number_nodes_involved INT UNSIGNED DEFAULT NULL,
 number_nodes_involved_cannot_be_determined CHAR(1) NOT NULL DEFAULT '',
 number_nodes_involved_cannot_be_determined_explain VARCHAR(200) NOT NULL DEFAULT '',
 size_greatest_dimension_largest_pos_lymph_node FLOAT UNSIGNED DEFAULT NULL,
 pm VARCHAR(20) NOT NULL DEFAULT '',
 pm_site_specify VARCHAR(50) NOT NULL DEFAULT '',
 pm_source_specify VARCHAR(50) NOT NULL DEFAULT '',
 pt_mucosal VARCHAR(20) NOT NULL DEFAULT '',
 pn_mucosal VARCHAR(20) NOT NULL DEFAULT '',
 pm_mucosal VARCHAR(20) NOT NULL DEFAULT '',
 pm_mucosal_site_specify VARCHAR(50) NOT NULL DEFAULT '',
 pm_mucosal_source_specify VARCHAR(50) NOT NULL DEFAULT '',
 version_id INT UNSIGNED NOT NULL AUTO_INCREMENT PRIMARY KEY,
 version_created DATETIME NOT NULL
)Engine=InnoDb;

INSERT INTO structures(`alias`) VALUES ('qc_gastro_dxd_cap_larynx');
INSERT INTO structure_fields(`plugin`, `model`, `tablename`, `field`, `type`, `structure_value_domain`, `flag_confidential`, `setting`, `default`, `language_help`, `language_label`, `language_tag`) VALUES
('Clinicalannotation', 'DiagnosisDetail', 'qc_gastro_dxd_cap_larynx', 'specimen_is_larynx_glottis', 'checkbox',  NULL , '0', '', '', '', 'larynx, glottis', ''), 
('Clinicalannotation', 'DiagnosisDetail', 'qc_gastro_dxd_cap_larynx', 'specimen_is_larynx_subglottis', 'checkbox',  NULL , '0', '', '', '', 'larynx, subglottis', ''), 
('Clinicalannotation', 'DiagnosisDetail', 'qc_gastro_dxd_cap_larynx', 'specimen_is_other', 'checkbox',  NULL , '0', '', '', '', 'other', ''), 
('Clinicalannotation', 'DiagnosisDetail', 'qc_gastro_dxd_cap_larynx', 'specimen_other', 'input',  NULL , '0', '', '', '', '', 'specify'), 
('Clinicalannotation', 'DiagnosisDetail', 'qc_gastro_dxd_cap_larynx', 'specimen_is_unspecified', 'checkbox',  NULL , '0', '', '', '', 'not specified', ''), 
('Clinicalannotation', 'DiagnosisDetail', 'qc_gastro_dxd_cap_larynx', 'specimen_is_larynx_supraglottis', 'checkbox',  NULL , '0', '', '', '', 'larynx, supraglottis', ''), 
('Clinicalannotation', 'DiagnosisDetail', 'qc_gastro_dxd_cap_larynx', 'procedure_is_incisional_biopsy', 'checkbox',  NULL , '0', '', '', '', 'incisional biopsy', ''), 
('Clinicalannotation', 'DiagnosisDetail', 'qc_gastro_dxd_cap_larynx', 'procedure_is_excisional_biopsy', 'checkbox',  NULL , '0', '', '', '', 'excisional biopsy', ''), 
('Clinicalannotation', 'DiagnosisDetail', 'qc_gastro_dxd_cap_larynx', 'procedure_is_resection', 'checkbox',  NULL , '0', '', '', '', 'resection', ''), 
('Clinicalannotation', 'DiagnosisDetail', 'qc_gastro_dxd_cap_larynx', 'procedure_is_resection_stripping', 'checkbox',  NULL , '0', '', '', '', 'stripping', ''), 
('Clinicalannotation', 'DiagnosisDetail', 'qc_gastro_dxd_cap_larynx', 'procedure_is_resection_transoral', 'checkbox',  NULL , '0', '', '', '', 'transoral laser excision', ''), 
('Clinicalannotation', 'DiagnosisDetail', 'qc_gastro_dxd_cap_larynx', 'procedure_is_resection_supraglottic', 'checkbox',  NULL , '0', '', '', '', 'supraglottic laryngectomy', ''), 
('Clinicalannotation', 'DiagnosisDetail', 'qc_gastro_dxd_cap_larynx', 'procedure_is_resection_supracricoid', 'checkbox',  NULL , '0', '', '', '', 'supracricoid laryngectomy', ''), 
('Clinicalannotation', 'DiagnosisDetail', 'qc_gastro_dxd_cap_larynx', 'procedure_is_resection_vertical', 'checkbox',  NULL , '0', '', '', '', 'vertical hemilaryngectomy', ''), 
('Clinicalannotation', 'DiagnosisDetail', 'qc_gastro_dxd_cap_larynx', 'procedure_is_resection_vertical_side', 'input',  NULL , '0', '', '', '', '', 'specify side'), 
('Clinicalannotation', 'DiagnosisDetail', 'qc_gastro_dxd_cap_larynx', 'procedure_is_resection_partial', 'checkbox',  NULL , '0', '', '', '', 'partial laryngectomy', ''), 
('Clinicalannotation', 'DiagnosisDetail', 'qc_gastro_dxd_cap_larynx', 'procedure_is_resection_partial_type', 'input',  NULL , '0', '', '', '', '', 'specify side'), 
('Clinicalannotation', 'DiagnosisDetail', 'qc_gastro_dxd_cap_larynx', 'procedure_is_resection_total', 'checkbox',  NULL , '0', '', '', '', 'total laryngectomy', ''), 
('Clinicalannotation', 'DiagnosisDetail', 'qc_gastro_dxd_cap_larynx', 'procedure_is_neck', 'checkbox',  NULL , '0', '', '', '', 'neck dissection', ''), 
('Clinicalannotation', 'DiagnosisDetail', 'qc_gastro_dxd_cap_larynx', 'procedure_is_neck_specify', 'input',  NULL , '0', '', '', '', '', 'specify'), 
('Clinicalannotation', 'DiagnosisDetail', 'qc_gastro_dxd_cap_larynx', 'procedure_is_other', 'checkbox',  NULL , '0', '', '', '', 'other', ''), 
('Clinicalannotation', 'DiagnosisDetail', 'qc_gastro_dxd_cap_larynx', 'procedure_is_other_specify', 'input',  NULL , '0', '', '', '', '', 'specify'), 
('Clinicalannotation', 'DiagnosisDetail', 'qc_gastro_dxd_cap_larynx', 'procedure_is_unspecified', 'checkbox',  NULL , '0', '', '', '', 'not specified', ''), 
('Clinicalannotation', 'DiagnosisDetail', 'qc_gastro_dxd_cap_larynx', 'laterality_is_right', 'checkbox',  NULL , '0', '', '', '', 'right', ''), 
('Clinicalannotation', 'DiagnosisDetail', 'qc_gastro_dxd_cap_larynx', 'laterality_is_left', 'checkbox',  NULL , '0', '', '', '', 'left', ''), 
('Clinicalannotation', 'DiagnosisDetail', 'qc_gastro_dxd_cap_larynx', 'laterality_is_bilateral', 'checkbox',  NULL , '0', '', '', '', 'bilateral', ''), 
('Clinicalannotation', 'DiagnosisDetail', 'qc_gastro_dxd_cap_larynx', 'laterality_is_transglottic', 'yes_no',  NULL , '0', '', '', '', 'transglottic', ''), 
('Clinicalannotation', 'DiagnosisDetail', 'qc_gastro_dxd_cap_larynx', 'laterality_is_midline', 'checkbox',  NULL , '0', '', '', '', 'midline', ''), 
('Clinicalannotation', 'DiagnosisDetail', 'qc_gastro_dxd_cap_larynx', 'laterality_is_unspecified', 'checkbox',  NULL , '0', '', '', '', 'not specified', ''), 
('Clinicalannotation', 'DiagnosisDetail', 'qc_gastro_dxd_cap_larynx', 'site_is_supraglottis', 'checkbox',  NULL , '0', '', '', '', 'larynx, supraglottis', ''), 
('Clinicalannotation', 'DiagnosisDetail', 'qc_gastro_dxd_cap_larynx', 'site_is_supraglottis_epiglottis', 'checkbox',  NULL , '0', '', '', '', 'epiglottis', ''), 
('Clinicalannotation', 'DiagnosisDetail', 'qc_gastro_dxd_cap_larynx', 'site_is_supraglottis_epiglottis_lingual', 'checkbox',  NULL , '0', '', '', '', 'lingual aspect', ''), 
('Clinicalannotation', 'DiagnosisDetail', 'qc_gastro_dxd_cap_larynx', 'site_is_supraglottis_epiglottis_laryngeal', 'checkbox',  NULL , '0', '', '', '', 'laryngeal aspect', ''), 
('Clinicalannotation', 'DiagnosisDetail', 'qc_gastro_dxd_cap_larynx', 'site_is_supraglottis_aryepiglottic', 'checkbox',  NULL , '0', '', '', '', 'aryepiglottic folds', ''), 
('Clinicalannotation', 'DiagnosisDetail', 'qc_gastro_dxd_cap_larynx', 'site_is_supraglottis_arytenoid', 'checkbox',  NULL , '0', '', '', '', 'arytenoid', ''), 
('Clinicalannotation', 'DiagnosisDetail', 'qc_gastro_dxd_cap_larynx', 'site_is_supraglottis_false', 'checkbox',  NULL , '0', '', '', '', 'false vocal cord', ''), 
('Clinicalannotation', 'DiagnosisDetail', 'qc_gastro_dxd_cap_larynx', 'site_is_supraglottis_ventricle', 'checkbox',  NULL , '0', '', '', '', 'ventricle', ''), 
('Clinicalannotation', 'DiagnosisDetail', 'qc_gastro_dxd_cap_larynx', 'site_is_glottis', 'checkbox',  NULL , '0', '', '', '', 'larynx, glottis', ''), 
('Clinicalannotation', 'DiagnosisDetail', 'qc_gastro_dxd_cap_larynx', 'site_is_glottis_true', 'checkbox',  NULL , '0', '', '', '', 'true vocal cord', ''), 
('Clinicalannotation', 'DiagnosisDetail', 'qc_gastro_dxd_cap_larynx', 'site_is_glottis_anterior', 'checkbox',  NULL , '0', '', '', '', 'anterior commissure', ''), 
('Clinicalannotation', 'DiagnosisDetail', 'qc_gastro_dxd_cap_larynx', 'site_is_glottis_posterior', 'checkbox',  NULL , '0', '', '', '', 'posterior commisure', ''), 
('Clinicalannotation', 'DiagnosisDetail', 'qc_gastro_dxd_cap_larynx', 'site_is_subglottis', 'checkbox',  NULL , '0', '', '', '', 'subglottis', ''), 
('Clinicalannotation', 'DiagnosisDetail', 'qc_gastro_dxd_cap_larynx', 'site_is_other', 'checkbox',  NULL , '0', '', '', '', 'other', ''), 
('Clinicalannotation', 'DiagnosisDetail', 'qc_gastro_dxd_cap_larynx', 'site_is_other_specify', 'input',  NULL , '0', '', '', '', '', 'specify'), 
('Clinicalannotation', 'DiagnosisDetail', 'qc_gastro_dxd_cap_larynx', 'site_is_unspecified', 'checkbox',  NULL , '0', '', '', '', 'not specified', ''), 
('Clinicalannotation', 'DiagnosisDetail', 'qc_gastro_dxd_cap_larynx', 'tumor_size_cannot_determine', 'checkbox',  NULL , '0', '', '', '', 'cannot determine', ''), 
('Clinicalannotation', 'DiagnosisDetail', 'qc_gastro_dxd_cap_larynx', 'tumor_greatest_cm', 'float_positive',  NULL , '0', '', '', '', 'greatest dimension (cm)', ''), 
('Clinicalannotation', 'DiagnosisDetail', 'qc_gastro_dxd_cap_larynx', 'tumor_size_add1_cm', 'float_positive',  NULL , '0', '', '', '', 'additional dimensions (cm)', ''), 
('Clinicalannotation', 'DiagnosisDetail', 'qc_gastro_dxd_cap_larynx', 'tumor_size_add2_cm', 'float_positive',  NULL , '0', '', '', '', '', 'x'), 
('Clinicalannotation', 'DiagnosisDetail', 'qc_gastro_dxd_cap_larynx', 'hist_type_squamous', 'checkbox',  NULL , '0', '', '', '', 'squamous', ''), 
('Clinicalannotation', 'DiagnosisDetail', 'qc_gastro_dxd_cap_larynx', 'hist_type_acantholytic', 'checkbox',  NULL , '0', '', '', '', 'acantholytic', ''), 
('Clinicalannotation', 'DiagnosisDetail', 'qc_gastro_dxd_cap_larynx', 'hist_type_adenosquamous', 'checkbox',  NULL , '0', '', '', '', 'adenosquamous', ''), 
('Clinicalannotation', 'DiagnosisDetail', 'qc_gastro_dxd_cap_larynx', 'hist_type_basaloid', 'checkbox',  NULL , '0', '', '', '', 'basaloid', ''), 
('Clinicalannotation', 'DiagnosisDetail', 'qc_gastro_dxd_cap_larynx', 'hist_type_papillary', 'checkbox',  NULL , '0', '', '', '', 'papillary', ''), 
('Clinicalannotation', 'DiagnosisDetail', 'qc_gastro_dxd_cap_larynx', 'hist_type_spindle', 'checkbox',  NULL , '0', '', '', '', 'spindle', ''), 
('Clinicalannotation', 'DiagnosisDetail', 'qc_gastro_dxd_cap_larynx', 'hist_type_verrucous', 'checkbox',  NULL , '0', '', '', '', 'verrucous', ''), 
('Clinicalannotation', 'DiagnosisDetail', 'qc_gastro_dxd_cap_larynx', 'hist_type_giant_cell', 'checkbox',  NULL , '0', '', '', '', 'giant cell carcinoma', ''), 
('Clinicalannotation', 'DiagnosisDetail', 'qc_gastro_dxd_cap_larynx', 'hist_type_lympoepithelial', 'checkbox',  NULL , '0', '', '', '', 'lympoepithelial carcinoma', ''), 
('Clinicalannotation', 'DiagnosisDetail', 'qc_gastro_dxd_cap_larynx', 'hist_type_typical', 'checkbox',  NULL , '0', '', '', '', 'typical carcinoid tumor', ''), 
('Clinicalannotation', 'DiagnosisDetail', 'qc_gastro_dxd_cap_larynx', 'hist_type_atypical', 'checkbox',  NULL , '0', '', '', '', 'atypical carcinoid tumor', ''), 
('Clinicalannotation', 'DiagnosisDetail', 'qc_gastro_dxd_cap_larynx', 'hist_type_small_cell', 'checkbox',  NULL , '0', '', '', '', 'small cell carcinoma, neuroendocrine type', ''), 
('Clinicalannotation', 'DiagnosisDetail', 'qc_gastro_dxd_cap_larynx', 'hist_type_combined', 'checkbox',  NULL , '0', '', '', '', 'combined small cell carcinoma, neuroendocrine type', ''), 
('Clinicalannotation', 'DiagnosisDetail', 'qc_gastro_dxd_cap_larynx', 'hist_type_adenoid', 'checkbox',  NULL , '0', '', '', '', 'adenoid cystic carcinoma', ''), 
('Clinicalannotation', 'DiagnosisDetail', 'qc_gastro_dxd_cap_larynx', 'hist_type_mucoepidemoid', 'checkbox',  NULL , '0', '', '', '', 'mucoepidemoid carcinoma', ''), 
('Clinicalannotation', 'DiagnosisDetail', 'qc_gastro_dxd_cap_larynx', 'hist_type_mucoepidemoid_low', 'checkbox',  NULL , '0', '', '', '', '', 'low grade'), 
('Clinicalannotation', 'DiagnosisDetail', 'qc_gastro_dxd_cap_larynx', 'hist_type_mucoepidemoid_intermediate', 'checkbox',  NULL , '0', '', '', '', '', 'intermediate grade'), 
('Clinicalannotation', 'DiagnosisDetail', 'qc_gastro_dxd_cap_larynx', 'hist_type_mucoepidemoid_high', 'checkbox',  NULL , '0', '', '', '', '', 'high grade'), 
('Clinicalannotation', 'DiagnosisDetail', 'qc_gastro_dxd_cap_larynx', 'hist_type_other', 'checkbox',  NULL , '0', '', '', '', 'other', ''), 
('Clinicalannotation', 'DiagnosisDetail', 'qc_gastro_dxd_cap_larynx', 'hist_type_other_specify', 'input',  NULL , '0', '', '', '', '', 'specify'), 
('Clinicalannotation', 'DiagnosisDetail', 'qc_gastro_dxd_cap_larynx', 'hist_type_other_carcinoma', 'checkbox',  NULL , '0', '', '', '', 'other carcinoma', ''), 
('Clinicalannotation', 'DiagnosisDetail', 'qc_gastro_dxd_cap_larynx', 'hist_type_other_carcinoma_specify', 'input',  NULL , '0', '', '', '', '', 'specify'), 
('Clinicalannotation', 'DiagnosisDetail', 'qc_gastro_dxd_cap_larynx', 'hist_type_carcinoma', 'checkbox',  NULL , '0', '', '', '', 'carcinoma type cannot be determined', ''), 
('Clinicalannotation', 'DiagnosisDetail', 'qc_gastro_dxd_cap_larynx', 'hist_grade', 'select', (SELECT id FROM structure_value_domains WHERE domain_name='histologic_grade_larynx') , '0', '', '', '', 'hist grade', ''), 
('Clinicalannotation', 'DiagnosisDetail', 'qc_gastro_dxd_cap_larynx', 'hist_grade_other_specify', 'input',  NULL , '0', '', '', '', '', 'specify'), 
('Clinicalannotation', 'DiagnosisDetail', 'qc_gastro_dxd_cap_larynx', 'lymph_vascular_invasion', 'select', (SELECT id FROM structure_value_domains WHERE domain_name='lymph_vascular_invasion') , '0', '', '', '', 'lymph vascular invasion', ''), 
('Clinicalannotation', 'DiagnosisDetail', 'qc_gastro_dxd_cap_larynx', 'perineural_invasion', 'select', (SELECT id FROM structure_value_domains WHERE domain_name='lymph_vascular_invasion') , '0', '', '', '', 'perineural invasion', ''), 
('Clinicalannotation', 'DiagnosisDetail', 'qc_gastro_dxd_cap_larynx', 'tnm_descriptor_m', 'checkbox',  NULL , '0', '', '', '', 'descriptors', 'm'), 
('Clinicalannotation', 'DiagnosisDetail', 'qc_gastro_dxd_cap_larynx', 'tnm_descriptor_r', 'checkbox',  NULL , '0', '', '', '', '', 'r'), 
('Clinicalannotation', 'DiagnosisDetail', 'qc_gastro_dxd_cap_larynx', 'tnm_descriptor_y', 'checkbox',  NULL , '0', '', '', '', '', 'y'), 
('Clinicalannotation', 'DiagnosisDetail', 'qc_gastro_dxd_cap_larynx', 'pt', 'select', (SELECT id FROM structure_value_domains WHERE domain_name='qc_gastro_cap_pt_general') , '0', '', '', '', 'pt', ''), 
('Clinicalannotation', 'DiagnosisDetail', 'qc_gastro_dxd_cap_larynx', 'pt_supraglottis', 'select', (SELECT id FROM structure_value_domains WHERE domain_name='qc_gastro_cap_larynx_pt_supra') , '0', '', '', '', 'pt supraglottis', ''), 
('Clinicalannotation', 'DiagnosisDetail', 'qc_gastro_dxd_cap_larynx', 'pt_glottis', 'select', (SELECT id FROM structure_value_domains WHERE domain_name='qc_gastro_cap_larynx_pt_glottis') , '0', '', '', '', 'pt glottis', ''), 
('Clinicalannotation', 'DiagnosisDetail', 'qc_gastro_dxd_cap_larynx', 'pt_subglottis', 'select', (SELECT id FROM structure_value_domains WHERE domain_name='qc_gastro_cap_larynx_pt_sub') , '0', '', '', '', 'pt subglottis', ''), 
('Clinicalannotation', 'DiagnosisDetail', 'qc_gastro_dxd_cap_larynx', 'pn', 'select', (SELECT id FROM structure_value_domains WHERE domain_name='qc_gastro_cap_larynx_pn') , '0', '', '', '', 'pn', ''), 
('Clinicalannotation', 'DiagnosisDetail', 'qc_gastro_dxd_cap_larynx', 'number_nodes_examined', 'integer_positive',  NULL , '0', '', '', '', 'number of nodes examined', ''), 
('Clinicalannotation', 'DiagnosisDetail', 'qc_gastro_dxd_cap_larynx', 'number_nodes_examined_cannot_be_determined', 'checkbox',  NULL , '0', '', '', '', 'number nodes examined cannot be determined', ''), 
('Clinicalannotation', 'DiagnosisDetail', 'qc_gastro_dxd_cap_larynx', 'number_nodes_examined_cannot_be_determined_explain', 'input',  NULL , '0', '', '', '', '', 'explain'), 
('Clinicalannotation', 'DiagnosisDetail', 'qc_gastro_dxd_cap_larynx', 'number_nodes_involved', 'integer_positive',  NULL , '0', '', '', '', 'number nodes involved', ''), 
('Clinicalannotation', 'DiagnosisDetail', 'qc_gastro_dxd_cap_larynx', 'number_nodes_involved_cannot_be_determined', 'checkbox',  NULL , '0', '', '', '', 'number nodes involved cannot be determined', ''), 
('Clinicalannotation', 'DiagnosisDetail', 'qc_gastro_dxd_cap_larynx', 'number_nodes_involved_cannot_be_determined_explain', 'input',  NULL , '0', '', '', '', '', 'explain'), 
('Clinicalannotation', 'DiagnosisDetail', 'qc_gastro_dxd_cap_larynx', 'size_greatest_dimension_largest_pos_lymph_node', 'float_positive',  NULL , '0', '', '', '', 'size (greatest dimension) of the largest positive lymph node', ''), 
('Clinicalannotation', 'DiagnosisDetail', 'qc_gastro_dxd_cap_larynx', 'pm', 'select', (SELECT id FROM structure_value_domains WHERE domain_name='qc_gastro_cap_larynx_pm') , '0', '', '', '', 'pm', ''), 
('Clinicalannotation', 'DiagnosisDetail', 'qc_gastro_dxd_cap_larynx', 'pm_site_specify', 'input',  NULL , '0', '', '', '', '', 'site'), 
('Clinicalannotation', 'DiagnosisDetail', 'qc_gastro_dxd_cap_larynx', 'pm_source_specify', 'input',  NULL , '0', '', '', '', '', 'source'), 
('Clinicalannotation', 'DiagnosisDetail', 'qc_gastro_dxd_cap_larynx', 'pt_mucosal', 'select', (SELECT id FROM structure_value_domains WHERE domain_name='qc_gastro_cap_larynx_mucosal_pt') , '0', '', '', '', 'pt mucosal', ''), 
('Clinicalannotation', 'DiagnosisDetail', 'qc_gastro_dxd_cap_larynx', 'pn_mucosal', 'select', (SELECT id FROM structure_value_domains WHERE domain_name='qc_gastro_cap_larynx_mucosal_pn') , '0', '', '', '', 'pn mucosal', ''), 
('Clinicalannotation', 'DiagnosisDetail', 'qc_gastro_dxd_cap_larynx', 'pm_mucosal', 'select', (SELECT id FROM structure_value_domains WHERE domain_name='qc_gastro_cap_larynx_mucosal_pm') , '0', '', '', '', 'pm mucosal', ''), 
('Clinicalannotation', 'DiagnosisDetail', 'qc_gastro_dxd_cap_larynx', 'pm_mucosal_site_specify', 'input',  NULL , '0', '', '', '', '', 'site'), 
('Clinicalannotation', 'DiagnosisDetail', 'qc_gastro_dxd_cap_larynx', 'pm_mucosal_source_specify', 'input',  NULL , '0', '', '', '', '', 'source');
INSERT INTO structure_formats(`structure_id`, `structure_field_id`, `display_column`, `display_order`, `language_heading`, `flag_override_label`, `language_label`, `flag_override_tag`, `language_tag`, `flag_override_help`, `language_help`, `flag_override_type`, `type`, `flag_override_setting`, `setting`, `flag_override_default`, `default`, `flag_add`, `flag_add_readonly`, `flag_edit`, `flag_edit_readonly`, `flag_search`, `flag_search_readonly`, `flag_addgrid`, `flag_addgrid_readonly`, `flag_editgrid`, `flag_editgrid_readonly`, `flag_batchedit`, `flag_batchedit_readonly`, `flag_index`, `flag_detail`, `flag_summary`) VALUES 
((SELECT id FROM structures WHERE alias='qc_gastro_dxd_cap_larynx'), (SELECT id FROM structure_fields WHERE `model`='DiagnosisDetail' AND `tablename`='qc_gastro_dxd_cap_larynx' AND `field`='specimen_is_larynx_glottis' AND `type`='checkbox' AND `structure_value_domain`  IS NULL  AND `flag_confidential`='0' AND `setting`='' AND `default`='' AND `language_help`='' AND `language_label`='larynx, glottis' AND `language_tag`=''), '1', '2', '', '0', '', '0', '', '0', '', '0', '', '0', '', '0', '', '1', '0', '1', '0', '0', '0', '0', '0', '0', '0', '0', '0', '0', '1', '0'), 
((SELECT id FROM structures WHERE alias='qc_gastro_dxd_cap_larynx'), (SELECT id FROM structure_fields WHERE `model`='DiagnosisDetail' AND `tablename`='qc_gastro_dxd_cap_larynx' AND `field`='specimen_is_larynx_subglottis' AND `type`='checkbox' AND `structure_value_domain`  IS NULL  AND `flag_confidential`='0' AND `setting`='' AND `default`='' AND `language_help`='' AND `language_label`='larynx, subglottis' AND `language_tag`=''), '1', '3', '', '0', '', '0', '', '0', '', '0', '', '0', '', '0', '', '1', '0', '1', '0', '0', '0', '0', '0', '0', '0', '0', '0', '0', '1', '0'), 
((SELECT id FROM structures WHERE alias='qc_gastro_dxd_cap_larynx'), (SELECT id FROM structure_fields WHERE `model`='DiagnosisDetail' AND `tablename`='qc_gastro_dxd_cap_larynx' AND `field`='specimen_is_other' AND `type`='checkbox' AND `structure_value_domain`  IS NULL  AND `flag_confidential`='0' AND `setting`='' AND `default`='' AND `language_help`='' AND `language_label`='other' AND `language_tag`=''), '1', '4', '', '0', '', '0', '', '0', '', '0', '', '0', '', '0', '', '1', '0', '1', '0', '0', '0', '0', '0', '0', '0', '0', '0', '0', '1', '0'), 
((SELECT id FROM structures WHERE alias='qc_gastro_dxd_cap_larynx'), (SELECT id FROM structure_fields WHERE `model`='DiagnosisDetail' AND `tablename`='qc_gastro_dxd_cap_larynx' AND `field`='specimen_other' AND `type`='input' AND `structure_value_domain`  IS NULL  AND `flag_confidential`='0' AND `setting`='' AND `default`='' AND `language_help`='' AND `language_label`='' AND `language_tag`='specify'), '1', '5', '', '0', '', '0', '', '0', '', '0', '', '0', '', '0', '', '1', '0', '1', '0', '0', '0', '0', '0', '0', '0', '0', '0', '0', '1', '0'), 
((SELECT id FROM structures WHERE alias='qc_gastro_dxd_cap_larynx'), (SELECT id FROM structure_fields WHERE `model`='DiagnosisDetail' AND `tablename`='qc_gastro_dxd_cap_larynx' AND `field`='specimen_is_unspecified' AND `type`='checkbox' AND `structure_value_domain`  IS NULL  AND `flag_confidential`='0' AND `setting`='' AND `default`='' AND `language_help`='' AND `language_label`='not specified' AND `language_tag`=''), '1', '6', '', '0', '', '0', '', '0', '', '0', '', '0', '', '0', '', '1', '0', '1', '0', '0', '0', '0', '0', '0', '0', '0', '0', '0', '1', '0'), 
((SELECT id FROM structures WHERE alias='qc_gastro_dxd_cap_larynx'), (SELECT id FROM structure_fields WHERE `model`='DiagnosisDetail' AND `tablename`='qc_gastro_dxd_cap_larynx' AND `field`='specimen_is_larynx_supraglottis' AND `type`='checkbox' AND `structure_value_domain`  IS NULL  AND `flag_confidential`='0' AND `setting`='' AND `default`='' AND `language_help`='' AND `language_label`='larynx, supraglottis' AND `language_tag`=''), '1', '1', 'specimen', '0', '', '0', '', '0', '', '0', '', '0', '', '0', '', '1', '0', '1', '0', '0', '0', '0', '0', '0', '0', '0', '0', '0', '1', '0'), 
((SELECT id FROM structures WHERE alias='qc_gastro_dxd_cap_larynx'), (SELECT id FROM structure_fields WHERE `model`='DiagnosisDetail' AND `tablename`='qc_gastro_dxd_cap_larynx' AND `field`='procedure_is_incisional_biopsy' AND `type`='checkbox' AND `structure_value_domain`  IS NULL  AND `flag_confidential`='0' AND `setting`='' AND `default`='' AND `language_help`='' AND `language_label`='incisional biopsy' AND `language_tag`=''), '1', '7', 'procedure', '0', '', '0', '', '0', '', '0', '', '0', '', '0', '', '1', '0', '1', '0', '0', '0', '0', '0', '0', '0', '0', '0', '0', '1', '0'), 
((SELECT id FROM structures WHERE alias='qc_gastro_dxd_cap_larynx'), (SELECT id FROM structure_fields WHERE `model`='DiagnosisDetail' AND `tablename`='qc_gastro_dxd_cap_larynx' AND `field`='procedure_is_excisional_biopsy' AND `type`='checkbox' AND `structure_value_domain`  IS NULL  AND `flag_confidential`='0' AND `setting`='' AND `default`='' AND `language_help`='' AND `language_label`='excisional biopsy' AND `language_tag`=''), '1', '8', '', '0', '', '0', '', '0', '', '0', '', '0', '', '0', '', '1', '0', '1', '0', '0', '0', '0', '0', '0', '0', '0', '0', '0', '1', '0'), 
((SELECT id FROM structures WHERE alias='qc_gastro_dxd_cap_larynx'), (SELECT id FROM structure_fields WHERE `model`='DiagnosisDetail' AND `tablename`='qc_gastro_dxd_cap_larynx' AND `field`='procedure_is_resection' AND `type`='checkbox' AND `structure_value_domain`  IS NULL  AND `flag_confidential`='0' AND `setting`='' AND `default`='' AND `language_help`='' AND `language_label`='resection' AND `language_tag`=''), '1', '9', '', '0', '', '0', '', '0', '', '0', '', '0', '', '0', '', '1', '0', '1', '0', '0', '0', '0', '0', '0', '0', '0', '0', '0', '1', '0'), 
((SELECT id FROM structures WHERE alias='qc_gastro_dxd_cap_larynx'), (SELECT id FROM structure_fields WHERE `model`='DiagnosisDetail' AND `tablename`='qc_gastro_dxd_cap_larynx' AND `field`='procedure_is_resection_stripping' AND `type`='checkbox' AND `structure_value_domain`  IS NULL  AND `flag_confidential`='0' AND `setting`='' AND `default`='' AND `language_help`='' AND `language_label`='stripping' AND `language_tag`=''), '1', '10', '', '0', '', '0', '', '0', '', '0', '', '0', '', '0', '', '1', '0', '1', '0', '0', '0', '0', '0', '0', '0', '0', '0', '0', '1', '0'), 
((SELECT id FROM structures WHERE alias='qc_gastro_dxd_cap_larynx'), (SELECT id FROM structure_fields WHERE `model`='DiagnosisDetail' AND `tablename`='qc_gastro_dxd_cap_larynx' AND `field`='procedure_is_resection_transoral' AND `type`='checkbox' AND `structure_value_domain`  IS NULL  AND `flag_confidential`='0' AND `setting`='' AND `default`='' AND `language_help`='' AND `language_label`='transoral laser excision' AND `language_tag`=''), '1', '11', '', '0', '', '0', '', '0', '', '0', '', '0', '', '0', '', '1', '0', '1', '0', '0', '0', '0', '0', '0', '0', '0', '0', '0', '1', '0'), 
((SELECT id FROM structures WHERE alias='qc_gastro_dxd_cap_larynx'), (SELECT id FROM structure_fields WHERE `model`='DiagnosisDetail' AND `tablename`='qc_gastro_dxd_cap_larynx' AND `field`='procedure_is_resection_supraglottic' AND `type`='checkbox' AND `structure_value_domain`  IS NULL  AND `flag_confidential`='0' AND `setting`='' AND `default`='' AND `language_help`='' AND `language_label`='supraglottic laryngectomy' AND `language_tag`=''), '1', '12', '', '0', '', '0', '', '0', '', '0', '', '0', '', '0', '', '1', '0', '1', '0', '0', '0', '0', '0', '0', '0', '0', '0', '0', '1', '0'), 
((SELECT id FROM structures WHERE alias='qc_gastro_dxd_cap_larynx'), (SELECT id FROM structure_fields WHERE `model`='DiagnosisDetail' AND `tablename`='qc_gastro_dxd_cap_larynx' AND `field`='procedure_is_resection_supracricoid' AND `type`='checkbox' AND `structure_value_domain`  IS NULL  AND `flag_confidential`='0' AND `setting`='' AND `default`='' AND `language_help`='' AND `language_label`='supracricoid laryngectomy' AND `language_tag`=''), '1', '13', '', '0', '', '0', '', '0', '', '0', '', '0', '', '0', '', '1', '0', '1', '0', '0', '0', '0', '0', '0', '0', '0', '0', '0', '1', '0'), 
((SELECT id FROM structures WHERE alias='qc_gastro_dxd_cap_larynx'), (SELECT id FROM structure_fields WHERE `model`='DiagnosisDetail' AND `tablename`='qc_gastro_dxd_cap_larynx' AND `field`='procedure_is_resection_vertical' AND `type`='checkbox' AND `structure_value_domain`  IS NULL  AND `flag_confidential`='0' AND `setting`='' AND `default`='' AND `language_help`='' AND `language_label`='vertical hemilaryngectomy' AND `language_tag`=''), '1', '14', '', '0', '', '0', '', '0', '', '0', '', '0', '', '0', '', '1', '0', '1', '0', '0', '0', '0', '0', '0', '0', '0', '0', '0', '1', '0'), 
((SELECT id FROM structures WHERE alias='qc_gastro_dxd_cap_larynx'), (SELECT id FROM structure_fields WHERE `model`='DiagnosisDetail' AND `tablename`='qc_gastro_dxd_cap_larynx' AND `field`='procedure_is_resection_vertical_side' AND `type`='input' AND `structure_value_domain`  IS NULL  AND `flag_confidential`='0' AND `setting`='' AND `default`='' AND `language_help`='' AND `language_label`='' AND `language_tag`='specify side'), '1', '15', '', '0', '', '0', '', '0', '', '0', '', '0', '', '0', '', '1', '0', '1', '0', '0', '0', '0', '0', '0', '0', '0', '0', '0', '1', '0'), 
((SELECT id FROM structures WHERE alias='qc_gastro_dxd_cap_larynx'), (SELECT id FROM structure_fields WHERE `model`='DiagnosisDetail' AND `tablename`='qc_gastro_dxd_cap_larynx' AND `field`='procedure_is_resection_partial' AND `type`='checkbox' AND `structure_value_domain`  IS NULL  AND `flag_confidential`='0' AND `setting`='' AND `default`='' AND `language_help`='' AND `language_label`='partial laryngectomy' AND `language_tag`=''), '1', '16', '', '0', '', '0', '', '0', '', '0', '', '0', '', '0', '', '1', '0', '1', '0', '0', '0', '0', '0', '0', '0', '0', '0', '0', '1', '0'), 
((SELECT id FROM structures WHERE alias='qc_gastro_dxd_cap_larynx'), (SELECT id FROM structure_fields WHERE `model`='DiagnosisDetail' AND `tablename`='qc_gastro_dxd_cap_larynx' AND `field`='procedure_is_resection_partial_type' AND `type`='input' AND `structure_value_domain`  IS NULL  AND `flag_confidential`='0' AND `setting`='' AND `default`='' AND `language_help`='' AND `language_label`='' AND `language_tag`='specify side'), '1', '17', '', '0', '', '0', '', '0', '', '0', '', '0', '', '0', '', '1', '0', '1', '0', '0', '0', '0', '0', '0', '0', '0', '0', '0', '1', '0'), 
((SELECT id FROM structures WHERE alias='qc_gastro_dxd_cap_larynx'), (SELECT id FROM structure_fields WHERE `model`='DiagnosisDetail' AND `tablename`='qc_gastro_dxd_cap_larynx' AND `field`='procedure_is_resection_total' AND `type`='checkbox' AND `structure_value_domain`  IS NULL  AND `flag_confidential`='0' AND `setting`='' AND `default`='' AND `language_help`='' AND `language_label`='total laryngectomy' AND `language_tag`=''), '1', '18', '', '0', '', '0', '', '0', '', '0', '', '0', '', '0', '', '1', '0', '1', '0', '0', '0', '0', '0', '0', '0', '0', '0', '0', '1', '0'), 
((SELECT id FROM structures WHERE alias='qc_gastro_dxd_cap_larynx'), (SELECT id FROM structure_fields WHERE `model`='DiagnosisDetail' AND `tablename`='qc_gastro_dxd_cap_larynx' AND `field`='procedure_is_neck' AND `type`='checkbox' AND `structure_value_domain`  IS NULL  AND `flag_confidential`='0' AND `setting`='' AND `default`='' AND `language_help`='' AND `language_label`='neck dissection' AND `language_tag`=''), '1', '19', '', '0', '', '0', '', '0', '', '0', '', '0', '', '0', '', '1', '0', '1', '0', '0', '0', '0', '0', '0', '0', '0', '0', '0', '1', '0'), 
((SELECT id FROM structures WHERE alias='qc_gastro_dxd_cap_larynx'), (SELECT id FROM structure_fields WHERE `model`='DiagnosisDetail' AND `tablename`='qc_gastro_dxd_cap_larynx' AND `field`='procedure_is_neck_specify' AND `type`='input' AND `structure_value_domain`  IS NULL  AND `flag_confidential`='0' AND `setting`='' AND `default`='' AND `language_help`='' AND `language_label`='' AND `language_tag`='specify'), '1', '20', '', '0', '', '0', '', '0', '', '0', '', '0', '', '0', '', '1', '0', '1', '0', '0', '0', '0', '0', '0', '0', '0', '0', '0', '1', '0'), 
((SELECT id FROM structures WHERE alias='qc_gastro_dxd_cap_larynx'), (SELECT id FROM structure_fields WHERE `model`='DiagnosisDetail' AND `tablename`='qc_gastro_dxd_cap_larynx' AND `field`='procedure_is_other' AND `type`='checkbox' AND `structure_value_domain`  IS NULL  AND `flag_confidential`='0' AND `setting`='' AND `default`='' AND `language_help`='' AND `language_label`='other' AND `language_tag`=''), '1', '21', '', '0', '', '0', '', '0', '', '0', '', '0', '', '0', '', '1', '0', '1', '0', '0', '0', '0', '0', '0', '0', '0', '0', '0', '1', '0'), 
((SELECT id FROM structures WHERE alias='qc_gastro_dxd_cap_larynx'), (SELECT id FROM structure_fields WHERE `model`='DiagnosisDetail' AND `tablename`='qc_gastro_dxd_cap_larynx' AND `field`='procedure_is_other_specify' AND `type`='input' AND `structure_value_domain`  IS NULL  AND `flag_confidential`='0' AND `setting`='' AND `default`='' AND `language_help`='' AND `language_label`='' AND `language_tag`='specify'), '1', '22', '', '0', '', '0', '', '0', '', '0', '', '0', '', '0', '', '1', '0', '1', '0', '0', '0', '0', '0', '0', '0', '0', '0', '0', '1', '0'), 
((SELECT id FROM structures WHERE alias='qc_gastro_dxd_cap_larynx'), (SELECT id FROM structure_fields WHERE `model`='DiagnosisDetail' AND `tablename`='qc_gastro_dxd_cap_larynx' AND `field`='procedure_is_unspecified' AND `type`='checkbox' AND `structure_value_domain`  IS NULL  AND `flag_confidential`='0' AND `setting`='' AND `default`='' AND `language_help`='' AND `language_label`='not specified' AND `language_tag`=''), '1', '23', '', '0', '', '0', '', '0', '', '0', '', '0', '', '0', '', '1', '0', '1', '0', '0', '0', '0', '0', '0', '0', '0', '0', '0', '1', '0'), 
((SELECT id FROM structures WHERE alias='qc_gastro_dxd_cap_larynx'), (SELECT id FROM structure_fields WHERE `model`='DiagnosisDetail' AND `tablename`='qc_gastro_dxd_cap_larynx' AND `field`='laterality_is_right' AND `type`='checkbox' AND `structure_value_domain`  IS NULL  AND `flag_confidential`='0' AND `setting`='' AND `default`='' AND `language_help`='' AND `language_label`='right' AND `language_tag`=''), '2', '24', 'laterality', '0', '', '0', '', '0', '', '0', '', '0', '', '0', '', '1', '0', '1', '0', '0', '0', '0', '0', '0', '0', '0', '0', '0', '1', '0'), 
((SELECT id FROM structures WHERE alias='qc_gastro_dxd_cap_larynx'), (SELECT id FROM structure_fields WHERE `model`='DiagnosisDetail' AND `tablename`='qc_gastro_dxd_cap_larynx' AND `field`='laterality_is_left' AND `type`='checkbox' AND `structure_value_domain`  IS NULL  AND `flag_confidential`='0' AND `setting`='' AND `default`='' AND `language_help`='' AND `language_label`='left' AND `language_tag`=''), '2', '25', '', '0', '', '0', '', '0', '', '0', '', '0', '', '0', '', '1', '0', '1', '0', '0', '0', '0', '0', '0', '0', '0', '0', '0', '1', '0'), 
((SELECT id FROM structures WHERE alias='qc_gastro_dxd_cap_larynx'), (SELECT id FROM structure_fields WHERE `model`='DiagnosisDetail' AND `tablename`='qc_gastro_dxd_cap_larynx' AND `field`='laterality_is_bilateral' AND `type`='checkbox' AND `structure_value_domain`  IS NULL  AND `flag_confidential`='0' AND `setting`='' AND `default`='' AND `language_help`='' AND `language_label`='bilateral' AND `language_tag`=''), '2', '26', '', '0', '', '0', '', '0', '', '0', '', '0', '', '0', '', '1', '0', '1', '0', '0', '0', '0', '0', '0', '0', '0', '0', '0', '1', '0'), 
((SELECT id FROM structures WHERE alias='qc_gastro_dxd_cap_larynx'), (SELECT id FROM structure_fields WHERE `model`='DiagnosisDetail' AND `tablename`='qc_gastro_dxd_cap_larynx' AND `field`='laterality_is_transglottic' AND `type`='yes_no' AND `structure_value_domain`  IS NULL  AND `flag_confidential`='0' AND `setting`='' AND `default`='' AND `language_help`='' AND `language_label`='transglottic' AND `language_tag`=''), '2', '27', '', '0', '', '0', '', '0', '', '0', '', '0', '', '0', '', '1', '0', '1', '0', '0', '0', '0', '0', '0', '0', '0', '0', '0', '1', '0'), 
((SELECT id FROM structures WHERE alias='qc_gastro_dxd_cap_larynx'), (SELECT id FROM structure_fields WHERE `model`='DiagnosisDetail' AND `tablename`='qc_gastro_dxd_cap_larynx' AND `field`='laterality_is_midline' AND `type`='checkbox' AND `structure_value_domain`  IS NULL  AND `flag_confidential`='0' AND `setting`='' AND `default`='' AND `language_help`='' AND `language_label`='midline' AND `language_tag`=''), '2', '28', '', '0', '', '0', '', '0', '', '0', '', '0', '', '0', '', '1', '0', '1', '0', '0', '0', '0', '0', '0', '0', '0', '0', '0', '1', '0'), 
((SELECT id FROM structures WHERE alias='qc_gastro_dxd_cap_larynx'), (SELECT id FROM structure_fields WHERE `model`='DiagnosisDetail' AND `tablename`='qc_gastro_dxd_cap_larynx' AND `field`='laterality_is_unspecified' AND `type`='checkbox' AND `structure_value_domain`  IS NULL  AND `flag_confidential`='0' AND `setting`='' AND `default`='' AND `language_help`='' AND `language_label`='not specified' AND `language_tag`=''), '2', '29', '', '0', '', '0', '', '0', '', '0', '', '0', '', '0', '', '1', '0', '1', '0', '0', '0', '0', '0', '0', '0', '0', '0', '0', '1', '0'), 
((SELECT id FROM structures WHERE alias='qc_gastro_dxd_cap_larynx'), (SELECT id FROM structure_fields WHERE `model`='DiagnosisDetail' AND `tablename`='qc_gastro_dxd_cap_larynx' AND `field`='site_is_supraglottis' AND `type`='checkbox' AND `structure_value_domain`  IS NULL  AND `flag_confidential`='0' AND `setting`='' AND `default`='' AND `language_help`='' AND `language_label`='larynx, supraglottis' AND `language_tag`=''), '2', '30', 'site', '0', '', '0', '', '0', '', '0', '', '0', '', '0', '', '1', '0', '1', '0', '0', '0', '0', '0', '0', '0', '0', '0', '0', '1', '0'), 
((SELECT id FROM structures WHERE alias='qc_gastro_dxd_cap_larynx'), (SELECT id FROM structure_fields WHERE `model`='DiagnosisDetail' AND `tablename`='qc_gastro_dxd_cap_larynx' AND `field`='site_is_supraglottis_epiglottis' AND `type`='checkbox' AND `structure_value_domain`  IS NULL  AND `flag_confidential`='0' AND `setting`='' AND `default`='' AND `language_help`='' AND `language_label`='epiglottis' AND `language_tag`=''), '2', '31', '', '0', '', '0', '', '0', '', '0', '', '0', '', '0', '', '1', '0', '1', '0', '0', '0', '0', '0', '0', '0', '0', '0', '0', '1', '0'), 
((SELECT id FROM structures WHERE alias='qc_gastro_dxd_cap_larynx'), (SELECT id FROM structure_fields WHERE `model`='DiagnosisDetail' AND `tablename`='qc_gastro_dxd_cap_larynx' AND `field`='site_is_supraglottis_epiglottis_lingual' AND `type`='checkbox' AND `structure_value_domain`  IS NULL  AND `flag_confidential`='0' AND `setting`='' AND `default`='' AND `language_help`='' AND `language_label`='lingual aspect' AND `language_tag`=''), '2', '32', '', '0', '', '0', '', '0', '', '0', '', '0', '', '0', '', '1', '0', '1', '0', '0', '0', '0', '0', '0', '0', '0', '0', '0', '1', '0'), 
((SELECT id FROM structures WHERE alias='qc_gastro_dxd_cap_larynx'), (SELECT id FROM structure_fields WHERE `model`='DiagnosisDetail' AND `tablename`='qc_gastro_dxd_cap_larynx' AND `field`='site_is_supraglottis_epiglottis_laryngeal' AND `type`='checkbox' AND `structure_value_domain`  IS NULL  AND `flag_confidential`='0' AND `setting`='' AND `default`='' AND `language_help`='' AND `language_label`='laryngeal aspect' AND `language_tag`=''), '2', '33', '', '0', '', '0', '', '0', '', '0', '', '0', '', '0', '', '1', '0', '1', '0', '0', '0', '0', '0', '0', '0', '0', '0', '0', '1', '0'), 
((SELECT id FROM structures WHERE alias='qc_gastro_dxd_cap_larynx'), (SELECT id FROM structure_fields WHERE `model`='DiagnosisDetail' AND `tablename`='qc_gastro_dxd_cap_larynx' AND `field`='site_is_supraglottis_aryepiglottic' AND `type`='checkbox' AND `structure_value_domain`  IS NULL  AND `flag_confidential`='0' AND `setting`='' AND `default`='' AND `language_help`='' AND `language_label`='aryepiglottic folds' AND `language_tag`=''), '2', '34', '', '0', '', '0', '', '0', '', '0', '', '0', '', '0', '', '1', '0', '1', '0', '0', '0', '0', '0', '0', '0', '0', '0', '0', '1', '0'), 
((SELECT id FROM structures WHERE alias='qc_gastro_dxd_cap_larynx'), (SELECT id FROM structure_fields WHERE `model`='DiagnosisDetail' AND `tablename`='qc_gastro_dxd_cap_larynx' AND `field`='site_is_supraglottis_arytenoid' AND `type`='checkbox' AND `structure_value_domain`  IS NULL  AND `flag_confidential`='0' AND `setting`='' AND `default`='' AND `language_help`='' AND `language_label`='arytenoid' AND `language_tag`=''), '2', '35', '', '0', '', '0', '', '0', '', '0', '', '0', '', '0', '', '1', '0', '1', '0', '0', '0', '0', '0', '0', '0', '0', '0', '0', '1', '0'), 
((SELECT id FROM structures WHERE alias='qc_gastro_dxd_cap_larynx'), (SELECT id FROM structure_fields WHERE `model`='DiagnosisDetail' AND `tablename`='qc_gastro_dxd_cap_larynx' AND `field`='site_is_supraglottis_false' AND `type`='checkbox' AND `structure_value_domain`  IS NULL  AND `flag_confidential`='0' AND `setting`='' AND `default`='' AND `language_help`='' AND `language_label`='false vocal cord' AND `language_tag`=''), '2', '36', '', '0', '', '0', '', '0', '', '0', '', '0', '', '0', '', '1', '0', '1', '0', '0', '0', '0', '0', '0', '0', '0', '0', '0', '1', '0'), 
((SELECT id FROM structures WHERE alias='qc_gastro_dxd_cap_larynx'), (SELECT id FROM structure_fields WHERE `model`='DiagnosisDetail' AND `tablename`='qc_gastro_dxd_cap_larynx' AND `field`='site_is_supraglottis_ventricle' AND `type`='checkbox' AND `structure_value_domain`  IS NULL  AND `flag_confidential`='0' AND `setting`='' AND `default`='' AND `language_help`='' AND `language_label`='ventricle' AND `language_tag`=''), '2', '37', '', '0', '', '0', '', '0', '', '0', '', '0', '', '0', '', '1', '0', '1', '0', '0', '0', '0', '0', '0', '0', '0', '0', '0', '1', '0'), 
((SELECT id FROM structures WHERE alias='qc_gastro_dxd_cap_larynx'), (SELECT id FROM structure_fields WHERE `model`='DiagnosisDetail' AND `tablename`='qc_gastro_dxd_cap_larynx' AND `field`='site_is_glottis' AND `type`='checkbox' AND `structure_value_domain`  IS NULL  AND `flag_confidential`='0' AND `setting`='' AND `default`='' AND `language_help`='' AND `language_label`='larynx, glottis' AND `language_tag`=''), '2', '38', '', '0', '', '0', '', '0', '', '0', '', '0', '', '0', '', '1', '0', '1', '0', '0', '0', '0', '0', '0', '0', '0', '0', '0', '1', '0'), 
((SELECT id FROM structures WHERE alias='qc_gastro_dxd_cap_larynx'), (SELECT id FROM structure_fields WHERE `model`='DiagnosisDetail' AND `tablename`='qc_gastro_dxd_cap_larynx' AND `field`='site_is_glottis_true' AND `type`='checkbox' AND `structure_value_domain`  IS NULL  AND `flag_confidential`='0' AND `setting`='' AND `default`='' AND `language_help`='' AND `language_label`='true vocal cord' AND `language_tag`=''), '2', '39', '', '0', '', '0', '', '0', '', '0', '', '0', '', '0', '', '1', '0', '1', '0', '0', '0', '0', '0', '0', '0', '0', '0', '0', '1', '0'), 
((SELECT id FROM structures WHERE alias='qc_gastro_dxd_cap_larynx'), (SELECT id FROM structure_fields WHERE `model`='DiagnosisDetail' AND `tablename`='qc_gastro_dxd_cap_larynx' AND `field`='site_is_glottis_anterior' AND `type`='checkbox' AND `structure_value_domain`  IS NULL  AND `flag_confidential`='0' AND `setting`='' AND `default`='' AND `language_help`='' AND `language_label`='anterior commissure' AND `language_tag`=''), '2', '40', '', '0', '', '0', '', '0', '', '0', '', '0', '', '0', '', '1', '0', '1', '0', '0', '0', '0', '0', '0', '0', '0', '0', '0', '1', '0'), 
((SELECT id FROM structures WHERE alias='qc_gastro_dxd_cap_larynx'), (SELECT id FROM structure_fields WHERE `model`='DiagnosisDetail' AND `tablename`='qc_gastro_dxd_cap_larynx' AND `field`='site_is_glottis_posterior' AND `type`='checkbox' AND `structure_value_domain`  IS NULL  AND `flag_confidential`='0' AND `setting`='' AND `default`='' AND `language_help`='' AND `language_label`='posterior commisure' AND `language_tag`=''), '2', '41', '', '0', '', '0', '', '0', '', '0', '', '0', '', '0', '', '1', '0', '1', '0', '0', '0', '0', '0', '0', '0', '0', '0', '0', '1', '0'), 
((SELECT id FROM structures WHERE alias='qc_gastro_dxd_cap_larynx'), (SELECT id FROM structure_fields WHERE `model`='DiagnosisDetail' AND `tablename`='qc_gastro_dxd_cap_larynx' AND `field`='site_is_subglottis' AND `type`='checkbox' AND `structure_value_domain`  IS NULL  AND `flag_confidential`='0' AND `setting`='' AND `default`='' AND `language_help`='' AND `language_label`='subglottis' AND `language_tag`=''), '2', '42', '', '0', '', '0', '', '0', '', '0', '', '0', '', '0', '', '1', '0', '1', '0', '0', '0', '0', '0', '0', '0', '0', '0', '0', '1', '0'), 
((SELECT id FROM structures WHERE alias='qc_gastro_dxd_cap_larynx'), (SELECT id FROM structure_fields WHERE `model`='DiagnosisDetail' AND `tablename`='qc_gastro_dxd_cap_larynx' AND `field`='site_is_other' AND `type`='checkbox' AND `structure_value_domain`  IS NULL  AND `flag_confidential`='0' AND `setting`='' AND `default`='' AND `language_help`='' AND `language_label`='other' AND `language_tag`=''), '2', '43', '', '0', '', '0', '', '0', '', '0', '', '0', '', '0', '', '1', '0', '1', '0', '0', '0', '0', '0', '0', '0', '0', '0', '0', '1', '0'), 
((SELECT id FROM structures WHERE alias='qc_gastro_dxd_cap_larynx'), (SELECT id FROM structure_fields WHERE `model`='DiagnosisDetail' AND `tablename`='qc_gastro_dxd_cap_larynx' AND `field`='site_is_other_specify' AND `type`='input' AND `structure_value_domain`  IS NULL  AND `flag_confidential`='0' AND `setting`='' AND `default`='' AND `language_help`='' AND `language_label`='' AND `language_tag`='specify'), '2', '44', '', '0', '', '0', '', '0', '', '0', '', '0', '', '0', '', '1', '0', '1', '0', '0', '0', '0', '0', '0', '0', '0', '0', '0', '1', '0'), 
((SELECT id FROM structures WHERE alias='qc_gastro_dxd_cap_larynx'), (SELECT id FROM structure_fields WHERE `model`='DiagnosisDetail' AND `tablename`='qc_gastro_dxd_cap_larynx' AND `field`='site_is_unspecified' AND `type`='checkbox' AND `structure_value_domain`  IS NULL  AND `flag_confidential`='0' AND `setting`='' AND `default`='' AND `language_help`='' AND `language_label`='not specified' AND `language_tag`=''), '2', '45', '', '0', '', '0', '', '0', '', '0', '', '0', '', '0', '', '1', '0', '1', '0', '0', '0', '0', '0', '0', '0', '0', '0', '0', '1', '0'), 
((SELECT id FROM structures WHERE alias='qc_gastro_dxd_cap_larynx'), (SELECT id FROM structure_fields WHERE `model`='DiagnosisDetail' AND `tablename`='qc_gastro_dxd_cap_larynx' AND `field`='tumor_size_cannot_determine' AND `type`='checkbox' AND `structure_value_domain`  IS NULL  AND `flag_confidential`='0' AND `setting`='' AND `default`='' AND `language_help`='' AND `language_label`='cannot determine' AND `language_tag`=''), '2', '46', 'tumor size', '0', '', '0', '', '0', '', '0', '', '0', '', '0', '', '1', '0', '1', '0', '0', '0', '0', '0', '0', '0', '0', '0', '0', '1', '0'), 
((SELECT id FROM structures WHERE alias='qc_gastro_dxd_cap_larynx'), (SELECT id FROM structure_fields WHERE `model`='DiagnosisDetail' AND `tablename`='qc_gastro_dxd_cap_larynx' AND `field`='tumor_greatest_cm' AND `type`='float_positive' AND `structure_value_domain`  IS NULL  AND `flag_confidential`='0' AND `setting`='' AND `default`='' AND `language_help`='' AND `language_label`='greatest dimension (cm)' AND `language_tag`=''), '2', '47', '', '0', '', '0', '', '0', '', '0', '', '0', '', '0', '', '1', '0', '1', '0', '0', '0', '0', '0', '0', '0', '0', '0', '0', '1', '0'), 
((SELECT id FROM structures WHERE alias='qc_gastro_dxd_cap_larynx'), (SELECT id FROM structure_fields WHERE `model`='DiagnosisDetail' AND `tablename`='qc_gastro_dxd_cap_larynx' AND `field`='tumor_size_add1_cm' AND `type`='float_positive' AND `structure_value_domain`  IS NULL  AND `flag_confidential`='0' AND `setting`='' AND `default`='' AND `language_help`='' AND `language_label`='additional dimensions (cm)' AND `language_tag`=''), '2', '48', '', '0', '', '0', '', '0', '', '0', '', '0', '', '0', '', '1', '0', '1', '0', '0', '0', '0', '0', '0', '0', '0', '0', '0', '1', '0'), 
((SELECT id FROM structures WHERE alias='qc_gastro_dxd_cap_larynx'), (SELECT id FROM structure_fields WHERE `model`='DiagnosisDetail' AND `tablename`='qc_gastro_dxd_cap_larynx' AND `field`='tumor_size_add2_cm' AND `type`='float_positive' AND `structure_value_domain`  IS NULL  AND `flag_confidential`='0' AND `setting`='' AND `default`='' AND `language_help`='' AND `language_label`='' AND `language_tag`='x'), '2', '49', '', '0', '', '0', '', '0', '', '0', '', '0', '', '0', '', '1', '0', '1', '0', '0', '0', '0', '0', '0', '0', '0', '0', '0', '1', '0'), 
((SELECT id FROM structures WHERE alias='qc_gastro_dxd_cap_larynx'), (SELECT id FROM structure_fields WHERE `model`='DiagnosisDetail' AND `tablename`='qc_gastro_dxd_cap_larynx' AND `field`='hist_type_squamous' AND `type`='checkbox' AND `structure_value_domain`  IS NULL  AND `flag_confidential`='0' AND `setting`='' AND `default`='' AND `language_help`='' AND `language_label`='squamous' AND `language_tag`=''), '2', '50', 'histologic type', '0', '', '0', '', '0', '', '0', '', '0', '', '0', '', '1', '0', '1', '0', '0', '0', '0', '0', '0', '0', '0', '0', '0', '1', '0'), 
((SELECT id FROM structures WHERE alias='qc_gastro_dxd_cap_larynx'), (SELECT id FROM structure_fields WHERE `model`='DiagnosisDetail' AND `tablename`='qc_gastro_dxd_cap_larynx' AND `field`='hist_type_acantholytic' AND `type`='checkbox' AND `structure_value_domain`  IS NULL  AND `flag_confidential`='0' AND `setting`='' AND `default`='' AND `language_help`='' AND `language_label`='acantholytic' AND `language_tag`=''), '2', '51', '', '0', '', '0', '', '0', '', '0', '', '0', '', '0', '', '1', '0', '1', '0', '0', '0', '0', '0', '0', '0', '0', '0', '0', '1', '0'), 
((SELECT id FROM structures WHERE alias='qc_gastro_dxd_cap_larynx'), (SELECT id FROM structure_fields WHERE `model`='DiagnosisDetail' AND `tablename`='qc_gastro_dxd_cap_larynx' AND `field`='hist_type_adenosquamous' AND `type`='checkbox' AND `structure_value_domain`  IS NULL  AND `flag_confidential`='0' AND `setting`='' AND `default`='' AND `language_help`='' AND `language_label`='adenosquamous' AND `language_tag`=''), '2', '52', '', '0', '', '0', '', '0', '', '0', '', '0', '', '0', '', '1', '0', '1', '0', '0', '0', '0', '0', '0', '0', '0', '0', '0', '1', '0'), 
((SELECT id FROM structures WHERE alias='qc_gastro_dxd_cap_larynx'), (SELECT id FROM structure_fields WHERE `model`='DiagnosisDetail' AND `tablename`='qc_gastro_dxd_cap_larynx' AND `field`='hist_type_basaloid' AND `type`='checkbox' AND `structure_value_domain`  IS NULL  AND `flag_confidential`='0' AND `setting`='' AND `default`='' AND `language_help`='' AND `language_label`='basaloid' AND `language_tag`=''), '2', '53', '', '0', '', '0', '', '0', '', '0', '', '0', '', '0', '', '1', '0', '1', '0', '0', '0', '0', '0', '0', '0', '0', '0', '0', '1', '0'), 
((SELECT id FROM structures WHERE alias='qc_gastro_dxd_cap_larynx'), (SELECT id FROM structure_fields WHERE `model`='DiagnosisDetail' AND `tablename`='qc_gastro_dxd_cap_larynx' AND `field`='hist_type_papillary' AND `type`='checkbox' AND `structure_value_domain`  IS NULL  AND `flag_confidential`='0' AND `setting`='' AND `default`='' AND `language_help`='' AND `language_label`='papillary' AND `language_tag`=''), '2', '54', '', '0', '', '0', '', '0', '', '0', '', '0', '', '0', '', '1', '0', '1', '0', '0', '0', '0', '0', '0', '0', '0', '0', '0', '1', '0'), 
((SELECT id FROM structures WHERE alias='qc_gastro_dxd_cap_larynx'), (SELECT id FROM structure_fields WHERE `model`='DiagnosisDetail' AND `tablename`='qc_gastro_dxd_cap_larynx' AND `field`='hist_type_spindle' AND `type`='checkbox' AND `structure_value_domain`  IS NULL  AND `flag_confidential`='0' AND `setting`='' AND `default`='' AND `language_help`='' AND `language_label`='spindle' AND `language_tag`=''), '2', '55', '', '0', '', '0', '', '0', '', '0', '', '0', '', '0', '', '1', '0', '1', '0', '0', '0', '0', '0', '0', '0', '0', '0', '0', '1', '0'), 
((SELECT id FROM structures WHERE alias='qc_gastro_dxd_cap_larynx'), (SELECT id FROM structure_fields WHERE `model`='DiagnosisDetail' AND `tablename`='qc_gastro_dxd_cap_larynx' AND `field`='hist_type_verrucous' AND `type`='checkbox' AND `structure_value_domain`  IS NULL  AND `flag_confidential`='0' AND `setting`='' AND `default`='' AND `language_help`='' AND `language_label`='verrucous' AND `language_tag`=''), '2', '56', '', '0', '', '0', '', '0', '', '0', '', '0', '', '0', '', '1', '0', '1', '0', '0', '0', '0', '0', '0', '0', '0', '0', '0', '1', '0'), 
((SELECT id FROM structures WHERE alias='qc_gastro_dxd_cap_larynx'), (SELECT id FROM structure_fields WHERE `model`='DiagnosisDetail' AND `tablename`='qc_gastro_dxd_cap_larynx' AND `field`='hist_type_giant_cell' AND `type`='checkbox' AND `structure_value_domain`  IS NULL  AND `flag_confidential`='0' AND `setting`='' AND `default`='' AND `language_help`='' AND `language_label`='giant cell carcinoma' AND `language_tag`=''), '2', '57', '', '0', '', '0', '', '0', '', '0', '', '0', '', '0', '', '1', '0', '1', '0', '0', '0', '0', '0', '0', '0', '0', '0', '0', '1', '0'), 
((SELECT id FROM structures WHERE alias='qc_gastro_dxd_cap_larynx'), (SELECT id FROM structure_fields WHERE `model`='DiagnosisDetail' AND `tablename`='qc_gastro_dxd_cap_larynx' AND `field`='hist_type_lympoepithelial' AND `type`='checkbox' AND `structure_value_domain`  IS NULL  AND `flag_confidential`='0' AND `setting`='' AND `default`='' AND `language_help`='' AND `language_label`='lympoepithelial carcinoma' AND `language_tag`=''), '2', '58', '', '0', '', '0', '', '0', '', '0', '', '0', '', '0', '', '1', '0', '1', '0', '0', '0', '0', '0', '0', '0', '0', '0', '0', '1', '0'), 
((SELECT id FROM structures WHERE alias='qc_gastro_dxd_cap_larynx'), (SELECT id FROM structure_fields WHERE `model`='DiagnosisDetail' AND `tablename`='qc_gastro_dxd_cap_larynx' AND `field`='hist_type_typical' AND `type`='checkbox' AND `structure_value_domain`  IS NULL  AND `flag_confidential`='0' AND `setting`='' AND `default`='' AND `language_help`='' AND `language_label`='typical carcinoid tumor' AND `language_tag`=''), '2', '59', '', '0', '', '0', '', '0', '', '0', '', '0', '', '0', '', '1', '0', '1', '0', '0', '0', '0', '0', '0', '0', '0', '0', '0', '1', '0'), 
((SELECT id FROM structures WHERE alias='qc_gastro_dxd_cap_larynx'), (SELECT id FROM structure_fields WHERE `model`='DiagnosisDetail' AND `tablename`='qc_gastro_dxd_cap_larynx' AND `field`='hist_type_atypical' AND `type`='checkbox' AND `structure_value_domain`  IS NULL  AND `flag_confidential`='0' AND `setting`='' AND `default`='' AND `language_help`='' AND `language_label`='atypical carcinoid tumor' AND `language_tag`=''), '2', '60', '', '0', '', '0', '', '0', '', '0', '', '0', '', '0', '', '1', '0', '1', '0', '0', '0', '0', '0', '0', '0', '0', '0', '0', '1', '0'), 
((SELECT id FROM structures WHERE alias='qc_gastro_dxd_cap_larynx'), (SELECT id FROM structure_fields WHERE `model`='DiagnosisDetail' AND `tablename`='qc_gastro_dxd_cap_larynx' AND `field`='hist_type_small_cell' AND `type`='checkbox' AND `structure_value_domain`  IS NULL  AND `flag_confidential`='0' AND `setting`='' AND `default`='' AND `language_help`='' AND `language_label`='small cell carcinoma, neuroendocrine type' AND `language_tag`=''), '2', '61', '', '0', '', '0', '', '0', '', '0', '', '0', '', '0', '', '1', '0', '1', '0', '0', '0', '0', '0', '0', '0', '0', '0', '0', '1', '0'), 
((SELECT id FROM structures WHERE alias='qc_gastro_dxd_cap_larynx'), (SELECT id FROM structure_fields WHERE `model`='DiagnosisDetail' AND `tablename`='qc_gastro_dxd_cap_larynx' AND `field`='hist_type_combined' AND `type`='checkbox' AND `structure_value_domain`  IS NULL  AND `flag_confidential`='0' AND `setting`='' AND `default`='' AND `language_help`='' AND `language_label`='combined small cell carcinoma, neuroendocrine type' AND `language_tag`=''), '2', '62', '', '0', '', '0', '', '0', '', '0', '', '0', '', '0', '', '1', '0', '1', '0', '0', '0', '0', '0', '0', '0', '0', '0', '0', '1', '0'), 
((SELECT id FROM structures WHERE alias='qc_gastro_dxd_cap_larynx'), (SELECT id FROM structure_fields WHERE `model`='DiagnosisDetail' AND `tablename`='qc_gastro_dxd_cap_larynx' AND `field`='hist_type_adenoid' AND `type`='checkbox' AND `structure_value_domain`  IS NULL  AND `flag_confidential`='0' AND `setting`='' AND `default`='' AND `language_help`='' AND `language_label`='adenoid cystic carcinoma' AND `language_tag`=''), '2', '63', '', '0', '', '0', '', '0', '', '0', '', '0', '', '0', '', '1', '0', '1', '0', '0', '0', '0', '0', '0', '0', '0', '0', '0', '1', '0'), 
((SELECT id FROM structures WHERE alias='qc_gastro_dxd_cap_larynx'), (SELECT id FROM structure_fields WHERE `model`='DiagnosisDetail' AND `tablename`='qc_gastro_dxd_cap_larynx' AND `field`='hist_type_mucoepidemoid' AND `type`='checkbox' AND `structure_value_domain`  IS NULL  AND `flag_confidential`='0' AND `setting`='' AND `default`='' AND `language_help`='' AND `language_label`='mucoepidemoid carcinoma' AND `language_tag`=''), '2', '64', '', '0', '', '0', '', '0', '', '0', '', '0', '', '0', '', '1', '0', '1', '0', '0', '0', '0', '0', '0', '0', '0', '0', '0', '1', '0'), 
((SELECT id FROM structures WHERE alias='qc_gastro_dxd_cap_larynx'), (SELECT id FROM structure_fields WHERE `model`='DiagnosisDetail' AND `tablename`='qc_gastro_dxd_cap_larynx' AND `field`='hist_type_mucoepidemoid_low' AND `type`='checkbox' AND `structure_value_domain`  IS NULL  AND `flag_confidential`='0' AND `setting`='' AND `default`='' AND `language_help`='' AND `language_label`='' AND `language_tag`='low grade'), '2', '65', '', '0', '', '0', '', '0', '', '0', '', '0', '', '0', '', '1', '0', '1', '0', '0', '0', '0', '0', '0', '0', '0', '0', '0', '1', '0'), 
((SELECT id FROM structures WHERE alias='qc_gastro_dxd_cap_larynx'), (SELECT id FROM structure_fields WHERE `model`='DiagnosisDetail' AND `tablename`='qc_gastro_dxd_cap_larynx' AND `field`='hist_type_mucoepidemoid_intermediate' AND `type`='checkbox' AND `structure_value_domain`  IS NULL  AND `flag_confidential`='0' AND `setting`='' AND `default`='' AND `language_help`='' AND `language_label`='' AND `language_tag`='intermediate grade'), '2', '66', '', '0', '', '0', '', '0', '', '0', '', '0', '', '0', '', '1', '0', '1', '0', '0', '0', '0', '0', '0', '0', '0', '0', '0', '1', '0'), 
((SELECT id FROM structures WHERE alias='qc_gastro_dxd_cap_larynx'), (SELECT id FROM structure_fields WHERE `model`='DiagnosisDetail' AND `tablename`='qc_gastro_dxd_cap_larynx' AND `field`='hist_type_mucoepidemoid_high' AND `type`='checkbox' AND `structure_value_domain`  IS NULL  AND `flag_confidential`='0' AND `setting`='' AND `default`='' AND `language_help`='' AND `language_label`='' AND `language_tag`='high grade'), '2', '67', '', '0', '', '0', '', '0', '', '0', '', '0', '', '0', '', '1', '0', '1', '0', '0', '0', '0', '0', '0', '0', '0', '0', '0', '1', '0'), 
((SELECT id FROM structures WHERE alias='qc_gastro_dxd_cap_larynx'), (SELECT id FROM structure_fields WHERE `model`='DiagnosisDetail' AND `tablename`='qc_gastro_dxd_cap_larynx' AND `field`='hist_type_other' AND `type`='checkbox' AND `structure_value_domain`  IS NULL  AND `flag_confidential`='0' AND `setting`='' AND `default`='' AND `language_help`='' AND `language_label`='other' AND `language_tag`=''), '2', '68', '', '0', '', '0', '', '0', '', '0', '', '0', '', '0', '', '1', '0', '1', '0', '0', '0', '0', '0', '0', '0', '0', '0', '0', '1', '0'), 
((SELECT id FROM structures WHERE alias='qc_gastro_dxd_cap_larynx'), (SELECT id FROM structure_fields WHERE `model`='DiagnosisDetail' AND `tablename`='qc_gastro_dxd_cap_larynx' AND `field`='hist_type_other_specify' AND `type`='input' AND `structure_value_domain`  IS NULL  AND `flag_confidential`='0' AND `setting`='' AND `default`='' AND `language_help`='' AND `language_label`='' AND `language_tag`='specify'), '2', '69', '', '0', '', '0', '', '0', '', '0', '', '0', '', '0', '', '1', '0', '1', '0', '0', '0', '0', '0', '0', '0', '0', '0', '0', '1', '0'), 
((SELECT id FROM structures WHERE alias='qc_gastro_dxd_cap_larynx'), (SELECT id FROM structure_fields WHERE `model`='DiagnosisDetail' AND `tablename`='qc_gastro_dxd_cap_larynx' AND `field`='hist_type_other_carcinoma' AND `type`='checkbox' AND `structure_value_domain`  IS NULL  AND `flag_confidential`='0' AND `setting`='' AND `default`='' AND `language_help`='' AND `language_label`='other carcinoma' AND `language_tag`=''), '2', '70', '', '0', '', '0', '', '0', '', '0', '', '0', '', '0', '', '1', '0', '1', '0', '0', '0', '0', '0', '0', '0', '0', '0', '0', '1', '0'), 
((SELECT id FROM structures WHERE alias='qc_gastro_dxd_cap_larynx'), (SELECT id FROM structure_fields WHERE `model`='DiagnosisDetail' AND `tablename`='qc_gastro_dxd_cap_larynx' AND `field`='hist_type_other_carcinoma_specify' AND `type`='input' AND `structure_value_domain`  IS NULL  AND `flag_confidential`='0' AND `setting`='' AND `default`='' AND `language_help`='' AND `language_label`='' AND `language_tag`='specify'), '2', '71', '', '0', '', '0', '', '0', '', '0', '', '0', '', '0', '', '1', '0', '1', '0', '0', '0', '0', '0', '0', '0', '0', '0', '0', '1', '0'), 
((SELECT id FROM structures WHERE alias='qc_gastro_dxd_cap_larynx'), (SELECT id FROM structure_fields WHERE `model`='DiagnosisDetail' AND `tablename`='qc_gastro_dxd_cap_larynx' AND `field`='hist_type_carcinoma' AND `type`='checkbox' AND `structure_value_domain`  IS NULL  AND `flag_confidential`='0' AND `setting`='' AND `default`='' AND `language_help`='' AND `language_label`='carcinoma type cannot be determined' AND `language_tag`=''), '2', '72', '', '0', '', '0', '', '0', '', '0', '', '0', '', '0', '', '1', '0', '1', '0', '0', '0', '0', '0', '0', '0', '0', '0', '0', '1', '0'), 
((SELECT id FROM structures WHERE alias='qc_gastro_dxd_cap_larynx'), (SELECT id FROM structure_fields WHERE `model`='DiagnosisDetail' AND `tablename`='qc_gastro_dxd_cap_larynx' AND `field`='hist_grade' AND `type`='select' AND `structure_value_domain` =(SELECT id FROM structure_value_domains WHERE domain_name='histologic_grade_larynx')  AND `flag_confidential`='0' AND `setting`='' AND `default`='' AND `language_help`='' AND `language_label`='hist grade' AND `language_tag`=''), '2', '73', 'histologic grade', '0', '', '0', '', '0', '', '0', '', '0', '', '0', '', '1', '0', '1', '0', '0', '0', '0', '0', '0', '0', '0', '0', '0', '1', '0'), 
((SELECT id FROM structures WHERE alias='qc_gastro_dxd_cap_larynx'), (SELECT id FROM structure_fields WHERE `model`='DiagnosisDetail' AND `tablename`='qc_gastro_dxd_cap_larynx' AND `field`='hist_grade_other_specify' AND `type`='input' AND `structure_value_domain`  IS NULL  AND `flag_confidential`='0' AND `setting`='' AND `default`='' AND `language_help`='' AND `language_label`='' AND `language_tag`='specify'), '2', '74', '', '0', '', '0', '', '0', '', '0', '', '0', '', '0', '', '1', '0', '1', '0', '0', '0', '0', '0', '0', '0', '0', '0', '0', '1', '0'), 
((SELECT id FROM structures WHERE alias='qc_gastro_dxd_cap_larynx'), (SELECT id FROM structure_fields WHERE `model`='DiagnosisDetail' AND `tablename`='qc_gastro_dxd_cap_larynx' AND `field`='lymph_vascular_invasion' AND `type`='select' AND `structure_value_domain` =(SELECT id FROM structure_value_domains WHERE domain_name='lymph_vascular_invasion')  AND `flag_confidential`='0' AND `setting`='' AND `default`='' AND `language_help`='' AND `language_label`='lymph vascular invasion' AND `language_tag`=''), '3', '75', '', '0', '', '0', '', '0', '', '0', '', '0', '', '0', '', '1', '0', '1', '0', '0', '0', '0', '0', '0', '0', '0', '0', '0', '1', '0'), 
((SELECT id FROM structures WHERE alias='qc_gastro_dxd_cap_larynx'), (SELECT id FROM structure_fields WHERE `model`='DiagnosisDetail' AND `tablename`='qc_gastro_dxd_cap_larynx' AND `field`='perineural_invasion' AND `type`='select' AND `structure_value_domain` =(SELECT id FROM structure_value_domains WHERE domain_name='lymph_vascular_invasion')  AND `flag_confidential`='0' AND `setting`='' AND `default`='' AND `language_help`='' AND `language_label`='perineural invasion' AND `language_tag`=''), '3', '76', '', '0', '', '0', '', '0', '', '0', '', '0', '', '0', '', '1', '0', '1', '0', '0', '0', '0', '0', '0', '0', '0', '0', '0', '1', '0'), 
((SELECT id FROM structures WHERE alias='qc_gastro_dxd_cap_larynx'), (SELECT id FROM structure_fields WHERE `model`='DiagnosisDetail' AND `tablename`='qc_gastro_dxd_cap_larynx' AND `field`='tnm_descriptor_m' AND `type`='checkbox' AND `structure_value_domain`  IS NULL  AND `flag_confidential`='0' AND `setting`='' AND `default`='' AND `language_help`='' AND `language_label`='descriptors' AND `language_tag`='m'), '3', '77', 'pTNM', '0', '', '0', '', '0', '', '0', '', '0', '', '0', '', '1', '0', '1', '0', '0', '0', '0', '0', '0', '0', '0', '0', '0', '1', '0'), 
((SELECT id FROM structures WHERE alias='qc_gastro_dxd_cap_larynx'), (SELECT id FROM structure_fields WHERE `model`='DiagnosisDetail' AND `tablename`='qc_gastro_dxd_cap_larynx' AND `field`='tnm_descriptor_r' AND `type`='checkbox' AND `structure_value_domain`  IS NULL  AND `flag_confidential`='0' AND `setting`='' AND `default`='' AND `language_help`='' AND `language_label`='' AND `language_tag`='r'), '3', '78', '', '0', '', '0', '', '0', '', '0', '', '0', '', '0', '', '1', '0', '1', '0', '0', '0', '0', '0', '0', '0', '0', '0', '0', '1', '0'), 
((SELECT id FROM structures WHERE alias='qc_gastro_dxd_cap_larynx'), (SELECT id FROM structure_fields WHERE `model`='DiagnosisDetail' AND `tablename`='qc_gastro_dxd_cap_larynx' AND `field`='tnm_descriptor_y' AND `type`='checkbox' AND `structure_value_domain`  IS NULL  AND `flag_confidential`='0' AND `setting`='' AND `default`='' AND `language_help`='' AND `language_label`='' AND `language_tag`='y'), '3', '79', '', '0', '', '0', '', '0', '', '0', '', '0', '', '0', '', '1', '0', '1', '0', '0', '0', '0', '0', '0', '0', '0', '0', '0', '1', '0'), 
((SELECT id FROM structures WHERE alias='qc_gastro_dxd_cap_larynx'), (SELECT id FROM structure_fields WHERE `model`='DiagnosisDetail' AND `tablename`='qc_gastro_dxd_cap_larynx' AND `field`='pt' AND `type`='select' AND `structure_value_domain` =(SELECT id FROM structure_value_domains WHERE domain_name='qc_gastro_cap_pt_general')  AND `flag_confidential`='0' AND `setting`='' AND `default`='' AND `language_help`='' AND `language_label`='pt' AND `language_tag`=''), '3', '80', '', '0', '', '0', '', '0', '', '0', '', '0', '', '0', '', '1', '0', '1', '0', '0', '0', '0', '0', '0', '0', '0', '0', '0', '1', '0'), 
((SELECT id FROM structures WHERE alias='qc_gastro_dxd_cap_larynx'), (SELECT id FROM structure_fields WHERE `model`='DiagnosisDetail' AND `tablename`='qc_gastro_dxd_cap_larynx' AND `field`='pt_supraglottis' AND `type`='select' AND `structure_value_domain` =(SELECT id FROM structure_value_domains WHERE domain_name='qc_gastro_cap_larynx_pt_supra')  AND `flag_confidential`='0' AND `setting`='' AND `default`='' AND `language_help`='' AND `language_label`='pt supraglottis' AND `language_tag`=''), '3', '81', '', '0', '', '0', '', '0', '', '0', '', '0', '', '0', '', '1', '0', '1', '0', '0', '0', '0', '0', '0', '0', '0', '0', '0', '1', '0'), 
((SELECT id FROM structures WHERE alias='qc_gastro_dxd_cap_larynx'), (SELECT id FROM structure_fields WHERE `model`='DiagnosisDetail' AND `tablename`='qc_gastro_dxd_cap_larynx' AND `field`='pt_glottis' AND `type`='select' AND `structure_value_domain` =(SELECT id FROM structure_value_domains WHERE domain_name='qc_gastro_cap_larynx_pt_glottis')  AND `flag_confidential`='0' AND `setting`='' AND `default`='' AND `language_help`='' AND `language_label`='pt glottis' AND `language_tag`=''), '3', '82', '', '0', '', '0', '', '0', '', '0', '', '0', '', '0', '', '1', '0', '1', '0', '0', '0', '0', '0', '0', '0', '0', '0', '0', '1', '0'), 
((SELECT id FROM structures WHERE alias='qc_gastro_dxd_cap_larynx'), (SELECT id FROM structure_fields WHERE `model`='DiagnosisDetail' AND `tablename`='qc_gastro_dxd_cap_larynx' AND `field`='pt_subglottis' AND `type`='select' AND `structure_value_domain` =(SELECT id FROM structure_value_domains WHERE domain_name='qc_gastro_cap_larynx_pt_sub')  AND `flag_confidential`='0' AND `setting`='' AND `default`='' AND `language_help`='' AND `language_label`='pt subglottis' AND `language_tag`=''), '3', '83', '', '0', '', '0', '', '0', '', '0', '', '0', '', '0', '', '1', '0', '1', '0', '0', '0', '0', '0', '0', '0', '0', '0', '0', '1', '0'), 
((SELECT id FROM structures WHERE alias='qc_gastro_dxd_cap_larynx'), (SELECT id FROM structure_fields WHERE `model`='DiagnosisDetail' AND `tablename`='qc_gastro_dxd_cap_larynx' AND `field`='pn' AND `type`='select' AND `structure_value_domain` =(SELECT id FROM structure_value_domains WHERE domain_name='qc_gastro_cap_larynx_pn')  AND `flag_confidential`='0' AND `setting`='' AND `default`='' AND `language_help`='' AND `language_label`='pn' AND `language_tag`=''), '3', '84', '', '0', '', '0', '', '0', '', '0', '', '0', '', '0', '', '1', '0', '1', '0', '0', '0', '0', '0', '0', '0', '0', '0', '0', '1', '0'), 
((SELECT id FROM structures WHERE alias='qc_gastro_dxd_cap_larynx'), (SELECT id FROM structure_fields WHERE `model`='DiagnosisDetail' AND `tablename`='qc_gastro_dxd_cap_larynx' AND `field`='number_nodes_examined' AND `type`='integer_positive' AND `structure_value_domain`  IS NULL  AND `flag_confidential`='0' AND `setting`='' AND `default`='' AND `language_help`='' AND `language_label`='number of nodes examined' AND `language_tag`=''), '3', '85', '', '0', '', '0', '', '0', '', '0', '', '0', '', '0', '', '1', '0', '1', '0', '0', '0', '0', '0', '0', '0', '0', '0', '0', '1', '0'), 
((SELECT id FROM structures WHERE alias='qc_gastro_dxd_cap_larynx'), (SELECT id FROM structure_fields WHERE `model`='DiagnosisDetail' AND `tablename`='qc_gastro_dxd_cap_larynx' AND `field`='number_nodes_examined_cannot_be_determined' AND `type`='checkbox' AND `structure_value_domain`  IS NULL  AND `flag_confidential`='0' AND `setting`='' AND `default`='' AND `language_help`='' AND `language_label`='number nodes examined cannot be determined' AND `language_tag`=''), '3', '86', '', '0', '', '0', '', '0', '', '0', '', '0', '', '0', '', '1', '0', '1', '0', '0', '0', '0', '0', '0', '0', '0', '0', '0', '1', '0'), 
((SELECT id FROM structures WHERE alias='qc_gastro_dxd_cap_larynx'), (SELECT id FROM structure_fields WHERE `model`='DiagnosisDetail' AND `tablename`='qc_gastro_dxd_cap_larynx' AND `field`='number_nodes_examined_cannot_be_determined_explain' AND `type`='input' AND `structure_value_domain`  IS NULL  AND `flag_confidential`='0' AND `setting`='' AND `default`='' AND `language_help`='' AND `language_label`='' AND `language_tag`='explain'), '3', '87', '', '0', '', '0', '', '0', '', '0', '', '0', '', '0', '', '1', '0', '1', '0', '0', '0', '0', '0', '0', '0', '0', '0', '0', '1', '0'), 
((SELECT id FROM structures WHERE alias='qc_gastro_dxd_cap_larynx'), (SELECT id FROM structure_fields WHERE `model`='DiagnosisDetail' AND `tablename`='qc_gastro_dxd_cap_larynx' AND `field`='number_nodes_involved' AND `type`='integer_positive' AND `structure_value_domain`  IS NULL  AND `flag_confidential`='0' AND `setting`='' AND `default`='' AND `language_help`='' AND `language_label`='number nodes involved' AND `language_tag`=''), '3', '88', '', '0', '', '0', '', '0', '', '0', '', '0', '', '0', '', '1', '0', '1', '0', '0', '0', '0', '0', '0', '0', '0', '0', '0', '1', '0'), 
((SELECT id FROM structures WHERE alias='qc_gastro_dxd_cap_larynx'), (SELECT id FROM structure_fields WHERE `model`='DiagnosisDetail' AND `tablename`='qc_gastro_dxd_cap_larynx' AND `field`='number_nodes_involved_cannot_be_determined' AND `type`='checkbox' AND `structure_value_domain`  IS NULL  AND `flag_confidential`='0' AND `setting`='' AND `default`='' AND `language_help`='' AND `language_label`='number nodes involved cannot be determined' AND `language_tag`=''), '3', '89', '', '0', '', '0', '', '0', '', '0', '', '0', '', '0', '', '1', '0', '1', '0', '0', '0', '0', '0', '0', '0', '0', '0', '0', '1', '0'), 
((SELECT id FROM structures WHERE alias='qc_gastro_dxd_cap_larynx'), (SELECT id FROM structure_fields WHERE `model`='DiagnosisDetail' AND `tablename`='qc_gastro_dxd_cap_larynx' AND `field`='number_nodes_involved_cannot_be_determined_explain' AND `type`='input' AND `structure_value_domain`  IS NULL  AND `flag_confidential`='0' AND `setting`='' AND `default`='' AND `language_help`='' AND `language_label`='' AND `language_tag`='explain'), '3', '90', '', '0', '', '0', '', '0', '', '0', '', '0', '', '0', '', '1', '0', '1', '0', '0', '0', '0', '0', '0', '0', '0', '0', '0', '1', '0'), 
((SELECT id FROM structures WHERE alias='qc_gastro_dxd_cap_larynx'), (SELECT id FROM structure_fields WHERE `model`='DiagnosisDetail' AND `tablename`='qc_gastro_dxd_cap_larynx' AND `field`='size_greatest_dimension_largest_pos_lymph_node' AND `type`='float_positive' AND `structure_value_domain`  IS NULL  AND `flag_confidential`='0' AND `setting`='' AND `default`='' AND `language_help`='' AND `language_label`='size (greatest dimension) of the largest positive lymph node' AND `language_tag`=''), '3', '91', '', '0', '', '0', '', '0', '', '0', '', '0', '', '0', '', '1', '0', '1', '0', '0', '0', '0', '0', '0', '0', '0', '0', '0', '1', '0'), 
((SELECT id FROM structures WHERE alias='qc_gastro_dxd_cap_larynx'), (SELECT id FROM structure_fields WHERE `model`='DiagnosisDetail' AND `tablename`='qc_gastro_dxd_cap_larynx' AND `field`='pm' AND `type`='select' AND `structure_value_domain` =(SELECT id FROM structure_value_domains WHERE domain_name='qc_gastro_cap_larynx_pm')  AND `flag_confidential`='0' AND `setting`='' AND `default`='' AND `language_help`='' AND `language_label`='pm' AND `language_tag`=''), '3', '92', '', '0', '', '0', '', '0', '', '0', '', '0', '', '0', '', '1', '0', '1', '0', '0', '0', '0', '0', '0', '0', '0', '0', '0', '1', '0'), 
((SELECT id FROM structures WHERE alias='qc_gastro_dxd_cap_larynx'), (SELECT id FROM structure_fields WHERE `model`='DiagnosisDetail' AND `tablename`='qc_gastro_dxd_cap_larynx' AND `field`='pm_site_specify' AND `type`='input' AND `structure_value_domain`  IS NULL  AND `flag_confidential`='0' AND `setting`='' AND `default`='' AND `language_help`='' AND `language_label`='' AND `language_tag`='site'), '3', '93', '', '0', '', '0', '', '0', '', '0', '', '0', '', '0', '', '1', '0', '1', '0', '0', '0', '0', '0', '0', '0', '0', '0', '0', '1', '0'), 
((SELECT id FROM structures WHERE alias='qc_gastro_dxd_cap_larynx'), (SELECT id FROM structure_fields WHERE `model`='DiagnosisDetail' AND `tablename`='qc_gastro_dxd_cap_larynx' AND `field`='pm_source_specify' AND `type`='input' AND `structure_value_domain`  IS NULL  AND `flag_confidential`='0' AND `setting`='' AND `default`='' AND `language_help`='' AND `language_label`='' AND `language_tag`='source'), '3', '94', '', '0', '', '0', '', '0', '', '0', '', '0', '', '0', '', '1', '0', '1', '0', '0', '0', '0', '0', '0', '0', '0', '0', '0', '1', '0'), 
((SELECT id FROM structures WHERE alias='qc_gastro_dxd_cap_larynx'), (SELECT id FROM structure_fields WHERE `model`='DiagnosisDetail' AND `tablename`='qc_gastro_dxd_cap_larynx' AND `field`='pt_mucosal' AND `type`='select' AND `structure_value_domain` =(SELECT id FROM structure_value_domains WHERE domain_name='qc_gastro_cap_larynx_mucosal_pt')  AND `flag_confidential`='0' AND `setting`='' AND `default`='' AND `language_help`='' AND `language_label`='pt mucosal' AND `language_tag`=''), '3', '95', '', '0', '', '0', '', '0', '', '0', '', '0', '', '0', '', '1', '0', '1', '0', '0', '0', '0', '0', '0', '0', '0', '0', '0', '1', '0'), 
((SELECT id FROM structures WHERE alias='qc_gastro_dxd_cap_larynx'), (SELECT id FROM structure_fields WHERE `model`='DiagnosisDetail' AND `tablename`='qc_gastro_dxd_cap_larynx' AND `field`='pn_mucosal' AND `type`='select' AND `structure_value_domain` =(SELECT id FROM structure_value_domains WHERE domain_name='qc_gastro_cap_larynx_mucosal_pn')  AND `flag_confidential`='0' AND `setting`='' AND `default`='' AND `language_help`='' AND `language_label`='pn mucosal' AND `language_tag`=''), '3', '96', '', '0', '', '0', '', '0', '', '0', '', '0', '', '0', '', '1', '0', '1', '0', '0', '0', '0', '0', '0', '0', '0', '0', '0', '1', '0'), 
((SELECT id FROM structures WHERE alias='qc_gastro_dxd_cap_larynx'), (SELECT id FROM structure_fields WHERE `model`='DiagnosisDetail' AND `tablename`='qc_gastro_dxd_cap_larynx' AND `field`='pm_mucosal' AND `type`='select' AND `structure_value_domain` =(SELECT id FROM structure_value_domains WHERE domain_name='qc_gastro_cap_larynx_mucosal_pm')  AND `flag_confidential`='0' AND `setting`='' AND `default`='' AND `language_help`='' AND `language_label`='pm mucosal' AND `language_tag`=''), '3', '97', '', '0', '', '0', '', '0', '', '0', '', '0', '', '0', '', '1', '0', '1', '0', '0', '0', '0', '0', '0', '0', '0', '0', '0', '1', '0'), 
((SELECT id FROM structures WHERE alias='qc_gastro_dxd_cap_larynx'), (SELECT id FROM structure_fields WHERE `model`='DiagnosisDetail' AND `tablename`='qc_gastro_dxd_cap_larynx' AND `field`='pm_mucosal_site_specify' AND `type`='input' AND `structure_value_domain`  IS NULL  AND `flag_confidential`='0' AND `setting`='' AND `default`='' AND `language_help`='' AND `language_label`='' AND `language_tag`='site'), '3', '98', '', '0', '', '0', '', '0', '', '0', '', '0', '', '0', '', '1', '0', '1', '0', '0', '0', '0', '0', '0', '0', '0', '0', '0', '1', '0'), 
((SELECT id FROM structures WHERE alias='qc_gastro_dxd_cap_larynx'), (SELECT id FROM structure_fields WHERE `model`='DiagnosisDetail' AND `tablename`='qc_gastro_dxd_cap_larynx' AND `field`='pm_mucosal_source_specify' AND `type`='input' AND `structure_value_domain`  IS NULL  AND `flag_confidential`='0' AND `setting`='' AND `default`='' AND `language_help`='' AND `language_label`='' AND `language_tag`='source'), '3', '99', '', '0', '', '0', '', '0', '', '0', '', '0', '', '0', '', '1', '0', '1', '0', '0', '0', '0', '0', '0', '0', '0', '0', '0', '1', '0');



CREATE TABLE qc_gastro_dxd_cap_pharynx(
 id INT UNSIGNED NOT NULL AUTO_INCREMENT PRIMARY KEY,
 diagnosis_master_id INT NOT NULL,
 specimen_is_oropharynx CHAR(1) NOT NULL DEFAULT '',
 specimen_is_nasopharynx CHAR(1) NOT NULL DEFAULT '',
 specimen_is_hypopharynx CHAR(1) NOT NULL DEFAULT '',
 specimen_is_other CHAR(1) NOT NULL DEFAULT '',
 specimen_is_other_specify VARCHAR(50) NOT NULL DEFAULT '',
 specimen_is_not_specified CHAR(1) NOT NULL DEFAULT '',
 procedure_is_incisional_biopsy CHAR(1) NOT NULL DEFAULT '',
 procedure_is_excisional_biopsy CHAR(1) NOT NULL DEFAULT '',
 procedure_is_resection CHAR(1) NOT NULL DEFAULT '',
 procedure_is_resection_tonsillectomy CHAR(1) NOT NULL DEFAULT '',
 procedure_is_resection_laryngopharyngectomy CHAR(1) NOT NULL DEFAULT '',
 procedure_is_resection_other CHAR(1) NOT NULL DEFAULT '',
 procedure_is_resection_other_specify VARCHAR(50) NOT NULL DEFAULT '',
 procedure_is_neck CHAR(1) NOT NULL DEFAULT '',
 procedure_is_neck_specify CHAR(1) NOT NULL DEFAULT '',
 procedure_is_other CHAR(1) NOT NULL DEFAULT '',
 procedure_is_other_specify VARCHAR(50) NOT NULL DEFAULT '',
 procedure_is_not_specified CHAR(1) NOT NULL DEFAULT '',
 laterality_left CHAR(1) NOT NULL DEFAULT '',
 laterality_right CHAR(1) NOT NULL DEFAULT '',
 laterality_bilateral CHAR(1) NOT NULL DEFAULT '',
 laterality_midline CHAR(1) NOT NULL DEFAULT '',
 laterality_not_specified CHAR(1) NOT NULL DEFAULT '',
 site_oropharynx CHAR(1) NOT NULL DEFAULT '',
 site_oropharynx_palatine_tonsil CHAR(1) NOT NULL DEFAULT '',
 site_oropharynx_base_of_tongue CHAR(1) NOT NULL DEFAULT '',
 site_oropharynx_soft_palate CHAR(1) NOT NULL DEFAULT '',
 site_oropharynx_uvulva CHAR(1) NOT NULL DEFAULT '',
 site_oropharynx_pharyngeal_wall CHAR(1) NOT NULL DEFAULT '',
 site_oropharynx_other CHAR(1) NOT NULL DEFAULT '',
 site_nasopharynx CHAR(1) NOT NULL DEFAULT '',
 site_nasopharynx_nasopharyngeal_tonsil CHAR(1) NOT NULL DEFAULT '',
 site_hypopharynx CHAR(1) NOT NULL DEFAULT '',
 site_hypopharynx_piriform_sinus CHAR(1) NOT NULL DEFAULT '',
 site_hypopharynx_postcricoid CHAR(1) NOT NULL DEFAULT '',
 site_hypopharynx_pharyngeal_wall CHAR(1) NOT NULL DEFAULT '',
 site_hypopharynx_other CHAR(1) NOT NULL DEFAULT '',
 site_other CHAR(1) NOT NULL DEFAULT '',
 site_other_specify VARCHAR(50) NOT NULL DEFAULT '',
 site_not_specified CHAR(1) NOT NULL DEFAULT '',
 tumor_size_cannot_determine CHAR(1) NOT NULL DEFAULT '',
 tumor_greatest_cm FLOAT UNSIGNED DEFAULT NULL,
 tumor_size_add1_cm FLOAT UNSIGNED DEFAULT NULL,
 tumor_size_add2_cm FLOAT UNSIGNED DEFAULT NULL,
 histo_squamous_cell_carcinoma CHAR(1) NOT NULL DEFAULT '',
 histo_acantholytic_squamous_cell_carcinoma CHAR(1) NOT NULL DEFAULT '',
 histo_adenosquamous_carcinoma CHAR(1) NOT NULL DEFAULT '',
 histo_basaloid_squamous_cell_carcinoma CHAR(1) NOT NULL DEFAULT '',
 histo_papillary_squamous_cell_carcinoma CHAR(1) NOT NULL DEFAULT '',
 histo_spindle_cell_squamous_carcinoma CHAR(1) NOT NULL DEFAULT '',
 histo_verrucous_carcinoma CHAR(1) NOT NULL DEFAULT '',
 histo_lymphoepithelial_carcinoma CHAR(1) NOT NULL DEFAULT '',
 histo_keratinizing_squamous_cell_carcinoma CHAR(1) NOT NULL DEFAULT '',
 histo_nonkeratinizing_carcinoma CHAR(1) NOT NULL DEFAULT '',
 histo_differentiated_carcinoma CHAR(1) NOT NULL DEFAULT '',
 histo_undifferentiated_carcinoma CHAR(1) NOT NULL DEFAULT '',
 histo_basaloid_squamous_cell_carcinoma_b CHAR(1) NOT NULL DEFAULT '',
 histo_nasopharyngeal_papillary_adenocarcinoma CHAR(1) NOT NULL DEFAULT '',
 histo_adenocarcinoma_not_otherwise_specified CHAR(1) NOT NULL DEFAULT '',
 histo_adenocarcinoma_low_grade CHAR(1) NOT NULL DEFAULT '',
 histo_adenocarcinoma_intermediate_grade CHAR(1) NOT NULL DEFAULT '',
 histo_adenocarcinoma_high_grade CHAR(1) NOT NULL DEFAULT '',
 histo_other_adenocarcinoma CHAR(1) NOT NULL DEFAULT '',
 histo_other_adenocarcinoma_specify VARCHAR(50) NOT NULL DEFAULT '',
 histo_acinic_cell_carcinoma CHAR(1) NOT NULL DEFAULT '',
 histo_adenoid_cystic_carcinoma CHAR(1) NOT NULL DEFAULT '',
 histo_adenocarcinoma_b_not_otherwise_specified CHAR(1) NOT NULL DEFAULT '',
 histo_adenocarcinoma_b_low_grade CHAR(1) NOT NULL DEFAULT '',
 histo_adenocarcinoma_b_intermediate_grade CHAR(1) NOT NULL DEFAULT '',
 histo_adenocarcinoma_b_high_grade CHAR(1) NOT NULL DEFAULT '',
 histo_basal_cell_adenocarcinoma CHAR(1) NOT NULL DEFAULT '',
 histo_carcinoma_ex_pleomorphic_adenoma_malignant_mixed_tumor CHAR(1) NOT NULL DEFAULT '',
 histo_carcinoma_type_cannot_be_determined CHAR(1) NOT NULL DEFAULT '',
 histo_clear_cell_adenocarcinoma CHAR(1) NOT NULL DEFAULT '',
 histo_cystadenocarcinoma CHAR(1) NOT NULL DEFAULT '',
 histo_epithelial_myoepithelial_carcinoma CHAR(1) NOT NULL DEFAULT '',
 histo_mucoepidermoid_carcinoma CHAR(1) NOT NULL DEFAULT '',
 histo_mucoepidermoid_carcinoma_low_grade CHAR(1) NOT NULL DEFAULT '',
 histo_mucoepidermoid_carcinoma_intermediate_grade CHAR(1) NOT NULL DEFAULT '',
 histo_mucoepidermoid_carcinoma_high_grade CHAR(1) NOT NULL DEFAULT '',
 histo_mucinous_adenocarcinoma_colloid_carcinoma CHAR(1) NOT NULL DEFAULT '',
 histo_myoepithelial_carcinoma_malignant_myoepithelioma CHAR(1) NOT NULL DEFAULT '',
 histo_oncocytic_carcinoma CHAR(1) NOT NULL DEFAULT '',
 histo_polymorphous_low_grade_adenocarcinoma CHAR(1) NOT NULL DEFAULT '',
 histo_salivary_duct_carcinoma CHAR(1) NOT NULL DEFAULT '',
 histo_carcinoma_other CHAR(1) NOT NULL DEFAULT '',
 histo_carcinoma_other_specify VARCHAR(50) NOT NULL DEFAULT '',
 histo_typical_carcinoid_tumor CHAR(1) NOT NULL DEFAULT '',
 histo_atypical_carcinoid_tumor CHAR(1) NOT NULL DEFAULT '',
 histo_small_cell_carcinoma CHAR(1) NOT NULL DEFAULT '',
 histo_combined_or_composite_small_cell_carcinoma CHAR(1) NOT NULL DEFAULT '',
 histo_mucosal_malignant_melanoma CHAR(1) NOT NULL DEFAULT '',
 histo_neuroendocrine_other_carcinoma CHAR(1) NOT NULL DEFAULT '',
 histo_neuroendocrine_other_carcinoma_specify VARCHAR(50) NOT NULL DEFAULT '',
 histo_carcinoma_type_cannot_be_determined_b CHAR(1) NOT NULL DEFAULT '',
 histo_grade VARCHAR(10) NOT NULL DEFAULT '',
 lymph_vascular_invasion VARCHAR(50) NOT NULL DEFAULT '',
 perineural_invasion VARCHAR(50) NOT NULL DEFAULT '',
 tnm_descriptors_m CHAR(1) NOT NULL DEFAULT '',
 tnm_descriptors_r CHAR(1) NOT NULL DEFAULT '',
 tnm_descriptors_y CHAR(1) NOT NULL DEFAULT '',
 pt VARCHAR(10) NOT NULL DEFAULT '',
 pt_oropharynx VARCHAR(10) NOT NULL DEFAULT '',
 pt_nasopharynx VARCHAR(10) NOT NULL DEFAULT '',
 pt_hypopharynx VARCHAR(10) NOT NULL DEFAULT '',
 pn VARCHAR(10) NOT NULL DEFAULT '',
 pn_oro_and_hypo VARCHAR(10) NOT NULL DEFAULT '',
 number_oro_hypo_nodes_examined INT UNSIGNED DEFAULT NULL,
 number_oro_hypo_nodes_examined_cannot_be_determined CHAR(1) NOT NULL DEFAULT '',
 number_oro_hypo_nodes_examined_cannot_be_determined_explain VARCHAR(200) NOT NULL DEFAULT '',
 number_oro_hypo_nodes_involved INT UNSIGNED DEFAULT NULL,
 number_oro_hypo_nodes_involved_cannot_be_determined CHAR(1) NOT NULL DEFAULT '',
 number_oro_hypo_nodes_involved_cannot_be_determined_explain VARCHAR(200) NOT NULL DEFAULT '',
 size_greatest_dimension_largest_pos_lymph_oro_hypo_node FLOAT UNSIGNED DEFAULT NULL,
 pn_regional_naso VARCHAR(10) NOT NULL DEFAULT '',
 number_naso_nodes_examined INT UNSIGNED DEFAULT NULL,
 number_naso_nodes_examined_cannot_be_determined CHAR(1) NOT NULL DEFAULT '',
 number_naso_nodes_examined_cannot_be_determined_explain VARCHAR(200) NOT NULL DEFAULT '',
 number_naso_nodes_involved INT UNSIGNED DEFAULT NULL,
 number_naso_nodes_involved_cannot_be_determined CHAR(1) NOT NULL DEFAULT '',
 number_naso_nodes_involved_cannot_be_determined_explain VARCHAR(200) NOT NULL DEFAULT '',
 size_greatest_dimension_largest_pos_lymph_naso_node FLOAT UNSIGNED DEFAULT NULL,
 pm VARCHAR(10) NOT NULL DEFAULT '',
 pm_site VARCHAR(50) NOT NULL DEFAULT '',
 pm_source VARCHAR(50) NOT NULL DEFAULT '',
 pt_mucosal VARCHAR(10) NOT NULL DEFAULT '',
 pn_mucosal VARCHAR(10) NOT NULL DEFAULT '',
 pm_mucosal VARCHAR(10) NOT NULL DEFAULT '',
 pm_mucosal_site VARCHAR(50) NOT NULL DEFAULT '',
 pm_mucosal_source VARCHAR(50) NOT NULL DEFAULT '',
 deleted BOOLEAN NOT NULL DEFAULT FALSE,
 FOREIGN KEY (dignosis_master_id) REFERENCES diagnosis_masters(id)
)Engine=InnoDb;
CREATE TABLE qc_gastro_dxd_cap_pharynx_revs(
 id INT UNSIGNED NOT NULL,
 diagnosis_master_id INT NOT NULL,
 specimen_is_oropharynx CHAR(1) NOT NULL DEFAULT '',
 specimen_is_nasopharynx CHAR(1) NOT NULL DEFAULT '',
 specimen_is_hypopharynx CHAR(1) NOT NULL DEFAULT '',
 specimen_is_other CHAR(1) NOT NULL DEFAULT '',
 specimen_is_other_specify VARCHAR(50) NOT NULL DEFAULT '',
 specimen_is_not_specified CHAR(1) NOT NULL DEFAULT '',
 procedure_is_incisional_biopsy CHAR(1) NOT NULL DEFAULT '',
 procedure_is_excisional_biopsy CHAR(1) NOT NULL DEFAULT '',
 procedure_is_resection CHAR(1) NOT NULL DEFAULT '',
 procedure_is_resection_tonsillectomy CHAR(1) NOT NULL DEFAULT '',
 procedure_is_resection_laryngopharyngectomy CHAR(1) NOT NULL DEFAULT '',
 procedure_is_resection_other CHAR(1) NOT NULL DEFAULT '',
 procedure_is_resection_other_specify VARCHAR(50) NOT NULL DEFAULT '',
 procedure_is_neck CHAR(1) NOT NULL DEFAULT '',
 procedure_is_neck_specify CHAR(1) NOT NULL DEFAULT '',
 procedure_is_other CHAR(1) NOT NULL DEFAULT '',
 procedure_is_other_specify VARCHAR(50) NOT NULL DEFAULT '',
 procedure_is_not_specified CHAR(1) NOT NULL DEFAULT '',
 laterality_left CHAR(1) NOT NULL DEFAULT '',
 laterality_right CHAR(1) NOT NULL DEFAULT '',
 laterality_bilateral CHAR(1) NOT NULL DEFAULT '',
 laterality_midline CHAR(1) NOT NULL DEFAULT '',
 laterality_not_specified CHAR(1) NOT NULL DEFAULT '',
 site_oropharynx CHAR(1) NOT NULL DEFAULT '',
 site_oropharynx_palatine_tonsil CHAR(1) NOT NULL DEFAULT '',
 site_oropharynx_base_of_tongue CHAR(1) NOT NULL DEFAULT '',
 site_oropharynx_soft_palate CHAR(1) NOT NULL DEFAULT '',
 site_oropharynx_uvulva CHAR(1) NOT NULL DEFAULT '',
 site_oropharynx_pharyngeal_wall CHAR(1) NOT NULL DEFAULT '',
 site_oropharynx_other CHAR(1) NOT NULL DEFAULT '',
 site_nasopharynx CHAR(1) NOT NULL DEFAULT '',
 site_nasopharynx_nasopharyngeal_tonsil CHAR(1) NOT NULL DEFAULT '',
 site_hypopharynx CHAR(1) NOT NULL DEFAULT '',
 site_hypopharynx_piriform_sinus CHAR(1) NOT NULL DEFAULT '',
 site_hypopharynx_postcricoid CHAR(1) NOT NULL DEFAULT '',
 site_hypopharynx_pharyngeal_wall CHAR(1) NOT NULL DEFAULT '',
 site_hypopharynx_other CHAR(1) NOT NULL DEFAULT '',
 site_other CHAR(1) NOT NULL DEFAULT '',
 site_other_specify VARCHAR(50) NOT NULL DEFAULT '',
 site_not_specified CHAR(1) NOT NULL DEFAULT '',
 tumor_size_cannot_determine CHAR(1) NOT NULL DEFAULT '',
 tumor_greatest_cm FLOAT UNSIGNED DEFAULT NULL,
 tumor_size_add1_cm FLOAT UNSIGNED DEFAULT NULL,
 tumor_size_add2_cm FLOAT UNSIGNED DEFAULT NULL,
 histo_squamous_cell_carcinoma CHAR(1) NOT NULL DEFAULT '',
 histo_acantholytic_squamous_cell_carcinoma CHAR(1) NOT NULL DEFAULT '',
 histo_adenosquamous_carcinoma CHAR(1) NOT NULL DEFAULT '',
 histo_basaloid_squamous_cell_carcinoma CHAR(1) NOT NULL DEFAULT '',
 histo_papillary_squamous_cell_carcinoma CHAR(1) NOT NULL DEFAULT '',
 histo_spindle_cell_squamous_carcinoma CHAR(1) NOT NULL DEFAULT '',
 histo_verrucous_carcinoma CHAR(1) NOT NULL DEFAULT '',
 histo_lymphoepithelial_carcinoma CHAR(1) NOT NULL DEFAULT '',
 histo_keratinizing_squamous_cell_carcinoma CHAR(1) NOT NULL DEFAULT '',
 histo_nonkeratinizing_carcinoma CHAR(1) NOT NULL DEFAULT '',
 histo_differentiated_carcinoma CHAR(1) NOT NULL DEFAULT '',
 histo_undifferentiated_carcinoma CHAR(1) NOT NULL DEFAULT '',
 histo_basaloid_squamous_cell_carcinoma_b CHAR(1) NOT NULL DEFAULT '',
 histo_nasopharyngeal_papillary_adenocarcinoma CHAR(1) NOT NULL DEFAULT '',
 histo_adenocarcinoma_not_otherwise_specified CHAR(1) NOT NULL DEFAULT '',
 histo_adenocarcinoma_low_grade CHAR(1) NOT NULL DEFAULT '',
 histo_adenocarcinoma_intermediate_grade CHAR(1) NOT NULL DEFAULT '',
 histo_adenocarcinoma_high_grade CHAR(1) NOT NULL DEFAULT '',
 histo_other_adenocarcinoma CHAR(1) NOT NULL DEFAULT '',
 histo_other_adenocarcinoma_specify VARCHAR(50) NOT NULL DEFAULT '',
 histo_acinic_cell_carcinoma CHAR(1) NOT NULL DEFAULT '',
 histo_adenoid_cystic_carcinoma CHAR(1) NOT NULL DEFAULT '',
 histo_adenocarcinoma_b_not_otherwise_specified CHAR(1) NOT NULL DEFAULT '',
 histo_adenocarcinoma_b_low_grade CHAR(1) NOT NULL DEFAULT '',
 histo_adenocarcinoma_b_intermediate_grade CHAR(1) NOT NULL DEFAULT '',
 histo_adenocarcinoma_b_high_grade CHAR(1) NOT NULL DEFAULT '',
 histo_basal_cell_adenocarcinoma CHAR(1) NOT NULL DEFAULT '',
 histo_carcinoma_ex_pleomorphic_adenoma_malignant_mixed_tumor CHAR(1) NOT NULL DEFAULT '',
 histo_carcinoma_type_cannot_be_determined CHAR(1) NOT NULL DEFAULT '',
 histo_clear_cell_adenocarcinoma CHAR(1) NOT NULL DEFAULT '',
 histo_cystadenocarcinoma CHAR(1) NOT NULL DEFAULT '',
 histo_epithelial_myoepithelial_carcinoma CHAR(1) NOT NULL DEFAULT '',
 histo_mucoepidermoid_carcinoma CHAR(1) NOT NULL DEFAULT '',
 histo_mucoepidermoid_carcinoma_low_grade CHAR(1) NOT NULL DEFAULT '',
 histo_mucoepidermoid_carcinoma_intermediate_grade CHAR(1) NOT NULL DEFAULT '',
 histo_mucoepidermoid_carcinoma_high_grade CHAR(1) NOT NULL DEFAULT '',
 histo_mucinous_adenocarcinoma_colloid_carcinoma CHAR(1) NOT NULL DEFAULT '',
 histo_myoepithelial_carcinoma_malignant_myoepithelioma CHAR(1) NOT NULL DEFAULT '',
 histo_oncocytic_carcinoma CHAR(1) NOT NULL DEFAULT '',
 histo_polymorphous_low_grade_adenocarcinoma CHAR(1) NOT NULL DEFAULT '',
 histo_salivary_duct_carcinoma CHAR(1) NOT NULL DEFAULT '',
 histo_carcinoma_other CHAR(1) NOT NULL DEFAULT '',
 histo_carcinoma_other_specify VARCHAR(50) NOT NULL DEFAULT '',
 histo_typical_carcinoid_tumor CHAR(1) NOT NULL DEFAULT '',
 histo_atypical_carcinoid_tumor CHAR(1) NOT NULL DEFAULT '',
 histo_small_cell_carcinoma CHAR(1) NOT NULL DEFAULT '',
 histo_combined_or_composite_small_cell_carcinoma CHAR(1) NOT NULL DEFAULT '',
 histo_mucosal_malignant_melanoma CHAR(1) NOT NULL DEFAULT '',
 histo_neuroendocrine_other_carcinoma CHAR(1) NOT NULL DEFAULT '',
 histo_neuroendocrine_other_carcinoma_specify VARCHAR(50) NOT NULL DEFAULT '',
 histo_carcinoma_type_cannot_be_determined_b CHAR(1) NOT NULL DEFAULT '',
 histo_grade VARCHAR(10) NOT NULL DEFAULT '',
 lymph_vascular_invasion VARCHAR(50) NOT NULL DEFAULT '',
 perineural_invasion VARCHAR(50) NOT NULL DEFAULT '',
 tnm_descriptors_m CHAR(1) NOT NULL DEFAULT '',
 tnm_descriptors_r CHAR(1) NOT NULL DEFAULT '',
 tnm_descriptors_y CHAR(1) NOT NULL DEFAULT '',
 pt VARCHAR(10) NOT NULL DEFAULT '',
 pt_oropharynx VARCHAR(10) NOT NULL DEFAULT '',
 pt_nasopharynx VARCHAR(10) NOT NULL DEFAULT '',
 pt_hypopharynx VARCHAR(10) NOT NULL DEFAULT '',
 pn VARCHAR(10) NOT NULL DEFAULT '',
 pn_oro_and_hypo VARCHAR(10) NOT NULL DEFAULT '',
 number_oro_hypo_nodes_examined INT UNSIGNED DEFAULT NULL,
 number_oro_hypo_nodes_examined_cannot_be_determined CHAR(1) NOT NULL DEFAULT '',
 number_oro_hypo_nodes_examined_cannot_be_determined_explain VARCHAR(200) NOT NULL DEFAULT '',
 number_oro_hypo_nodes_involved INT UNSIGNED DEFAULT NULL,
 number_oro_hypo_nodes_involved_cannot_be_determined CHAR(1) NOT NULL DEFAULT '',
 number_oro_hypo_nodes_involved_cannot_be_determined_explain VARCHAR(200) NOT NULL DEFAULT '',
 size_greatest_dimension_largest_pos_lymph_oro_hypo_node FLOAT UNSIGNED DEFAULT NULL,
 pn_regional_naso VARCHAR(10) NOT NULL DEFAULT '',
 number_naso_nodes_examined INT UNSIGNED DEFAULT NULL,
 number_naso_nodes_examined_cannot_be_determined CHAR(1) NOT NULL DEFAULT '',
 number_naso_nodes_examined_cannot_be_determined_explain VARCHAR(200) NOT NULL DEFAULT '',
 number_naso_nodes_involved INT UNSIGNED DEFAULT NULL,
 number_naso_nodes_involved_cannot_be_determined CHAR(1) NOT NULL DEFAULT '',
 number_naso_nodes_involved_cannot_be_determined_explain VARCHAR(200) NOT NULL DEFAULT '',
 size_greatest_dimension_largest_pos_lymph_naso_node FLOAT UNSIGNED DEFAULT NULL,
 pm VARCHAR(10) NOT NULL DEFAULT '',
 pm_site VARCHAR(50) NOT NULL DEFAULT '',
 pm_source VARCHAR(50) NOT NULL DEFAULT '',
 pt_mucosal VARCHAR(10) NOT NULL DEFAULT '',
 pn_mucosal VARCHAR(10) NOT NULL DEFAULT '',
 pm_mucosal VARCHAR(10) NOT NULL DEFAULT '',
 pm_mucosal_site VARCHAR(50) NOT NULL DEFAULT '',
 pm_mucosal_source VARCHAR(50) NOT NULL DEFAULT '',
 version_id INT UNSIGNED NOT NULL AUTO_INCREMENT PRIMARY KEY,
 version_created DATETIME NOT NULL
)Engine=InnoDb;

INSERT INTO structure_value_domains(`domain_name`, `override`, `category`, `source`) VALUES ('qc_gastro_cap_pharynx_oro_pt', '', '', NULL);
INSERT IGNORE INTO structure_permissible_values (`value`, `language_alias`) VALUES("pt1", "pt1: Tumor 2 cm or less in greatest dimension");
INSERT INTO structure_value_domains_permissible_values (`structure_value_domain_id`, `structure_permissible_value_id`, `display_order`, `flag_active`) VALUES((SELECT id FROM structure_value_domains WHERE domain_name="qc_gastro_cap_pharynx_oro_pt"),  (SELECT id FROM structure_permissible_values WHERE value="pt1" AND language_alias="pt1: Tumor 2 cm or less in greatest dimension"), "0", "1");
INSERT IGNORE INTO structure_permissible_values (`value`, `language_alias`) VALUES("pt2", "pt2: Tumor more than 2 cm but not more than 4 cm in greatest dimension");
INSERT INTO structure_value_domains_permissible_values (`structure_value_domain_id`, `structure_permissible_value_id`, `display_order`, `flag_active`) VALUES((SELECT id FROM structure_value_domains WHERE domain_name="qc_gastro_cap_pharynx_oro_pt"),  (SELECT id FROM structure_permissible_values WHERE value="pt2" AND language_alias="pt2: Tumor more than 2 cm but not more than 4 cm in greatest dimension"), "0", "1");
INSERT IGNORE INTO structure_permissible_values (`value`, `language_alias`) VALUES("pt3", "pt3: Tumor more than 4 cm in greatest dimension or extension to lingual surface of epiglottis");
INSERT INTO structure_value_domains_permissible_values (`structure_value_domain_id`, `structure_permissible_value_id`, `display_order`, `flag_active`) VALUES((SELECT id FROM structure_value_domains WHERE domain_name="qc_gastro_cap_pharynx_oro_pt"),  (SELECT id FROM structure_permissible_values WHERE value="pt3" AND language_alias="pt3: Tumor more than 4 cm in greatest dimension or extension to lingual surface of epiglottis"), "0", "1");
INSERT IGNORE INTO structure_permissible_values (`value`, `language_alias`) VALUES("pt4a", "pt4a: Moderately advanced local disease");
INSERT INTO structure_value_domains_permissible_values (`structure_value_domain_id`, `structure_permissible_value_id`, `display_order`, `flag_active`) VALUES((SELECT id FROM structure_value_domains WHERE domain_name="qc_gastro_cap_pharynx_oro_pt"),  (SELECT id FROM structure_permissible_values WHERE value="pt4a" AND language_alias="pt4a: Moderately advanced local disease"), "0", "1");
INSERT IGNORE INTO structure_permissible_values (`value`, `language_alias`) VALUES("pt4b", "pt4b: Very advanced local disease");
INSERT INTO structure_value_domains_permissible_values (`structure_value_domain_id`, `structure_permissible_value_id`, `display_order`, `flag_active`) VALUES((SELECT id FROM structure_value_domains WHERE domain_name="qc_gastro_cap_pharynx_oro_pt"),  (SELECT id FROM structure_permissible_values WHERE value="pt4b" AND language_alias="pt4b: Very advanced local disease"), "0", "1");

INSERT INTO structure_value_domains(`domain_name`, `override`, `category`, `source`) VALUES ('qc_gastro_cap_pharynx_naso_pt', '', '', NULL);
INSERT IGNORE INTO structure_permissible_values (`value`, `language_alias`) VALUES("pt1", "pt1: Tumor confined to nasopharynx, or tumor extends to oropharynx and/or nasal cavity without parapharyngeal extension");
INSERT INTO structure_value_domains_permissible_values (`structure_value_domain_id`, `structure_permissible_value_id`, `display_order`, `flag_active`) VALUES((SELECT id FROM structure_value_domains WHERE domain_name="qc_gastro_cap_pharynx_naso_pt"),  (SELECT id FROM structure_permissible_values WHERE value="pt1" AND language_alias="pt1: Tumor confined to nasopharynx, or tumor extends to oropharynx and/or nasal cavity without parapharyngeal extension"), "0", "1");
INSERT IGNORE INTO structure_permissible_values (`value`, `language_alias`) VALUES("pt2", "pt2: Tumor with parapharyngeal extension");
INSERT INTO structure_value_domains_permissible_values (`structure_value_domain_id`, `structure_permissible_value_id`, `display_order`, `flag_active`) VALUES((SELECT id FROM structure_value_domains WHERE domain_name="qc_gastro_cap_pharynx_naso_pt"),  (SELECT id FROM structure_permissible_values WHERE value="pt2" AND language_alias="pt2: Tumor with parapharyngeal extension"), "0", "1");
INSERT IGNORE INTO structure_permissible_values (`value`, `language_alias`) VALUES("pt3", "pt3: Tumor invades bony structures of skull base and/or paranasal sinuses");
INSERT INTO structure_value_domains_permissible_values (`structure_value_domain_id`, `structure_permissible_value_id`, `display_order`, `flag_active`) VALUES((SELECT id FROM structure_value_domains WHERE domain_name="qc_gastro_cap_pharynx_naso_pt"),  (SELECT id FROM structure_permissible_values WHERE value="pt3" AND language_alias="pt3: Tumor invades bony structures of skull base and/or paranasal sinuses"), "0", "1");
INSERT IGNORE INTO structure_permissible_values (`value`, `language_alias`) VALUES("pt4", "pt4: Tumor with intracranial extension and/or involvement of cranial nerves, hypopharynx, orbit, or with extension to the infratemporal fossa/masticator space");
INSERT INTO structure_value_domains_permissible_values (`structure_value_domain_id`, `structure_permissible_value_id`, `display_order`, `flag_active`) VALUES((SELECT id FROM structure_value_domains WHERE domain_name="qc_gastro_cap_pharynx_naso_pt"),  (SELECT id FROM structure_permissible_values WHERE value="pt4" AND language_alias="pt4: Tumor with intracranial extension and/or involvement of cranial nerves, hypopharynx, orbit, or with extension to the infratemporal fossa/masticator space"), "0", "1");

INSERT INTO structure_value_domains(`domain_name`, `override`, `category`, `source`) VALUES ('qc_gastro_cap_pharynx_hypo_pt', '', '', NULL);
INSERT IGNORE INTO structure_permissible_values (`value`, `language_alias`) VALUES("pt1", "pt1: Tumor limited to one subsite of hypopharynx and/or 2 cm or less in greatest dimension");
INSERT INTO structure_value_domains_permissible_values (`structure_value_domain_id`, `structure_permissible_value_id`, `display_order`, `flag_active`) VALUES((SELECT id FROM structure_value_domains WHERE domain_name="qc_gastro_cap_pharynx_hypo_pt"),  (SELECT id FROM structure_permissible_values WHERE value="pt1" AND language_alias="pt1: Tumor limited to one subsite of hypopharynx and/or 2 cm or less in greatest dimension"), "0", "1");
INSERT IGNORE INTO structure_permissible_values (`value`, `language_alias`) VALUES("pt2", "pt2: Tumor invades more than one subsite of hypopharynx or an adjacent site, or measures more than 2 cm but not more than 4 cm in greatest dimension without fixation of hemilarynx");
INSERT INTO structure_value_domains_permissible_values (`structure_value_domain_id`, `structure_permissible_value_id`, `display_order`, `flag_active`) VALUES((SELECT id FROM structure_value_domains WHERE domain_name="qc_gastro_cap_pharynx_hypo_pt"),  (SELECT id FROM structure_permissible_values WHERE value="pt2" AND language_alias="pt2: Tumor invades more than one subsite of hypopharynx or an adjacent site, or measures more than 2 cm but not more than 4 cm in greatest dimension without fixation of hemilarynx"), "0", "1");
INSERT IGNORE INTO structure_permissible_values (`value`, `language_alias`) VALUES("pt3", "pt3: measures more than 4 cm in greatest dimension or with fixation of hemilarynx or extension to esophagus");
INSERT INTO structure_value_domains_permissible_values (`structure_value_domain_id`, `structure_permissible_value_id`, `display_order`, `flag_active`) VALUES((SELECT id FROM structure_value_domains WHERE domain_name="qc_gastro_cap_pharynx_hypo_pt"),  (SELECT id FROM structure_permissible_values WHERE value="pt3" AND language_alias="pt3: measures more than 4 cm in greatest dimension or with fixation of hemilarynx or extension to esophagus"), "0", "1");
INSERT IGNORE INTO structure_permissible_values (`value`, `language_alias`) VALUES("pt4a", "pt4a: Moderately advanced local disease. Tumor invades thyroid/cricoid cartilage, hyoid bone, thyroid gland, or central compartment soft tissue");
INSERT INTO structure_value_domains_permissible_values (`structure_value_domain_id`, `structure_permissible_value_id`, `display_order`, `flag_active`) VALUES((SELECT id FROM structure_value_domains WHERE domain_name="qc_gastro_cap_pharynx_hypo_pt"),  (SELECT id FROM structure_permissible_values WHERE value="pt4a" AND language_alias="pt4a: Moderately advanced local disease. Tumor invades thyroid/cricoid cartilage, hyoid bone, thyroid gland, or central compartment soft tissue"), "0", "1");
INSERT IGNORE INTO structure_permissible_values (`value`, `language_alias`) VALUES("pt4b", "pt4b: Very advanced local disease. Tumor invades prevertebral fascia, encases carotid artery, or involves mediastinal structures");
INSERT INTO structure_value_domains_permissible_values (`structure_value_domain_id`, `structure_permissible_value_id`, `display_order`, `flag_active`) VALUES((SELECT id FROM structure_value_domains WHERE domain_name="qc_gastro_cap_pharynx_hypo_pt"),  (SELECT id FROM structure_permissible_values WHERE value="pt4b" AND language_alias="pt4b: Very advanced local disease. Tumor invades prevertebral fascia, encases carotid artery, or involves mediastinal structures"), "0", "1");

INSERT INTO structure_value_domains(`domain_name`, `override`, `category`, `source`) VALUES ('qc_gastro_cap_pharynx_pn', '', '', NULL);
INSERT IGNORE INTO structure_permissible_values (`value`, `language_alias`) VALUES("pnx", "pnx: cannot be assessed");
INSERT INTO structure_value_domains_permissible_values (`structure_value_domain_id`, `structure_permissible_value_id`, `display_order`, `flag_active`) VALUES((SELECT id FROM structure_value_domains WHERE domain_name="qc_gastro_cap_pharynx_pn"),  (SELECT id FROM structure_permissible_values WHERE value="pnx" AND language_alias="pnx: cannot be assessed"), "0", "1");
INSERT IGNORE INTO structure_permissible_values (`value`, `language_alias`) VALUES("pn0", "pn0: No regional lymph node metastasis");
INSERT INTO structure_value_domains_permissible_values (`structure_value_domain_id`, `structure_permissible_value_id`, `display_order`, `flag_active`) VALUES((SELECT id FROM structure_value_domains WHERE domain_name="qc_gastro_cap_pharynx_pn"),  (SELECT id FROM structure_permissible_values WHERE value="pn0" AND language_alias="pn0: No regional lymph node metastasis"), "0", "1");

INSERT INTO structure_value_domains(`domain_name`, `override`, `category`, `source`) VALUES ('qc_gastro_cap_pharynx_oro_hypo_pn', '', '', NULL);
INSERT IGNORE INTO structure_permissible_values (`value`, `language_alias`) VALUES("pn1", "pn1: Metastasis in a single ipsilateral lymph node, 3 cm or less in greatest dimension");
INSERT INTO structure_value_domains_permissible_values (`structure_value_domain_id`, `structure_permissible_value_id`, `display_order`, `flag_active`) VALUES((SELECT id FROM structure_value_domains WHERE domain_name="qc_gastro_cap_pharynx_oro_hypo_pn"),  (SELECT id FROM structure_permissible_values WHERE value="pn1" AND language_alias="pn1: Metastasis in a single ipsilateral lymph node, 3 cm or less in greatest dimension"), "0", "1");
INSERT IGNORE INTO structure_permissible_values (`value`, `language_alias`) VALUES("pn2", "pn2: qc_gastro_cap_larynx_pn");
INSERT INTO structure_value_domains_permissible_values (`structure_value_domain_id`, `structure_permissible_value_id`, `display_order`, `flag_active`) VALUES((SELECT id FROM structure_value_domains WHERE domain_name="qc_gastro_cap_pharynx_oro_hypo_pn"),  (SELECT id FROM structure_permissible_values WHERE value="pn2" AND language_alias="pn2: qc_gastro_cap_larynx_pn"), "0", "1");
INSERT IGNORE INTO structure_permissible_values (`value`, `language_alias`) VALUES("pn2a", "pn2a: Metastasis in a single ipsilateral lymph node, more than 3 cm but not more than 6 cm in greatest dimension ");
INSERT INTO structure_value_domains_permissible_values (`structure_value_domain_id`, `structure_permissible_value_id`, `display_order`, `flag_active`) VALUES((SELECT id FROM structure_value_domains WHERE domain_name="qc_gastro_cap_pharynx_oro_hypo_pn"),  (SELECT id FROM structure_permissible_values WHERE value="pn2a" AND language_alias="pn2a: Metastasis in a single ipsilateral lymph node, more than 3 cm but not more than 6 cm in greatest dimension "), "0", "1");
INSERT IGNORE INTO structure_permissible_values (`value`, `language_alias`) VALUES("pn2b", "pn2b: Metastasis in multiple ipsilateral lymph nodes, none more than 6 cm in greatest dimension");
INSERT INTO structure_value_domains_permissible_values (`structure_value_domain_id`, `structure_permissible_value_id`, `display_order`, `flag_active`) VALUES((SELECT id FROM structure_value_domains WHERE domain_name="qc_gastro_cap_pharynx_oro_hypo_pn"),  (SELECT id FROM structure_permissible_values WHERE value="pn2b" AND language_alias="pn2b: Metastasis in multiple ipsilateral lymph nodes, none more than 6 cm in greatest dimension"), "0", "1");
INSERT IGNORE INTO structure_permissible_values (`value`, `language_alias`) VALUES("pn2c", "pn2c: Metastasis in bilateral or contralateral lymph nodes, none more than 6 cm in greatest dimension");
INSERT INTO structure_value_domains_permissible_values (`structure_value_domain_id`, `structure_permissible_value_id`, `display_order`, `flag_active`) VALUES((SELECT id FROM structure_value_domains WHERE domain_name="qc_gastro_cap_pharynx_oro_hypo_pn"),  (SELECT id FROM structure_permissible_values WHERE value="pn2c" AND language_alias="pn2c: Metastasis in bilateral or contralateral lymph nodes, none more than 6 cm in greatest dimension"), "0", "1");
INSERT IGNORE INTO structure_permissible_values (`value`, `language_alias`) VALUES("pn3", "pn3: Metastasis in a lymph node more than 6 cm in greatest dimension");
INSERT INTO structure_value_domains_permissible_values (`structure_value_domain_id`, `structure_permissible_value_id`, `display_order`, `flag_active`) VALUES((SELECT id FROM structure_value_domains WHERE domain_name="qc_gastro_cap_pharynx_oro_hypo_pn"),  (SELECT id FROM structure_permissible_values WHERE value="pn3" AND language_alias="pn3: Metastasis in a lymph node more than 6 cm in greatest dimension"), "0", "1");
INSERT IGNORE INTO structure_permissible_values (`value`, `language_alias`) VALUES("none", "no nodes submitted or found");
INSERT INTO structure_value_domains_permissible_values (`structure_value_domain_id`, `structure_permissible_value_id`, `display_order`, `flag_active`) VALUES((SELECT id FROM structure_value_domains WHERE domain_name="qc_gastro_cap_pharynx_oro_hypo_pn"),  (SELECT id FROM structure_permissible_values WHERE value="none" AND language_alias="no nodes submitted or found"), "0", "1");

INSERT INTO structure_value_domains(`domain_name`, `override`, `category`, `source`) VALUES ('qc_gastro_cap_pharynx_naso_pn', '', '', NULL);
INSERT IGNORE INTO structure_permissible_values (`value`, `language_alias`) VALUES("pn1", "pn1: Unilateral metastasis in lymph node(s), 6 cm or less in greatest dimension, above the supraclavicular fossa");
INSERT INTO structure_value_domains_permissible_values (`structure_value_domain_id`, `structure_permissible_value_id`, `display_order`, `flag_active`) VALUES((SELECT id FROM structure_value_domains WHERE domain_name="qc_gastro_cap_pharynx_naso_pn"),  (SELECT id FROM structure_permissible_values WHERE value="pn1" AND language_alias="pn1: Unilateral metastasis in lymph node(s), 6 cm or less in greatest dimension, above the supraclavicular fossa"), "0", "1");
INSERT IGNORE INTO structure_permissible_values (`value`, `language_alias`) VALUES("pn2", "pn2: Bilateral metastasis in lymph node(s), 6 cm or less in greatest dimension, above the supraclavicular fossa");
INSERT INTO structure_value_domains_permissible_values (`structure_value_domain_id`, `structure_permissible_value_id`, `display_order`, `flag_active`) VALUES((SELECT id FROM structure_value_domains WHERE domain_name="qc_gastro_cap_pharynx_naso_pn"),  (SELECT id FROM structure_permissible_values WHERE value="pn2" AND language_alias="pn2: Bilateral metastasis in lymph node(s), 6 cm or less in greatest dimension, above the supraclavicular fossa"), "0", "1");
INSERT IGNORE INTO structure_permissible_values (`value`, `language_alias`) VALUES("pn3", "pn3: Metastasis in a lymph node greater than 6 cm and/or to supraclavicular fossa");
INSERT INTO structure_value_domains_permissible_values (`structure_value_domain_id`, `structure_permissible_value_id`, `display_order`, `flag_active`) VALUES((SELECT id FROM structure_value_domains WHERE domain_name="qc_gastro_cap_pharynx_naso_pn"),  (SELECT id FROM structure_permissible_values WHERE value="pn3" AND language_alias="pn3: Metastasis in a lymph node greater than 6 cm and/or to supraclavicular fossa"), "0", "1");
INSERT IGNORE INTO structure_permissible_values (`value`, `language_alias`) VALUES("pn3a", "pn3a: Greater than 6 cm in dimension");
INSERT INTO structure_value_domains_permissible_values (`structure_value_domain_id`, `structure_permissible_value_id`, `display_order`, `flag_active`) VALUES((SELECT id FROM structure_value_domains WHERE domain_name="qc_gastro_cap_pharynx_naso_pn"),  (SELECT id FROM structure_permissible_values WHERE value="pn3a" AND language_alias="pn3a: Greater than 6 cm in dimension"), "0", "1");
INSERT IGNORE INTO structure_permissible_values (`value`, `language_alias`) VALUES("pn3b", "Extension to the supraclavicular fossa");
INSERT INTO structure_value_domains_permissible_values (`structure_value_domain_id`, `structure_permissible_value_id`, `display_order`, `flag_active`) VALUES((SELECT id FROM structure_value_domains WHERE domain_name="qc_gastro_cap_pharynx_naso_pn"),  (SELECT id FROM structure_permissible_values WHERE value="pn3b" AND language_alias="Extension to the supraclavicular fossa"), "0", "1");
INSERT IGNORE INTO structure_permissible_values (`value`, `language_alias`) VALUES("none", "no nodes submitted or found");
INSERT INTO structure_value_domains_permissible_values (`structure_value_domain_id`, `structure_permissible_value_id`, `display_order`, `flag_active`) VALUES((SELECT id FROM structure_value_domains WHERE domain_name="qc_gastro_cap_pharynx_naso_pn"),  (SELECT id FROM structure_permissible_values WHERE value="none" AND language_alias="no nodes submitted or found"), "0", "1");

INSERT INTO structure_value_domains(`domain_name`, `override`, `category`, `source`) VALUES ('qc_gastro_cap_pharynx_pm', '', '', NULL);
INSERT IGNORE INTO structure_permissible_values (`value`, `language_alias`) VALUES("not applicable", "not applicable");
INSERT INTO structure_value_domains_permissible_values (`structure_value_domain_id`, `structure_permissible_value_id`, `display_order`, `flag_active`) VALUES((SELECT id FROM structure_value_domains WHERE domain_name="qc_gastro_cap_pharynx_pm"),  (SELECT id FROM structure_permissible_values WHERE value="not applicable" AND language_alias="not applicable"), "0", "1");
INSERT IGNORE INTO structure_permissible_values (`value`, `language_alias`) VALUES("pm1", "pm1: distant metastasis");
INSERT INTO structure_value_domains_permissible_values (`structure_value_domain_id`, `structure_permissible_value_id`, `display_order`, `flag_active`) VALUES((SELECT id FROM structure_value_domains WHERE domain_name="qc_gastro_cap_pharynx_pm"),  (SELECT id FROM structure_permissible_values WHERE value="pm1" AND language_alias="pm1: distant metastasis"), "0", "1");

INSERT INTO structure_value_domains(`domain_name`, `override`, `category`, `source`) VALUES ('qc_gastro_cmucosal_pt', '', '', NULL);
INSERT IGNORE INTO structure_permissible_values (`value`, `language_alias`) VALUES("pt3", "pt3: Mucosal disease");
INSERT INTO structure_value_domains_permissible_values (`structure_value_domain_id`, `structure_permissible_value_id`, `display_order`, `flag_active`) VALUES((SELECT id FROM structure_value_domains WHERE domain_name="qc_gastro_cmucosal_pt"),  (SELECT id FROM structure_permissible_values WHERE value="pt3" AND language_alias="pt3: Mucosal disease"), "0", "1");
INSERT IGNORE INTO structure_permissible_values (`value`, `language_alias`) VALUES("pt4a", "pt4a: Moderately advanced disease. Tumor involving deep soft tissue, cartilage, bone, or overlying skin");
INSERT INTO structure_value_domains_permissible_values (`structure_value_domain_id`, `structure_permissible_value_id`, `display_order`, `flag_active`) VALUES((SELECT id FROM structure_value_domains WHERE domain_name="qc_gastro_cmucosal_pt"),  (SELECT id FROM structure_permissible_values WHERE value="pt4a" AND language_alias="pt4a: Moderately advanced disease. Tumor involving deep soft tissue, cartilage, bone, or overlying skin"), "0", "1");
INSERT IGNORE INTO structure_permissible_values (`value`, `language_alias`) VALUES("pt4b", "pt4b: Very advanced disease. Tumor involving brain, dura, skull base, lower  cranial nerves (IX, X, XI, XII), masticator space, carotid artery, prevertebral  space, or mediastinal structures");
INSERT INTO structure_value_domains_permissible_values (`structure_value_domain_id`, `structure_permissible_value_id`, `display_order`, `flag_active`) VALUES((SELECT id FROM structure_value_domains WHERE domain_name="qc_gastro_cmucosal_pt"),  (SELECT id FROM structure_permissible_values WHERE value="pt4b" AND language_alias="pt4b: Very advanced disease. Tumor involving brain, dura, skull base, lower  cranial nerves (IX, X, XI, XII), masticator space, carotid artery, prevertebral  space, or mediastinal structures"), "0", "1");

INSERT INTO structure_value_domains(`domain_name`, `override`, `category`, `source`) VALUES ('qc_gastro_cmucosal_pn', '', '', NULL);
INSERT IGNORE INTO structure_permissible_values (`value`, `language_alias`) VALUES("pnx", "pnx: Regional lymph nodes cannot be assessed");
INSERT INTO structure_value_domains_permissible_values (`structure_value_domain_id`, `structure_permissible_value_id`, `display_order`, `flag_active`) VALUES((SELECT id FROM structure_value_domains WHERE domain_name="qc_gastro_cmucosal_pn"),  (SELECT id FROM structure_permissible_values WHERE value="pnx" AND language_alias="pnx: Regional lymph nodes cannot be assessed"), "0", "1");
INSERT IGNORE INTO structure_permissible_values (`value`, `language_alias`) VALUES("pn0", "pn0: No regional lymph node metastases");
INSERT INTO structure_value_domains_permissible_values (`structure_value_domain_id`, `structure_permissible_value_id`, `display_order`, `flag_active`) VALUES((SELECT id FROM structure_value_domains WHERE domain_name="qc_gastro_cmucosal_pn"),  (SELECT id FROM structure_permissible_values WHERE value="pn0" AND language_alias="pn0: No regional lymph node metastases"), "0", "1");
INSERT IGNORE INTO structure_permissible_values (`value`, `language_alias`) VALUES("pn1", "pn1: Regional lymph node metastases present");
INSERT INTO structure_value_domains_permissible_values (`structure_value_domain_id`, `structure_permissible_value_id`, `display_order`, `flag_active`) VALUES((SELECT id FROM structure_value_domains WHERE domain_name="qc_gastro_cmucosal_pn"),  (SELECT id FROM structure_permissible_values WHERE value="pn1" AND language_alias="pn1: Regional lymph node metastases present"), "0", "1");

INSERT INTO structure_value_domains(`domain_name`, `override`, `category`, `source`) VALUES ('qc_gastro_cmucosal_pm', '', '', NULL);
INSERT IGNORE INTO structure_permissible_values (`value`, `language_alias`) VALUES("not applicable", "not applicable");
INSERT INTO structure_value_domains_permissible_values (`structure_value_domain_id`, `structure_permissible_value_id`, `display_order`, `flag_active`) VALUES((SELECT id FROM structure_value_domains WHERE domain_name="qc_gastro_cmucosal_pm"),  (SELECT id FROM structure_permissible_values WHERE value="not applicable" AND language_alias="not applicable"), "0", "1");
INSERT IGNORE INTO structure_permissible_values (`value`, `language_alias`) VALUES("pm1", "pm1: Distant metastasis present");
INSERT INTO structure_value_domains_permissible_values (`structure_value_domain_id`, `structure_permissible_value_id`, `display_order`, `flag_active`) VALUES((SELECT id FROM structure_value_domains WHERE domain_name="qc_gastro_cmucosal_pm"),  (SELECT id FROM structure_permissible_values WHERE value="pm1" AND language_alias="pm1: Distant metastasis present"), "0", "1");

INSERT INTO structures(`alias`) VALUES ('qc_gastro_dxd_cap_pharynx');
INSERT INTO structure_fields(`plugin`, `model`, `tablename`, `field`, `type`, `structure_value_domain`, `flag_confidential`, `setting`, `default`, `language_help`, `language_label`, `language_tag`) VALUES
('Clinicalannotation', 'DiagnosisDetail', 'qc_gastro_dxd_cap_pharynx', 'specimen_is_oropharynx', 'checkbox',  NULL , '0', '', '', '', 'oropharynx', ''), 
('Clinicalannotation', 'DiagnosisDetail', 'qc_gastro_dxd_cap_pharynx', 'specimen_is_nasopharynx', 'checkbox',  NULL , '0', '', '', '', 'nasopharynx', ''), 
('Clinicalannotation', 'DiagnosisDetail', 'qc_gastro_dxd_cap_pharynx', 'specimen_is_hypopharynx', 'checkbox',  NULL , '0', '', '', '', 'hypopharynx', ''), 
('Clinicalannotation', 'DiagnosisDetail', 'qc_gastro_dxd_cap_pharynx', 'specimen_is_other', 'checkbox',  NULL , '0', '', '', '', 'other', ''), 
('Clinicalannotation', 'DiagnosisDetail', 'qc_gastro_dxd_cap_pharynx', 'specimen_is_other_specify', 'input',  NULL , '0', '', '', '', '', 'specify'), 
('Clinicalannotation', 'DiagnosisDetail', 'qc_gastro_dxd_cap_pharynx', 'specimen_is_not_specified', 'checkbox',  NULL , '0', '', '', '', 'not specified', ''), 
('Clinicalannotation', 'DiagnosisDetail', 'qc_gastro_dxd_cap_pharynx', 'procedure_is_incisional_biopsy', 'checkbox',  NULL , '0', '', '', '', 'incisional biopsy', ''), 
('Clinicalannotation', 'DiagnosisDetail', 'qc_gastro_dxd_cap_pharynx', 'procedure_is_excisional_biopsy', 'checkbox',  NULL , '0', '', '', '', 'excisional biopsy', ''), 
('Clinicalannotation', 'DiagnosisDetail', 'qc_gastro_dxd_cap_pharynx', 'procedure_is_resection', 'checkbox',  NULL , '0', '', '', '', 'resection', ''), 
('Clinicalannotation', 'DiagnosisDetail', 'qc_gastro_dxd_cap_pharynx', 'procedure_is_resection_tonsillectomy', 'checkbox',  NULL , '0', '', '', '', 'tonsillectomy', ''), 
('Clinicalannotation', 'DiagnosisDetail', 'qc_gastro_dxd_cap_pharynx', 'procedure_is_resection_laryngopharyngectomy', 'checkbox',  NULL , '0', '', '', '', 'laryngopharyngectomy', ''), 
('Clinicalannotation', 'DiagnosisDetail', 'qc_gastro_dxd_cap_pharynx', 'procedure_is_resection_other', 'checkbox',  NULL , '0', '', '', '', 'other resection', ''), 
('Clinicalannotation', 'DiagnosisDetail', 'qc_gastro_dxd_cap_pharynx', 'procedure_is_resection_other_specify', 'input',  NULL , '0', '', '', '', '', 'specify'), 
('Clinicalannotation', 'DiagnosisDetail', 'qc_gastro_dxd_cap_pharynx', 'procedure_is_neck', 'checkbox',  NULL , '0', '', '', '', 'neck dissection', ''), 
('Clinicalannotation', 'DiagnosisDetail', 'qc_gastro_dxd_cap_pharynx', 'procedure_is_neck_specify', 'input',  NULL , '0', '', '', '', '', 'specify'), 
('Clinicalannotation', 'DiagnosisDetail', 'qc_gastro_dxd_cap_pharynx', 'procedure_is_other', 'checkbox',  NULL , '0', '', '', '', 'other', ''), 
('Clinicalannotation', 'DiagnosisDetail', 'qc_gastro_dxd_cap_pharynx', 'procedure_is_other_specify', 'input',  NULL , '0', '', '', '', '', 'specify'), 
('Clinicalannotation', 'DiagnosisDetail', 'qc_gastro_dxd_cap_pharynx', 'procedure_is_not_specified', 'checkbox',  NULL , '0', '', '', '', 'not specified', ''), 
('Clinicalannotation', 'DiagnosisDetail', 'qc_gastro_dxd_cap_pharynx', 'laterality_left', 'checkbox',  NULL , '0', '', '', '', 'left', ''), 
('Clinicalannotation', 'DiagnosisDetail', 'qc_gastro_dxd_cap_pharynx', 'laterality_right', 'checkbox',  NULL , '0', '', '', '', 'right', ''), 
('Clinicalannotation', 'DiagnosisDetail', 'qc_gastro_dxd_cap_pharynx', 'laterality_bilateral', 'checkbox',  NULL , '0', '', '', '', 'bilateral', ''), 
('Clinicalannotation', 'DiagnosisDetail', 'qc_gastro_dxd_cap_pharynx', 'laterality_midline', 'checkbox',  NULL , '0', '', '', '', 'midline', ''), 
('Clinicalannotation', 'DiagnosisDetail', 'qc_gastro_dxd_cap_pharynx', 'laterality_not_specified', 'checkbox',  NULL , '0', '', '', '', 'not specified', ''), 
('Clinicalannotation', 'DiagnosisDetail', 'qc_gastro_dxd_cap_pharynx', 'site_oropharynx', 'checkbox',  NULL , '0', '', '', '', 'oropharynx', ''), 
('Clinicalannotation', 'DiagnosisDetail', 'qc_gastro_dxd_cap_pharynx', 'site_oropharynx_palatine_tonsil', 'checkbox',  NULL , '0', '', '', '', 'palatine tonsil', ''), 
('Clinicalannotation', 'DiagnosisDetail', 'qc_gastro_dxd_cap_pharynx', 'site_oropharynx_base_of_tongue', 'checkbox',  NULL , '0', '', '', '', 'base of tongue', ''), 
('Clinicalannotation', 'DiagnosisDetail', 'qc_gastro_dxd_cap_pharynx', 'site_oropharynx_soft_palate', 'checkbox',  NULL , '0', '', '', '', 'soft palate', ''), 
('Clinicalannotation', 'DiagnosisDetail', 'qc_gastro_dxd_cap_pharynx', 'site_oropharynx_uvulva', 'checkbox',  NULL , '0', '', '', '', 'uvulva', ''), 
('Clinicalannotation', 'DiagnosisDetail', 'qc_gastro_dxd_cap_pharynx', 'site_oropharynx_pharyngeal_wall', 'checkbox',  NULL , '0', '', '', '', 'pharyngeal wall', ''), 
('Clinicalannotation', 'DiagnosisDetail', 'qc_gastro_dxd_cap_pharynx', 'site_oropharynx_other', 'checkbox',  NULL , '0', '', '', '', 'other oropharynx', ''), 
('Clinicalannotation', 'DiagnosisDetail', 'qc_gastro_dxd_cap_pharynx', 'site_nasopharynx', 'checkbox',  NULL , '0', '', '', '', 'nasopharynx', ''), 
('Clinicalannotation', 'DiagnosisDetail', 'qc_gastro_dxd_cap_pharynx', 'site_nasopharynx_nasopharyngeal_tonsil', 'checkbox',  NULL , '0', '', '', '', 'nasopharyngeal tonsil', ''), 
('Clinicalannotation', 'DiagnosisDetail', 'qc_gastro_dxd_cap_pharynx', 'site_hypopharynx', 'checkbox',  NULL , '0', '', '', '', 'hypopharynx', ''), 
('Clinicalannotation', 'DiagnosisDetail', 'qc_gastro_dxd_cap_pharynx', 'site_hypopharynx_piriform_sinus', 'checkbox',  NULL , '0', '', '', '', 'piriform sinus', ''), 
('Clinicalannotation', 'DiagnosisDetail', 'qc_gastro_dxd_cap_pharynx', 'site_hypopharynx_postcricoid', 'checkbox',  NULL , '0', '', '', '', 'postcricoid', ''), 
('Clinicalannotation', 'DiagnosisDetail', 'qc_gastro_dxd_cap_pharynx', 'site_hypopharynx_pharyngeal_wall', 'checkbox',  NULL , '0', '', '', '', 'pharyngeal wall', ''), 
('Clinicalannotation', 'DiagnosisDetail', 'qc_gastro_dxd_cap_pharynx', 'site_hypopharynx_other', 'checkbox',  NULL , '0', '', '', '', 'other hypopharynx', ''), 
('Clinicalannotation', 'DiagnosisDetail', 'qc_gastro_dxd_cap_pharynx', 'site_other', 'checkbox',  NULL , '0', '', '', '', 'other', ''), 
('Clinicalannotation', 'DiagnosisDetail', 'qc_gastro_dxd_cap_pharynx', 'site_other_specify', 'input',  NULL , '0', '', '', '', '', 'specify'), 
('Clinicalannotation', 'DiagnosisDetail', 'qc_gastro_dxd_cap_pharynx', 'site_not_specified', 'checkbox',  NULL , '0', '', '', '', 'not specified', ''), 
('Clinicalannotation', 'DiagnosisDetail', 'qc_gastro_dxd_cap_pharynx', 'tumor_size_cannot_determine', 'checkbox',  NULL , '0', '', '', '', 'cannot determine', ''), 
('Clinicalannotation', 'DiagnosisDetail', 'qc_gastro_dxd_cap_pharynx', 'tumor_greatest_cm', 'float_positive',  NULL , '0', '', '', '', 'greatest dimension (cm)', ''), 
('Clinicalannotation', 'DiagnosisDetail', 'qc_gastro_dxd_cap_pharynx', 'tumor_size_add1_cm', 'float_positive',  NULL , '0', '', '', '', 'additional dimensions (cm)', ''), 
('Clinicalannotation', 'DiagnosisDetail', 'qc_gastro_dxd_cap_pharynx', 'tumor_size_add2_cm', 'float_positive',  NULL , '0', '', '', '', '', 'x'), 
('Clinicalannotation', 'DiagnosisDetail', 'qc_gastro_dxd_cap_pharynx', 'histo_adenosquamous_carcinoma', 'checkbox',  NULL , '0', '', '', '', 'adenosquamous carcinoma', ''), 
('Clinicalannotation', 'DiagnosisDetail', 'qc_gastro_dxd_cap_pharynx', 'histo_basaloid_squamous_cell_carcinoma', 'checkbox',  NULL , '0', '', '', '', 'basaloid squamous cell carcinoma', ''), 
('Clinicalannotation', 'DiagnosisDetail', 'qc_gastro_dxd_cap_pharynx', 'histo_papillary_squamous_cell_carcinoma', 'checkbox',  NULL , '0', '', '', '', 'papillary squamous cell carcinoma', ''), 
('Clinicalannotation', 'DiagnosisDetail', 'qc_gastro_dxd_cap_pharynx', 'histo_spindle_cell_squamous_carcinoma', 'checkbox',  NULL , '0', '', '', '', 'spindle cell squamous carcinoma', ''), 
('Clinicalannotation', 'DiagnosisDetail', 'qc_gastro_dxd_cap_pharynx', 'histo_verrucous_carcinoma', 'checkbox',  NULL , '0', '', '', '', 'verrucous carcinoma', ''), 
('Clinicalannotation', 'DiagnosisDetail', 'qc_gastro_dxd_cap_pharynx', 'histo_squamous_cell_carcinoma', 'checkbox',  NULL , '0', '', '', '', 'squamous cell carcinoma', ''), 
('Clinicalannotation', 'DiagnosisDetail', 'qc_gastro_dxd_cap_pharynx', 'histo_acantholytic_squamous_cell_carcinoma', 'checkbox',  NULL , '0', '', '', '', 'acantholytic squamous cell carcinoma', ''), 
('Clinicalannotation', 'DiagnosisDetail', 'qc_gastro_dxd_cap_pharynx', 'histo_lymphoepithelial_carcinoma', 'checkbox',  NULL , '0', '', '', '', 'lymphoepithelial carcinoma', ''), 
('Clinicalannotation', 'DiagnosisDetail', 'qc_gastro_dxd_cap_pharynx', 'histo_keratinizing_squamous_cell_carcinoma', 'checkbox',  NULL , '0', '', '', '', 'keratinizing squamous cell carcinoma', ''), 
('Clinicalannotation', 'DiagnosisDetail', 'qc_gastro_dxd_cap_pharynx', 'histo_nonkeratinizing_carcinoma', 'checkbox',  NULL , '0', '', '', '', 'nonkeratinizing carcinoma', ''), 
('Clinicalannotation', 'DiagnosisDetail', 'qc_gastro_dxd_cap_pharynx', 'histo_differentiated_carcinoma', 'checkbox',  NULL , '0', '', '', '', 'differentiated carcinoma', ''), 
('Clinicalannotation', 'DiagnosisDetail', 'qc_gastro_dxd_cap_pharynx', 'histo_undifferentiated_carcinoma', 'checkbox',  NULL , '0', '', '', '', 'undifferentiated carcinoma', ''), 
('Clinicalannotation', 'DiagnosisDetail', 'qc_gastro_dxd_cap_pharynx', 'histo_basaloid_squamous_cell_carcinoma_b', 'checkbox',  NULL , '0', '', '', '', 'basaloid squamous cell carcinoma', ''), 
('Clinicalannotation', 'DiagnosisDetail', 'qc_gastro_dxd_cap_pharynx', 'histo_nasopharyngeal_papillary_adenocarcinoma', 'checkbox',  NULL , '0', '', '', '', 'nasopharyngeal papillary adenocarcinoma', ''), 
('Clinicalannotation', 'DiagnosisDetail', 'qc_gastro_dxd_cap_pharynx', 'histo_adenocarcinoma_not_otherwise_specified', 'checkbox',  NULL , '0', '', '', '', 'adenocarcinoma not otherwise specified', ''), 
('Clinicalannotation', 'DiagnosisDetail', 'qc_gastro_dxd_cap_pharynx', 'histo_adenocarcinoma_low_grade', 'checkbox',  NULL , '0', '', '', '', '', 'low grade'), 
('Clinicalannotation', 'DiagnosisDetail', 'qc_gastro_dxd_cap_pharynx', 'histo_adenocarcinoma_intermediate_grade', 'checkbox',  NULL , '0', '', '', '', '', 'intermediate grade'), 
('Clinicalannotation', 'DiagnosisDetail', 'qc_gastro_dxd_cap_pharynx', 'histo_adenocarcinoma_high_grade', 'checkbox',  NULL , '0', '', '', '', '', 'high grade'), 
('Clinicalannotation', 'DiagnosisDetail', 'qc_gastro_dxd_cap_pharynx', 'histo_other_adenocarcinoma', 'checkbox',  NULL , '0', '', '', '', 'other', ''), 
('Clinicalannotation', 'DiagnosisDetail', 'qc_gastro_dxd_cap_pharynx', 'histo_other_adenocarcinoma_specify', 'input',  NULL , '0', '', '', '', '', 'specify'), 
('Clinicalannotation', 'DiagnosisDetail', 'qc_gastro_dxd_cap_pharynx', 'histo_acinic_cell_carcinoma', 'checkbox',  NULL , '0', '', '', '', 'acinic cell carcinoma', ''), 
('Clinicalannotation', 'DiagnosisDetail', 'qc_gastro_dxd_cap_pharynx', 'histo_adenoid_cystic_carcinoma', 'checkbox',  NULL , '0', '', '', '', 'adenoid cystic carcinoma', ''), 
('Clinicalannotation', 'DiagnosisDetail', 'qc_gastro_dxd_cap_pharynx', 'histo_adenocarcinoma_b_not_otherwise_specified', 'checkbox',  NULL , '0', '', '', '', 'adenocarcinoma not otherwise specified', ''), 
('Clinicalannotation', 'DiagnosisDetail', 'qc_gastro_dxd_cap_pharynx', 'histo_adenocarcinoma_b_low_grade', 'checkbox',  NULL , '0', '', '', '', '', 'low grade'), 
('Clinicalannotation', 'DiagnosisDetail', 'qc_gastro_dxd_cap_pharynx', 'histo_adenocarcinoma_b_intermediate_grade', 'checkbox',  NULL , '0', '', '', '', '', 'intermediate grade'), 
('Clinicalannotation', 'DiagnosisDetail', 'qc_gastro_dxd_cap_pharynx', 'histo_adenocarcinoma_b_high_grade', 'checkbox',  NULL , '0', '', '', '', '', 'high grade'), 
('Clinicalannotation', 'DiagnosisDetail', 'qc_gastro_dxd_cap_pharynx', 'histo_basal_cell_adenocarcinoma', 'checkbox',  NULL , '0', '', '', '', 'basal cell adenocarcinoma', ''), 
('Clinicalannotation', 'DiagnosisDetail', 'qc_gastro_dxd_cap_pharynx', 'histo_carcinoma_ex_pleomorphic_adenoma_malignant_mixed_tumor', 'checkbox',  NULL , '0', '', '', '', 'carcinoma ex pleomorphic adenoma malignant mixed tumor', ''), 
('Clinicalannotation', 'DiagnosisDetail', 'qc_gastro_dxd_cap_pharynx', 'histo_carcinoma_type_cannot_be_determined', 'checkbox',  NULL , '0', '', '', '', 'carcinoma type cannot be determined', ''), 
('Clinicalannotation', 'DiagnosisDetail', 'qc_gastro_dxd_cap_pharynx', 'histo_clear_cell_adenocarcinoma', 'checkbox',  NULL , '0', '', '', '', 'clear cell adenocarcinoma', ''), 
('Clinicalannotation', 'DiagnosisDetail', 'qc_gastro_dxd_cap_pharynx', 'histo_cystadenocarcinoma', 'checkbox',  NULL , '0', '', '', '', 'cystadenocarcinoma', ''), 
('Clinicalannotation', 'DiagnosisDetail', 'qc_gastro_dxd_cap_pharynx', 'histo_epithelial_myoepithelial_carcinoma', 'checkbox',  NULL , '0', '', '', '', 'epithelial myoepithelial carcinoma', ''), 
('Clinicalannotation', 'DiagnosisDetail', 'qc_gastro_dxd_cap_pharynx', 'histo_mucoepidermoid_carcinoma', 'checkbox',  NULL , '0', '', '', '', 'mucoepidermoid carcinoma', ''), 
('Clinicalannotation', 'DiagnosisDetail', 'qc_gastro_dxd_cap_pharynx', 'histo_mucoepidermoid_carcinoma_low_grade', 'checkbox',  NULL , '0', '', '', '', '', 'low grade'), 
('Clinicalannotation', 'DiagnosisDetail', 'qc_gastro_dxd_cap_pharynx', 'histo_mucoepidermoid_carcinoma_intermediate_grade', 'checkbox',  NULL , '0', '', '', '', '', 'intermediate grade'), 
('Clinicalannotation', 'DiagnosisDetail', 'qc_gastro_dxd_cap_pharynx', 'histo_mucoepidermoid_carcinoma_high_grade', 'checkbox',  NULL , '0', '', '', '', '', 'high grade'), 
('Clinicalannotation', 'DiagnosisDetail', 'qc_gastro_dxd_cap_pharynx', 'histo_mucinous_adenocarcinoma_colloid_carcinoma', 'checkbox',  NULL , '0', '', '', '', 'mucinous adenocarcinoma colloid carcinoma', ''), 
('Clinicalannotation', 'DiagnosisDetail', 'qc_gastro_dxd_cap_pharynx', 'histo_myoepithelial_carcinoma_malignant_myoepithelioma', 'checkbox',  NULL , '0', '', '', '', 'myoepithelial carcinoma malignant myoepithelioma', ''), 
('Clinicalannotation', 'DiagnosisDetail', 'qc_gastro_dxd_cap_pharynx', 'histo_oncocytic_carcinoma', 'checkbox',  NULL , '0', '', '', '', 'oncocytic carcinoma', ''), 
('Clinicalannotation', 'DiagnosisDetail', 'qc_gastro_dxd_cap_pharynx', 'histo_polymorphous_low_grade_adenocarcinoma', 'checkbox',  NULL , '0', '', '', '', 'polymorphous low grade adenocarcinoma', ''), 
('Clinicalannotation', 'DiagnosisDetail', 'qc_gastro_dxd_cap_pharynx', 'histo_salivary_duct_carcinoma', 'checkbox',  NULL , '0', '', '', '', 'salivary duct carcinoma', ''), 
('Clinicalannotation', 'DiagnosisDetail', 'qc_gastro_dxd_cap_pharynx', 'histo_carcinoma_other', 'checkbox',  NULL , '0', '', '', '', 'other', ''), 
('Clinicalannotation', 'DiagnosisDetail', 'qc_gastro_dxd_cap_pharynx', 'histo_carcinoma_other_specify', 'input',  NULL , '0', '', '', '', '', 'specify'), 
('Clinicalannotation', 'DiagnosisDetail', 'qc_gastro_dxd_cap_pharynx', 'histo_typical_carcinoid_tumor', 'checkbox',  NULL , '0', '', '', '', 'typical carcinoid tumor', ''), 
('Clinicalannotation', 'DiagnosisDetail', 'qc_gastro_dxd_cap_pharynx', 'histo_atypical_carcinoid_tumor', 'checkbox',  NULL , '0', '', '', '', 'atypical carcinoid tumor', ''), 
('Clinicalannotation', 'DiagnosisDetail', 'qc_gastro_dxd_cap_pharynx', 'histo_small_cell_carcinoma', 'checkbox',  NULL , '0', '', '', '', 'small cell carcinoma', ''), 
('Clinicalannotation', 'DiagnosisDetail', 'qc_gastro_dxd_cap_pharynx', 'histo_combined_or_composite_small_cell_carcinoma', 'checkbox',  NULL , '0', '', '', '', 'combined or composite small cell carcinoma', ''), 
('Clinicalannotation', 'DiagnosisDetail', 'qc_gastro_dxd_cap_pharynx', 'histo_mucosal_malignant_melanoma', 'checkbox',  NULL , '0', '', '', '', 'mucosal malignant melanoma', ''), 
('Clinicalannotation', 'DiagnosisDetail', 'qc_gastro_dxd_cap_pharynx', 'histo_neuroendocrine_other_carcinoma', 'checkbox',  NULL , '0', '', '', '', 'other carcinoma', ''), 
('Clinicalannotation', 'DiagnosisDetail', 'qc_gastro_dxd_cap_pharynx', 'histo_neuroendocrine_other_carcinoma_specify', 'input',  NULL , '0', '', '', '', '', 'specify'), 
('Clinicalannotation', 'DiagnosisDetail', 'qc_gastro_dxd_cap_pharynx', 'histo_carcinoma_type_cannot_be_determined_b', 'checkbox',  NULL , '0', '', '', '', 'carcinoma type cannot be determined', ''), 
('Clinicalannotation', 'DiagnosisDetail', 'qc_gastro_dxd_cap_pharynx', 'histo_grade', 'select', (SELECT id FROM structure_value_domains WHERE domain_name='histologic_grade_larynx') , '0', '', '', '', 'histologic grade', ''), 
('Clinicalannotation', 'DiagnosisDetail', 'qc_gastro_dxd_cap_pharynx', 'lymph_vascular_invasion', 'select', (SELECT id FROM structure_value_domains WHERE domain_name='lymph_vascular_invasion') , '0', '', '', '', 'lymph vascular invasion', ''), 
('Clinicalannotation', 'DiagnosisDetail', 'qc_gastro_dxd_cap_pharynx', 'perineural_invasion', 'select', (SELECT id FROM structure_value_domains WHERE domain_name='lymph_vascular_invasion') , '0', '', '', '', 'perineural invasion', ''), 
('Clinicalannotation', 'DiagnosisDetail', 'qc_gastro_dxd_cap_pharynx', 'tnm_descriptors_m', 'checkbox',  NULL , '0', '', '', '', 'descriptors', 'm'), 
('Clinicalannotation', 'DiagnosisDetail', 'qc_gastro_dxd_cap_pharynx', 'tnm_descriptors_r', 'checkbox',  NULL , '0', '', '', '', '', 'r'), 
('Clinicalannotation', 'DiagnosisDetail', 'qc_gastro_dxd_cap_pharynx', 'tnm_descriptors_y', 'checkbox',  NULL , '0', '', '', '', '', 'y'), 
('Clinicalannotation', 'DiagnosisDetail', 'qc_gastro_dxd_cap_pharynx', 'pt', 'select', (SELECT id FROM structure_value_domains WHERE domain_name='qc_gastro_cap_pt_general') , '0', '', '', '', 'pt', ''), 
('Clinicalannotation', 'DiagnosisDetail', 'qc_gastro_dxd_cap_pharynx', 'pt_oropharynx', 'select', (SELECT id FROM structure_value_domains WHERE domain_name='qc_gastro_cap_pharynx_oro_pt') , '0', '', '', '', 'pt oropharynx', ''), 
('Clinicalannotation', 'DiagnosisDetail', 'qc_gastro_dxd_cap_pharynx', 'pt_nasopharynx', 'select', (SELECT id FROM structure_value_domains WHERE domain_name='qc_gastro_cap_pharynx_naso_pt') , '0', '', '', '', 'pt nasopharynx', ''), 
('Clinicalannotation', 'DiagnosisDetail', 'qc_gastro_dxd_cap_pharynx', 'pt_hypopharynx', 'select', (SELECT id FROM structure_value_domains WHERE domain_name='qc_gastro_cap_pharynx_hypo_pt') , '0', '', '', '', 'pt hypopharynx', ''), 
('Clinicalannotation', 'DiagnosisDetail', 'qc_gastro_dxd_cap_pharynx', 'pn', 'select', (SELECT id FROM structure_value_domains WHERE domain_name='qc_gastro_cap_pharynx_pn') , '0', '', '', '', 'pn', ''), 
('Clinicalannotation', 'DiagnosisDetail', 'qc_gastro_dxd_cap_pharynx', 'pn_oro_and_hypo', 'select', (SELECT id FROM structure_value_domains WHERE domain_name='qc_gastro_cap_pharynx_oro_hypo_pn') , '0', '', '', '', 'pn oro and hypo', ''), 
('Clinicalannotation', 'DiagnosisDetail', 'qc_gastro_dxd_cap_pharynx', 'number_oro_hypo_nodes_examined', 'integer_positive',  NULL , '0', '', '', '', 'number of Oro. and Hypo. nodes examined', ''), 
('Clinicalannotation', 'DiagnosisDetail', 'qc_gastro_dxd_cap_pharynx', 'number_oro_hypo_nodes_examined_cannot_be_determined', 'checkbox',  NULL , '0', '', '', '', 'number of Oro. and Hypo. nodes examined cannot be determined', ''), 
('Clinicalannotation', 'DiagnosisDetail', 'qc_gastro_dxd_cap_pharynx', 'number_oro_hypo_nodes_examined_cannot_be_determined_explain', 'input',  NULL , '0', '', '', '', '', 'explain'), 
('Clinicalannotation', 'DiagnosisDetail', 'qc_gastro_dxd_cap_pharynx', 'number_oro_hypo_nodes_involved', 'integer_positive',  NULL , '0', '', '', '', 'number of Oro. and Hypo. nodes involved', ''), 
('Clinicalannotation', 'DiagnosisDetail', 'qc_gastro_dxd_cap_pharynx', 'number_oro_hypo_nodes_involved_cannot_be_determined', 'checkbox',  NULL , '0', '', '', '', 'number of Oro. and Hypo. nodes involved cannot be determined', ''), 
('Clinicalannotation', 'DiagnosisDetail', 'qc_gastro_dxd_cap_pharynx', 'number_oro_hypo_nodes_involved_cannot_be_determined_explain', 'input',  NULL , '0', '', '', '', '', 'explain'), 
('Clinicalannotation', 'DiagnosisDetail', 'qc_gastro_dxd_cap_pharynx', 'size_greatest_dimension_largest_pos_lymph_oro_hypo_node', 'float_positive',  NULL , '0', '', '', '', 'size (greatest dimension) of the  largest positive Oro. and Hypo. lymph node', ''), 
('Clinicalannotation', 'DiagnosisDetail', 'qc_gastro_dxd_cap_pharynx', 'pn_regional_naso', 'select', (SELECT id FROM structure_value_domains WHERE domain_name='qc_gastro_cap_pharynx_naso_pn') , '0', '', '', '', 'pn nasopharynx', ''), 
('Clinicalannotation', 'DiagnosisDetail', 'qc_gastro_dxd_cap_pharynx', 'number_naso_nodes_examined', 'integer_positive',  NULL , '0', '', '', '', 'number of Naso. nodes examined', ''), 
('Clinicalannotation', 'DiagnosisDetail', 'qc_gastro_dxd_cap_pharynx', 'number_naso_nodes_examined_cannot_be_determined', 'checkbox',  NULL , '0', '', '', '', 'number of Naso. nodes examined cannot be determined', ''), 
('Clinicalannotation', 'DiagnosisDetail', 'qc_gastro_dxd_cap_pharynx', 'number_naso_nodes_examined_cannot_be_determined_explain', 'input',  NULL , '0', '', '', '', '', 'explain'), 
('Clinicalannotation', 'DiagnosisDetail', 'qc_gastro_dxd_cap_pharynx', 'number_naso_nodes_involved', 'integer_positive',  NULL , '0', '', '', '', 'number of Naso. nodes involved', ''), 
('Clinicalannotation', 'DiagnosisDetail', 'qc_gastro_dxd_cap_pharynx', 'number_naso_nodes_involved_cannot_be_determined', 'checkbox',  NULL , '0', '', '', '', 'number of Naso. nodes involved cannot be determined', ''), 
('Clinicalannotation', 'DiagnosisDetail', 'qc_gastro_dxd_cap_pharynx', 'number_naso_nodes_involved_cannot_be_determined_explain', 'input',  NULL , '0', '', '', '', '', 'explain'), 
('Clinicalannotation', 'DiagnosisDetail', 'qc_gastro_dxd_cap_pharynx', 'pm', 'select', (SELECT id FROM structure_value_domains WHERE domain_name='qc_gastro_cap_pharynx_pm') , '0', '', '', '', 'pm', ''), 
('Clinicalannotation', 'DiagnosisDetail', 'qc_gastro_dxd_cap_pharynx', 'pm_site', 'input',  NULL , '0', '', '', '', '', 'site'), 
('Clinicalannotation', 'DiagnosisDetail', 'qc_gastro_dxd_cap_pharynx', 'pm_source', 'input',  NULL , '0', '', '', '', '', 'source'), 
('Clinicalannotation', 'DiagnosisDetail', 'qc_gastro_dxd_cap_pharynx', 'pt_mucosal', 'select', (SELECT id FROM structure_value_domains WHERE domain_name='qc_gastro_cmucosal_pt') , '0', '', '', '', 'pt mucosal', ''), 
('Clinicalannotation', 'DiagnosisDetail', 'qc_gastro_dxd_cap_pharynx', 'pn_mucosal', 'select', (SELECT id FROM structure_value_domains WHERE domain_name='qc_gastro_cmucosal_pn') , '0', '', '', '', 'pn mucosal', ''), 
('Clinicalannotation', 'DiagnosisDetail', 'qc_gastro_dxd_cap_pharynx', 'pm_mucosal', 'select', (SELECT id FROM structure_value_domains WHERE domain_name='qc_gastro_cmucosal_pm') , '0', '', '', '', 'pm mucosal', ''), 
('Clinicalannotation', 'DiagnosisDetail', 'qc_gastro_dxd_cap_pharynx', 'pm_mucosal_site', 'input',  NULL , '0', '', '', '', '', 'site'), 
('Clinicalannotation', 'DiagnosisDetail', 'qc_gastro_dxd_cap_pharynx', 'pm_mucosal_source', 'input',  NULL , '0', '', '', '', '', 'source');
INSERT INTO structure_formats(`structure_id`, `structure_field_id`, `display_column`, `display_order`, `language_heading`, `flag_override_label`, `language_label`, `flag_override_tag`, `language_tag`, `flag_override_help`, `language_help`, `flag_override_type`, `type`, `flag_override_setting`, `setting`, `flag_override_default`, `default`, `flag_add`, `flag_add_readonly`, `flag_edit`, `flag_edit_readonly`, `flag_search`, `flag_search_readonly`, `flag_addgrid`, `flag_addgrid_readonly`, `flag_editgrid`, `flag_editgrid_readonly`, `flag_batchedit`, `flag_batchedit_readonly`, `flag_index`, `flag_detail`, `flag_summary`) VALUES 
((SELECT id FROM structures WHERE alias='qc_gastro_dxd_cap_pharynx'), (SELECT id FROM structure_fields WHERE `model`='DiagnosisDetail' AND `tablename`='qc_gastro_dxd_cap_pharynx' AND `field`='specimen_is_oropharynx' AND `type`='checkbox' AND `structure_value_domain`  IS NULL  AND `flag_confidential`='0' AND `setting`='' AND `default`='' AND `language_help`='' AND `language_label`='oropharynx' AND `language_tag`=''), '1', '1', 'specimen', '0', '', '0', '', '0', '', '0', '', '0', '', '0', '', '1', '0', '1', '0', '0', '0', '0', '0', '0', '0', '0', '0', '0', '1', '0'), 
((SELECT id FROM structures WHERE alias='qc_gastro_dxd_cap_pharynx'), (SELECT id FROM structure_fields WHERE `model`='DiagnosisDetail' AND `tablename`='qc_gastro_dxd_cap_pharynx' AND `field`='specimen_is_nasopharynx' AND `type`='checkbox' AND `structure_value_domain`  IS NULL  AND `flag_confidential`='0' AND `setting`='' AND `default`='' AND `language_help`='' AND `language_label`='nasopharynx' AND `language_tag`=''), '1', '2', '', '0', '', '0', '', '0', '', '0', '', '0', '', '0', '', '1', '0', '1', '0', '0', '0', '0', '0', '0', '0', '0', '0', '0', '1', '0'), 
((SELECT id FROM structures WHERE alias='qc_gastro_dxd_cap_pharynx'), (SELECT id FROM structure_fields WHERE `model`='DiagnosisDetail' AND `tablename`='qc_gastro_dxd_cap_pharynx' AND `field`='specimen_is_hypopharynx' AND `type`='checkbox' AND `structure_value_domain`  IS NULL  AND `flag_confidential`='0' AND `setting`='' AND `default`='' AND `language_help`='' AND `language_label`='hypopharynx' AND `language_tag`=''), '1', '3', '', '0', '', '0', '', '0', '', '0', '', '0', '', '0', '', '1', '0', '1', '0', '0', '0', '0', '0', '0', '0', '0', '0', '0', '1', '0'), 
((SELECT id FROM structures WHERE alias='qc_gastro_dxd_cap_pharynx'), (SELECT id FROM structure_fields WHERE `model`='DiagnosisDetail' AND `tablename`='qc_gastro_dxd_cap_pharynx' AND `field`='specimen_is_other' AND `type`='checkbox' AND `structure_value_domain`  IS NULL  AND `flag_confidential`='0' AND `setting`='' AND `default`='' AND `language_help`='' AND `language_label`='other' AND `language_tag`=''), '1', '4', '', '0', '', '0', '', '0', '', '0', '', '0', '', '0', '', '1', '0', '1', '0', '0', '0', '0', '0', '0', '0', '0', '0', '0', '1', '0'), 
((SELECT id FROM structures WHERE alias='qc_gastro_dxd_cap_pharynx'), (SELECT id FROM structure_fields WHERE `model`='DiagnosisDetail' AND `tablename`='qc_gastro_dxd_cap_pharynx' AND `field`='specimen_is_other_specify' AND `type`='input' AND `structure_value_domain`  IS NULL  AND `flag_confidential`='0' AND `setting`='' AND `default`='' AND `language_help`='' AND `language_label`='' AND `language_tag`='specify'), '1', '5', '', '0', '', '0', '', '0', '', '0', '', '0', '', '0', '', '1', '0', '1', '0', '0', '0', '0', '0', '0', '0', '0', '0', '0', '1', '0'), 
((SELECT id FROM structures WHERE alias='qc_gastro_dxd_cap_pharynx'), (SELECT id FROM structure_fields WHERE `model`='DiagnosisDetail' AND `tablename`='qc_gastro_dxd_cap_pharynx' AND `field`='specimen_is_not_specified' AND `type`='checkbox' AND `structure_value_domain`  IS NULL  AND `flag_confidential`='0' AND `setting`='' AND `default`='' AND `language_help`='' AND `language_label`='not specified' AND `language_tag`=''), '1', '6', '', '0', '', '0', '', '0', '', '0', '', '0', '', '0', '', '1', '0', '1', '0', '0', '0', '0', '0', '0', '0', '0', '0', '0', '1', '0'), 
((SELECT id FROM structures WHERE alias='qc_gastro_dxd_cap_pharynx'), (SELECT id FROM structure_fields WHERE `model`='DiagnosisDetail' AND `tablename`='qc_gastro_dxd_cap_pharynx' AND `field`='procedure_is_incisional_biopsy' AND `type`='checkbox' AND `structure_value_domain`  IS NULL  AND `flag_confidential`='0' AND `setting`='' AND `default`='' AND `language_help`='' AND `language_label`='incisional biopsy' AND `language_tag`=''), '1', '7', 'procedure', '0', '', '0', '', '0', '', '0', '', '0', '', '0', '', '1', '0', '1', '0', '0', '0', '0', '0', '0', '0', '0', '0', '0', '1', '0'), 
((SELECT id FROM structures WHERE alias='qc_gastro_dxd_cap_pharynx'), (SELECT id FROM structure_fields WHERE `model`='DiagnosisDetail' AND `tablename`='qc_gastro_dxd_cap_pharynx' AND `field`='procedure_is_excisional_biopsy' AND `type`='checkbox' AND `structure_value_domain`  IS NULL  AND `flag_confidential`='0' AND `setting`='' AND `default`='' AND `language_help`='' AND `language_label`='excisional biopsy' AND `language_tag`=''), '1', '8', '', '0', '', '0', '', '0', '', '0', '', '0', '', '0', '', '1', '0', '1', '0', '0', '0', '0', '0', '0', '0', '0', '0', '0', '1', '0'), 
((SELECT id FROM structures WHERE alias='qc_gastro_dxd_cap_pharynx'), (SELECT id FROM structure_fields WHERE `model`='DiagnosisDetail' AND `tablename`='qc_gastro_dxd_cap_pharynx' AND `field`='procedure_is_resection' AND `type`='checkbox' AND `structure_value_domain`  IS NULL  AND `flag_confidential`='0' AND `setting`='' AND `default`='' AND `language_help`='' AND `language_label`='resection' AND `language_tag`=''), '1', '9', '', '0', '', '0', '', '0', '', '0', '', '0', '', '0', '', '1', '0', '1', '0', '0', '0', '0', '0', '0', '0', '0', '0', '0', '1', '0'), 
((SELECT id FROM structures WHERE alias='qc_gastro_dxd_cap_pharynx'), (SELECT id FROM structure_fields WHERE `model`='DiagnosisDetail' AND `tablename`='qc_gastro_dxd_cap_pharynx' AND `field`='procedure_is_resection_tonsillectomy' AND `type`='checkbox' AND `structure_value_domain`  IS NULL  AND `flag_confidential`='0' AND `setting`='' AND `default`='' AND `language_help`='' AND `language_label`='tonsillectomy' AND `language_tag`=''), '1', '10', '', '0', '', '0', '', '0', '', '0', '', '0', '', '0', '', '1', '0', '1', '0', '0', '0', '0', '0', '0', '0', '0', '0', '0', '1', '0'), 
((SELECT id FROM structures WHERE alias='qc_gastro_dxd_cap_pharynx'), (SELECT id FROM structure_fields WHERE `model`='DiagnosisDetail' AND `tablename`='qc_gastro_dxd_cap_pharynx' AND `field`='procedure_is_resection_laryngopharyngectomy' AND `type`='checkbox' AND `structure_value_domain`  IS NULL  AND `flag_confidential`='0' AND `setting`='' AND `default`='' AND `language_help`='' AND `language_label`='laryngopharyngectomy' AND `language_tag`=''), '1', '11', '', '0', '', '0', '', '0', '', '0', '', '0', '', '0', '', '1', '0', '1', '0', '0', '0', '0', '0', '0', '0', '0', '0', '0', '1', '0'), 
((SELECT id FROM structures WHERE alias='qc_gastro_dxd_cap_pharynx'), (SELECT id FROM structure_fields WHERE `model`='DiagnosisDetail' AND `tablename`='qc_gastro_dxd_cap_pharynx' AND `field`='procedure_is_resection_other' AND `type`='checkbox' AND `structure_value_domain`  IS NULL  AND `flag_confidential`='0' AND `setting`='' AND `default`='' AND `language_help`='' AND `language_label`='other resection' AND `language_tag`=''), '1', '12', '', '0', '', '0', '', '0', '', '0', '', '0', '', '0', '', '1', '0', '1', '0', '0', '0', '0', '0', '0', '0', '0', '0', '0', '1', '0'), 
((SELECT id FROM structures WHERE alias='qc_gastro_dxd_cap_pharynx'), (SELECT id FROM structure_fields WHERE `model`='DiagnosisDetail' AND `tablename`='qc_gastro_dxd_cap_pharynx' AND `field`='procedure_is_resection_other_specify' AND `type`='input' AND `structure_value_domain`  IS NULL  AND `flag_confidential`='0' AND `setting`='' AND `default`='' AND `language_help`='' AND `language_label`='' AND `language_tag`='specify'), '1', '13', '', '0', '', '0', '', '0', '', '0', '', '0', '', '0', '', '1', '0', '1', '0', '0', '0', '0', '0', '0', '0', '0', '0', '0', '1', '0'), 
((SELECT id FROM structures WHERE alias='qc_gastro_dxd_cap_pharynx'), (SELECT id FROM structure_fields WHERE `model`='DiagnosisDetail' AND `tablename`='qc_gastro_dxd_cap_pharynx' AND `field`='procedure_is_neck' AND `type`='checkbox' AND `structure_value_domain`  IS NULL  AND `flag_confidential`='0' AND `setting`='' AND `default`='' AND `language_help`='' AND `language_label`='neck dissection' AND `language_tag`=''), '1', '14', '', '0', '', '0', '', '0', '', '0', '', '0', '', '0', '', '1', '0', '1', '0', '0', '0', '0', '0', '0', '0', '0', '0', '0', '1', '0'), 
((SELECT id FROM structures WHERE alias='qc_gastro_dxd_cap_pharynx'), (SELECT id FROM structure_fields WHERE `model`='DiagnosisDetail' AND `tablename`='qc_gastro_dxd_cap_pharynx' AND `field`='procedure_is_neck_specify' AND `type`='input' AND `structure_value_domain`  IS NULL  AND `flag_confidential`='0' AND `setting`='' AND `default`='' AND `language_help`='' AND `language_label`='' AND `language_tag`='specify'), '1', '15', '', '0', '', '0', '', '0', '', '0', '', '0', '', '0', '', '1', '0', '1', '0', '0', '0', '0', '0', '0', '0', '0', '0', '0', '1', '0'), 
((SELECT id FROM structures WHERE alias='qc_gastro_dxd_cap_pharynx'), (SELECT id FROM structure_fields WHERE `model`='DiagnosisDetail' AND `tablename`='qc_gastro_dxd_cap_pharynx' AND `field`='procedure_is_other' AND `type`='checkbox' AND `structure_value_domain`  IS NULL  AND `flag_confidential`='0' AND `setting`='' AND `default`='' AND `language_help`='' AND `language_label`='other' AND `language_tag`=''), '1', '16', '', '0', '', '0', '', '0', '', '0', '', '0', '', '0', '', '1', '0', '1', '0', '0', '0', '0', '0', '0', '0', '0', '0', '0', '1', '0'), 
((SELECT id FROM structures WHERE alias='qc_gastro_dxd_cap_pharynx'), (SELECT id FROM structure_fields WHERE `model`='DiagnosisDetail' AND `tablename`='qc_gastro_dxd_cap_pharynx' AND `field`='procedure_is_other_specify' AND `type`='input' AND `structure_value_domain`  IS NULL  AND `flag_confidential`='0' AND `setting`='' AND `default`='' AND `language_help`='' AND `language_label`='' AND `language_tag`='specify'), '1', '17', '', '0', '', '0', '', '0', '', '0', '', '0', '', '0', '', '1', '0', '1', '0', '0', '0', '0', '0', '0', '0', '0', '0', '0', '1', '0'), 
((SELECT id FROM structures WHERE alias='qc_gastro_dxd_cap_pharynx'), (SELECT id FROM structure_fields WHERE `model`='DiagnosisDetail' AND `tablename`='qc_gastro_dxd_cap_pharynx' AND `field`='procedure_is_not_specified' AND `type`='checkbox' AND `structure_value_domain`  IS NULL  AND `flag_confidential`='0' AND `setting`='' AND `default`='' AND `language_help`='' AND `language_label`='not specified' AND `language_tag`=''), '1', '18', '', '0', '', '0', '', '0', '', '0', '', '0', '', '0', '', '1', '0', '1', '0', '0', '0', '0', '0', '0', '0', '0', '0', '0', '1', '0'), 
((SELECT id FROM structures WHERE alias='qc_gastro_dxd_cap_pharynx'), (SELECT id FROM structure_fields WHERE `model`='DiagnosisDetail' AND `tablename`='qc_gastro_dxd_cap_pharynx' AND `field`='laterality_left' AND `type`='checkbox' AND `structure_value_domain`  IS NULL  AND `flag_confidential`='0' AND `setting`='' AND `default`='' AND `language_help`='' AND `language_label`='left' AND `language_tag`=''), '1', '19', 'laterality', '0', '', '0', '', '0', '', '0', '', '0', '', '0', '', '1', '0', '1', '0', '0', '0', '0', '0', '0', '0', '0', '0', '0', '1', '0'), 
((SELECT id FROM structures WHERE alias='qc_gastro_dxd_cap_pharynx'), (SELECT id FROM structure_fields WHERE `model`='DiagnosisDetail' AND `tablename`='qc_gastro_dxd_cap_pharynx' AND `field`='laterality_right' AND `type`='checkbox' AND `structure_value_domain`  IS NULL  AND `flag_confidential`='0' AND `setting`='' AND `default`='' AND `language_help`='' AND `language_label`='right' AND `language_tag`=''), '1', '20', '', '0', '', '0', '', '0', '', '0', '', '0', '', '0', '', '1', '0', '1', '0', '0', '0', '0', '0', '0', '0', '0', '0', '0', '1', '0'), 
((SELECT id FROM structures WHERE alias='qc_gastro_dxd_cap_pharynx'), (SELECT id FROM structure_fields WHERE `model`='DiagnosisDetail' AND `tablename`='qc_gastro_dxd_cap_pharynx' AND `field`='laterality_bilateral' AND `type`='checkbox' AND `structure_value_domain`  IS NULL  AND `flag_confidential`='0' AND `setting`='' AND `default`='' AND `language_help`='' AND `language_label`='bilateral' AND `language_tag`=''), '1', '21', '', '0', '', '0', '', '0', '', '0', '', '0', '', '0', '', '1', '0', '1', '0', '0', '0', '0', '0', '0', '0', '0', '0', '0', '1', '0'), 
((SELECT id FROM structures WHERE alias='qc_gastro_dxd_cap_pharynx'), (SELECT id FROM structure_fields WHERE `model`='DiagnosisDetail' AND `tablename`='qc_gastro_dxd_cap_pharynx' AND `field`='laterality_midline' AND `type`='checkbox' AND `structure_value_domain`  IS NULL  AND `flag_confidential`='0' AND `setting`='' AND `default`='' AND `language_help`='' AND `language_label`='midline' AND `language_tag`=''), '1', '22', '', '0', '', '0', '', '0', '', '0', '', '0', '', '0', '', '1', '0', '1', '0', '0', '0', '0', '0', '0', '0', '0', '0', '0', '1', '0'), 
((SELECT id FROM structures WHERE alias='qc_gastro_dxd_cap_pharynx'), (SELECT id FROM structure_fields WHERE `model`='DiagnosisDetail' AND `tablename`='qc_gastro_dxd_cap_pharynx' AND `field`='laterality_not_specified' AND `type`='checkbox' AND `structure_value_domain`  IS NULL  AND `flag_confidential`='0' AND `setting`='' AND `default`='' AND `language_help`='' AND `language_label`='not specified' AND `language_tag`=''), '1', '23', '', '0', '', '0', '', '0', '', '0', '', '0', '', '0', '', '1', '0', '1', '0', '0', '0', '0', '0', '0', '0', '0', '0', '0', '1', '0'), 
((SELECT id FROM structures WHERE alias='qc_gastro_dxd_cap_pharynx'), (SELECT id FROM structure_fields WHERE `model`='DiagnosisDetail' AND `tablename`='qc_gastro_dxd_cap_pharynx' AND `field`='site_oropharynx' AND `type`='checkbox' AND `structure_value_domain`  IS NULL  AND `flag_confidential`='0' AND `setting`='' AND `default`='' AND `language_help`='' AND `language_label`='oropharynx' AND `language_tag`=''), '1', '24', 'site', '0', '', '0', '', '0', '', '0', '', '0', '', '0', '', '1', '0', '1', '0', '0', '0', '0', '0', '0', '0', '0', '0', '0', '1', '0'), 
((SELECT id FROM structures WHERE alias='qc_gastro_dxd_cap_pharynx'), (SELECT id FROM structure_fields WHERE `model`='DiagnosisDetail' AND `tablename`='qc_gastro_dxd_cap_pharynx' AND `field`='site_oropharynx_palatine_tonsil' AND `type`='checkbox' AND `structure_value_domain`  IS NULL  AND `flag_confidential`='0' AND `setting`='' AND `default`='' AND `language_help`='' AND `language_label`='palatine tonsil' AND `language_tag`=''), '1', '25', '', '0', '', '0', '', '0', '', '0', '', '0', '', '0', '', '1', '0', '1', '0', '0', '0', '0', '0', '0', '0', '0', '0', '0', '1', '0'), 
((SELECT id FROM structures WHERE alias='qc_gastro_dxd_cap_pharynx'), (SELECT id FROM structure_fields WHERE `model`='DiagnosisDetail' AND `tablename`='qc_gastro_dxd_cap_pharynx' AND `field`='site_oropharynx_base_of_tongue' AND `type`='checkbox' AND `structure_value_domain`  IS NULL  AND `flag_confidential`='0' AND `setting`='' AND `default`='' AND `language_help`='' AND `language_label`='base of tongue' AND `language_tag`=''), '1', '26', '', '0', '', '0', '', '0', '', '0', '', '0', '', '0', '', '1', '0', '1', '0', '0', '0', '0', '0', '0', '0', '0', '0', '0', '1', '0'), 
((SELECT id FROM structures WHERE alias='qc_gastro_dxd_cap_pharynx'), (SELECT id FROM structure_fields WHERE `model`='DiagnosisDetail' AND `tablename`='qc_gastro_dxd_cap_pharynx' AND `field`='site_oropharynx_soft_palate' AND `type`='checkbox' AND `structure_value_domain`  IS NULL  AND `flag_confidential`='0' AND `setting`='' AND `default`='' AND `language_help`='' AND `language_label`='soft palate' AND `language_tag`=''), '1', '27', '', '0', '', '0', '', '0', '', '0', '', '0', '', '0', '', '1', '0', '1', '0', '0', '0', '0', '0', '0', '0', '0', '0', '0', '1', '0'), 
((SELECT id FROM structures WHERE alias='qc_gastro_dxd_cap_pharynx'), (SELECT id FROM structure_fields WHERE `model`='DiagnosisDetail' AND `tablename`='qc_gastro_dxd_cap_pharynx' AND `field`='site_oropharynx_uvulva' AND `type`='checkbox' AND `structure_value_domain`  IS NULL  AND `flag_confidential`='0' AND `setting`='' AND `default`='' AND `language_help`='' AND `language_label`='uvulva' AND `language_tag`=''), '1', '28', '', '0', '', '0', '', '0', '', '0', '', '0', '', '0', '', '1', '0', '1', '0', '0', '0', '0', '0', '0', '0', '0', '0', '0', '1', '0'), 
((SELECT id FROM structures WHERE alias='qc_gastro_dxd_cap_pharynx'), (SELECT id FROM structure_fields WHERE `model`='DiagnosisDetail' AND `tablename`='qc_gastro_dxd_cap_pharynx' AND `field`='site_oropharynx_pharyngeal_wall' AND `type`='checkbox' AND `structure_value_domain`  IS NULL  AND `flag_confidential`='0' AND `setting`='' AND `default`='' AND `language_help`='' AND `language_label`='pharyngeal wall' AND `language_tag`=''), '1', '29', '', '0', '', '0', '', '0', '', '0', '', '0', '', '0', '', '1', '0', '1', '0', '0', '0', '0', '0', '0', '0', '0', '0', '0', '1', '0'), 
((SELECT id FROM structures WHERE alias='qc_gastro_dxd_cap_pharynx'), (SELECT id FROM structure_fields WHERE `model`='DiagnosisDetail' AND `tablename`='qc_gastro_dxd_cap_pharynx' AND `field`='site_oropharynx_other' AND `type`='checkbox' AND `structure_value_domain`  IS NULL  AND `flag_confidential`='0' AND `setting`='' AND `default`='' AND `language_help`='' AND `language_label`='other oropharynx' AND `language_tag`=''), '1', '30', '', '0', '', '0', '', '0', '', '0', '', '0', '', '0', '', '1', '0', '1', '0', '0', '0', '0', '0', '0', '0', '0', '0', '0', '1', '0'), 
((SELECT id FROM structures WHERE alias='qc_gastro_dxd_cap_pharynx'), (SELECT id FROM structure_fields WHERE `model`='DiagnosisDetail' AND `tablename`='qc_gastro_dxd_cap_pharynx' AND `field`='site_nasopharynx' AND `type`='checkbox' AND `structure_value_domain`  IS NULL  AND `flag_confidential`='0' AND `setting`='' AND `default`='' AND `language_help`='' AND `language_label`='nasopharynx' AND `language_tag`=''), '1', '31', '', '0', '', '0', '', '0', '', '0', '', '0', '', '0', '', '1', '0', '1', '0', '0', '0', '0', '0', '0', '0', '0', '0', '0', '1', '0'), 
((SELECT id FROM structures WHERE alias='qc_gastro_dxd_cap_pharynx'), (SELECT id FROM structure_fields WHERE `model`='DiagnosisDetail' AND `tablename`='qc_gastro_dxd_cap_pharynx' AND `field`='site_nasopharynx_nasopharyngeal_tonsil' AND `type`='checkbox' AND `structure_value_domain`  IS NULL  AND `flag_confidential`='0' AND `setting`='' AND `default`='' AND `language_help`='' AND `language_label`='nasopharyngeal tonsil' AND `language_tag`=''), '1', '32', '', '0', '', '0', '', '0', '', '0', '', '0', '', '0', '', '1', '0', '1', '0', '0', '0', '0', '0', '0', '0', '0', '0', '0', '1', '0'), 
((SELECT id FROM structures WHERE alias='qc_gastro_dxd_cap_pharynx'), (SELECT id FROM structure_fields WHERE `model`='DiagnosisDetail' AND `tablename`='qc_gastro_dxd_cap_pharynx' AND `field`='site_hypopharynx' AND `type`='checkbox' AND `structure_value_domain`  IS NULL  AND `flag_confidential`='0' AND `setting`='' AND `default`='' AND `language_help`='' AND `language_label`='hypopharynx' AND `language_tag`=''), '1', '33', '', '0', '', '0', '', '0', '', '0', '', '0', '', '0', '', '1', '0', '1', '0', '0', '0', '0', '0', '0', '0', '0', '0', '0', '1', '0'), 
((SELECT id FROM structures WHERE alias='qc_gastro_dxd_cap_pharynx'), (SELECT id FROM structure_fields WHERE `model`='DiagnosisDetail' AND `tablename`='qc_gastro_dxd_cap_pharynx' AND `field`='site_hypopharynx_piriform_sinus' AND `type`='checkbox' AND `structure_value_domain`  IS NULL  AND `flag_confidential`='0' AND `setting`='' AND `default`='' AND `language_help`='' AND `language_label`='piriform sinus' AND `language_tag`=''), '1', '34', '', '0', '', '0', '', '0', '', '0', '', '0', '', '0', '', '1', '0', '1', '0', '0', '0', '0', '0', '0', '0', '0', '0', '0', '1', '0'), 
((SELECT id FROM structures WHERE alias='qc_gastro_dxd_cap_pharynx'), (SELECT id FROM structure_fields WHERE `model`='DiagnosisDetail' AND `tablename`='qc_gastro_dxd_cap_pharynx' AND `field`='site_hypopharynx_postcricoid' AND `type`='checkbox' AND `structure_value_domain`  IS NULL  AND `flag_confidential`='0' AND `setting`='' AND `default`='' AND `language_help`='' AND `language_label`='postcricoid' AND `language_tag`=''), '1', '35', '', '0', '', '0', '', '0', '', '0', '', '0', '', '0', '', '1', '0', '1', '0', '0', '0', '0', '0', '0', '0', '0', '0', '0', '1', '0'), 
((SELECT id FROM structures WHERE alias='qc_gastro_dxd_cap_pharynx'), (SELECT id FROM structure_fields WHERE `model`='DiagnosisDetail' AND `tablename`='qc_gastro_dxd_cap_pharynx' AND `field`='site_hypopharynx_pharyngeal_wall' AND `type`='checkbox' AND `structure_value_domain`  IS NULL  AND `flag_confidential`='0' AND `setting`='' AND `default`='' AND `language_help`='' AND `language_label`='pharyngeal wall' AND `language_tag`=''), '1', '36', '', '0', '', '0', '', '0', '', '0', '', '0', '', '0', '', '1', '0', '1', '0', '0', '0', '0', '0', '0', '0', '0', '0', '0', '1', '0'), 
((SELECT id FROM structures WHERE alias='qc_gastro_dxd_cap_pharynx'), (SELECT id FROM structure_fields WHERE `model`='DiagnosisDetail' AND `tablename`='qc_gastro_dxd_cap_pharynx' AND `field`='site_hypopharynx_other' AND `type`='checkbox' AND `structure_value_domain`  IS NULL  AND `flag_confidential`='0' AND `setting`='' AND `default`='' AND `language_help`='' AND `language_label`='other hypopharynx' AND `language_tag`=''), '1', '37', '', '0', '', '0', '', '0', '', '0', '', '0', '', '0', '', '1', '0', '1', '0', '0', '0', '0', '0', '0', '0', '0', '0', '0', '1', '0'), 
((SELECT id FROM structures WHERE alias='qc_gastro_dxd_cap_pharynx'), (SELECT id FROM structure_fields WHERE `model`='DiagnosisDetail' AND `tablename`='qc_gastro_dxd_cap_pharynx' AND `field`='site_other' AND `type`='checkbox' AND `structure_value_domain`  IS NULL  AND `flag_confidential`='0' AND `setting`='' AND `default`='' AND `language_help`='' AND `language_label`='other' AND `language_tag`=''), '1', '38', '', '0', '', '0', '', '0', '', '0', '', '0', '', '0', '', '1', '0', '1', '0', '0', '0', '0', '0', '0', '0', '0', '0', '0', '1', '0'), 
((SELECT id FROM structures WHERE alias='qc_gastro_dxd_cap_pharynx'), (SELECT id FROM structure_fields WHERE `model`='DiagnosisDetail' AND `tablename`='qc_gastro_dxd_cap_pharynx' AND `field`='site_other_specify' AND `type`='input' AND `structure_value_domain`  IS NULL  AND `flag_confidential`='0' AND `setting`='' AND `default`='' AND `language_help`='' AND `language_label`='' AND `language_tag`='specify'), '1', '39', '', '0', '', '0', '', '0', '', '0', '', '0', '', '0', '', '1', '0', '1', '0', '0', '0', '0', '0', '0', '0', '0', '0', '0', '1', '0'), 
((SELECT id FROM structures WHERE alias='qc_gastro_dxd_cap_pharynx'), (SELECT id FROM structure_fields WHERE `model`='DiagnosisDetail' AND `tablename`='qc_gastro_dxd_cap_pharynx' AND `field`='site_not_specified' AND `type`='checkbox' AND `structure_value_domain`  IS NULL  AND `flag_confidential`='0' AND `setting`='' AND `default`='' AND `language_help`='' AND `language_label`='not specified' AND `language_tag`=''), '1', '40', '', '0', '', '0', '', '0', '', '0', '', '0', '', '0', '', '1', '0', '1', '0', '0', '0', '0', '0', '0', '0', '0', '0', '0', '1', '0'), 
((SELECT id FROM structures WHERE alias='qc_gastro_dxd_cap_pharynx'), (SELECT id FROM structure_fields WHERE `model`='DiagnosisDetail' AND `tablename`='qc_gastro_dxd_cap_pharynx' AND `field`='tumor_size_cannot_determine' AND `type`='checkbox' AND `structure_value_domain`  IS NULL  AND `flag_confidential`='0' AND `setting`='' AND `default`='' AND `language_help`='' AND `language_label`='cannot determine' AND `language_tag`=''), '1', '41', 'tumor size', '0', '', '0', '', '0', '', '0', '', '0', '', '0', '', '1', '0', '1', '0', '0', '0', '0', '0', '0', '0', '0', '0', '0', '1', '0'), 
((SELECT id FROM structures WHERE alias='qc_gastro_dxd_cap_pharynx'), (SELECT id FROM structure_fields WHERE `model`='DiagnosisDetail' AND `tablename`='qc_gastro_dxd_cap_pharynx' AND `field`='tumor_greatest_cm' AND `type`='float_positive' AND `structure_value_domain`  IS NULL  AND `flag_confidential`='0' AND `setting`='' AND `default`='' AND `language_help`='' AND `language_label`='greatest dimension (cm)' AND `language_tag`=''), '1', '42', '', '0', '', '0', '', '0', '', '0', '', '0', '', '0', '', '1', '0', '1', '0', '0', '0', '0', '0', '0', '0', '0', '0', '0', '1', '0'), 
((SELECT id FROM structures WHERE alias='qc_gastro_dxd_cap_pharynx'), (SELECT id FROM structure_fields WHERE `model`='DiagnosisDetail' AND `tablename`='qc_gastro_dxd_cap_pharynx' AND `field`='tumor_size_add1_cm' AND `type`='float_positive' AND `structure_value_domain`  IS NULL  AND `flag_confidential`='0' AND `setting`='' AND `default`='' AND `language_help`='' AND `language_label`='additional dimensions (cm)' AND `language_tag`=''), '1', '43', '', '0', '', '0', '', '0', '', '0', '', '0', '', '0', '', '1', '0', '1', '0', '0', '0', '0', '0', '0', '0', '0', '0', '0', '1', '0'), 
((SELECT id FROM structures WHERE alias='qc_gastro_dxd_cap_pharynx'), (SELECT id FROM structure_fields WHERE `model`='DiagnosisDetail' AND `tablename`='qc_gastro_dxd_cap_pharynx' AND `field`='tumor_size_add2_cm' AND `type`='float_positive' AND `structure_value_domain`  IS NULL  AND `flag_confidential`='0' AND `setting`='' AND `default`='' AND `language_help`='' AND `language_label`='' AND `language_tag`='x'), '1', '44', '', '0', '', '0', '', '0', '', '0', '', '0', '', '0', '', '1', '0', '1', '0', '0', '0', '0', '0', '0', '0', '0', '0', '0', '1', '0'), 
((SELECT id FROM structures WHERE alias='qc_gastro_dxd_cap_pharynx'), (SELECT id FROM structure_fields WHERE `model`='DiagnosisDetail' AND `tablename`='qc_gastro_dxd_cap_pharynx' AND `field`='histo_adenosquamous_carcinoma' AND `type`='checkbox' AND `structure_value_domain`  IS NULL  AND `flag_confidential`='0' AND `setting`='' AND `default`='' AND `language_help`='' AND `language_label`='adenosquamous carcinoma' AND `language_tag`=''), '2', '47', '', '0', '', '0', '', '0', '', '0', '', '0', '', '0', '', '1', '0', '1', '0', '0', '0', '0', '0', '0', '0', '0', '0', '0', '1', '0'), 
((SELECT id FROM structures WHERE alias='qc_gastro_dxd_cap_pharynx'), (SELECT id FROM structure_fields WHERE `model`='DiagnosisDetail' AND `tablename`='qc_gastro_dxd_cap_pharynx' AND `field`='histo_basaloid_squamous_cell_carcinoma' AND `type`='checkbox' AND `structure_value_domain`  IS NULL  AND `flag_confidential`='0' AND `setting`='' AND `default`='' AND `language_help`='' AND `language_label`='basaloid squamous cell carcinoma' AND `language_tag`=''), '2', '48', '', '0', '', '0', '', '0', '', '0', '', '0', '', '0', '', '1', '0', '1', '0', '0', '0', '0', '0', '0', '0', '0', '0', '0', '1', '0'), 
((SELECT id FROM structures WHERE alias='qc_gastro_dxd_cap_pharynx'), (SELECT id FROM structure_fields WHERE `model`='DiagnosisDetail' AND `tablename`='qc_gastro_dxd_cap_pharynx' AND `field`='histo_papillary_squamous_cell_carcinoma' AND `type`='checkbox' AND `structure_value_domain`  IS NULL  AND `flag_confidential`='0' AND `setting`='' AND `default`='' AND `language_help`='' AND `language_label`='papillary squamous cell carcinoma' AND `language_tag`=''), '2', '49', '', '0', '', '0', '', '0', '', '0', '', '0', '', '0', '', '1', '0', '1', '0', '0', '0', '0', '0', '0', '0', '0', '0', '0', '1', '0'), 
((SELECT id FROM structures WHERE alias='qc_gastro_dxd_cap_pharynx'), (SELECT id FROM structure_fields WHERE `model`='DiagnosisDetail' AND `tablename`='qc_gastro_dxd_cap_pharynx' AND `field`='histo_spindle_cell_squamous_carcinoma' AND `type`='checkbox' AND `structure_value_domain`  IS NULL  AND `flag_confidential`='0' AND `setting`='' AND `default`='' AND `language_help`='' AND `language_label`='spindle cell squamous carcinoma' AND `language_tag`=''), '2', '50', '', '0', '', '0', '', '0', '', '0', '', '0', '', '0', '', '1', '0', '1', '0', '0', '0', '0', '0', '0', '0', '0', '0', '0', '1', '0'), 
((SELECT id FROM structures WHERE alias='qc_gastro_dxd_cap_pharynx'), (SELECT id FROM structure_fields WHERE `model`='DiagnosisDetail' AND `tablename`='qc_gastro_dxd_cap_pharynx' AND `field`='histo_verrucous_carcinoma' AND `type`='checkbox' AND `structure_value_domain`  IS NULL  AND `flag_confidential`='0' AND `setting`='' AND `default`='' AND `language_help`='' AND `language_label`='verrucous carcinoma' AND `language_tag`=''), '2', '51', '', '0', '', '0', '', '0', '', '0', '', '0', '', '0', '', '1', '0', '1', '0', '0', '0', '0', '0', '0', '0', '0', '0', '0', '1', '0'), 
((SELECT id FROM structures WHERE alias='qc_gastro_dxd_cap_pharynx'), (SELECT id FROM structure_fields WHERE `model`='DiagnosisDetail' AND `tablename`='qc_gastro_dxd_cap_pharynx' AND `field`='histo_squamous_cell_carcinoma' AND `type`='checkbox' AND `structure_value_domain`  IS NULL  AND `flag_confidential`='0' AND `setting`='' AND `default`='' AND `language_help`='' AND `language_label`='squamous cell carcinoma' AND `language_tag`=''), '2', '45', 'histologic type - Carcinomas of the Oropharynx and Hypopharynx', '0', '', '0', '', '0', '', '0', '', '0', '', '0', '', '1', '0', '1', '0', '0', '0', '0', '0', '0', '0', '0', '0', '0', '1', '0'), 
((SELECT id FROM structures WHERE alias='qc_gastro_dxd_cap_pharynx'), (SELECT id FROM structure_fields WHERE `model`='DiagnosisDetail' AND `tablename`='qc_gastro_dxd_cap_pharynx' AND `field`='histo_acantholytic_squamous_cell_carcinoma' AND `type`='checkbox' AND `structure_value_domain`  IS NULL  AND `flag_confidential`='0' AND `setting`='' AND `default`='' AND `language_help`='' AND `language_label`='acantholytic squamous cell carcinoma' AND `language_tag`=''), '2', '46', 'histologic type - Variants of Squamous Cell Carcinoma', '0', '', '0', '', '0', '', '0', '', '0', '', '0', '', '1', '0', '1', '0', '0', '0', '0', '0', '0', '0', '0', '0', '0', '1', '0'), 
((SELECT id FROM structures WHERE alias='qc_gastro_dxd_cap_pharynx'), (SELECT id FROM structure_fields WHERE `model`='DiagnosisDetail' AND `tablename`='qc_gastro_dxd_cap_pharynx' AND `field`='histo_lymphoepithelial_carcinoma' AND `type`='checkbox' AND `structure_value_domain`  IS NULL  AND `flag_confidential`='0' AND `setting`='' AND `default`='' AND `language_help`='' AND `language_label`='lymphoepithelial carcinoma' AND `language_tag`=''), '2', '52', '', '0', '', '0', '', '0', '', '0', '', '0', '', '0', '', '1', '0', '1', '0', '0', '0', '0', '0', '0', '0', '0', '0', '0', '1', '0'), 
((SELECT id FROM structures WHERE alias='qc_gastro_dxd_cap_pharynx'), (SELECT id FROM structure_fields WHERE `model`='DiagnosisDetail' AND `tablename`='qc_gastro_dxd_cap_pharynx' AND `field`='histo_keratinizing_squamous_cell_carcinoma' AND `type`='checkbox' AND `structure_value_domain`  IS NULL  AND `flag_confidential`='0' AND `setting`='' AND `default`='' AND `language_help`='' AND `language_label`='keratinizing squamous cell carcinoma' AND `language_tag`=''), '2', '53', 'histologic type - Carcinomas of the Nasopharynx', '0', '', '0', '', '0', '', '0', '', '0', '', '0', '', '1', '0', '1', '0', '0', '0', '0', '0', '0', '0', '0', '0', '0', '1', '0'), 
((SELECT id FROM structures WHERE alias='qc_gastro_dxd_cap_pharynx'), (SELECT id FROM structure_fields WHERE `model`='DiagnosisDetail' AND `tablename`='qc_gastro_dxd_cap_pharynx' AND `field`='histo_undifferentiated_carcinoma' AND `type`='checkbox' AND `structure_value_domain`  IS NULL  AND `flag_confidential`='0' AND `setting`='' AND `default`='' AND `language_help`='' AND `language_label`='undifferentiated carcinoma' AND `language_tag`=''), '2', '54', '', '0', '', '0', '', '0', '', '0', '', '0', '', '0', '', '1', '0', '1', '0', '0', '0', '0', '0', '0', '0', '0', '0', '0', '1', '0'), 
((SELECT id FROM structures WHERE alias='qc_gastro_dxd_cap_pharynx'), (SELECT id FROM structure_fields WHERE `model`='DiagnosisDetail' AND `tablename`='qc_gastro_dxd_cap_pharynx' AND `field`='histo_differentiated_carcinoma' AND `type`='checkbox' AND `structure_value_domain`  IS NULL  AND `flag_confidential`='0' AND `setting`='' AND `default`='' AND `language_help`='' AND `language_label`='differentiated carcinoma' AND `language_tag`=''), '2', '55', '', '0', '', '0', '', '0', '', '0', '', '0', '', '0', '', '1', '0', '1', '0', '0', '0', '0', '0', '0', '0', '0', '0', '0', '1', '0'), 
((SELECT id FROM structures WHERE alias='qc_gastro_dxd_cap_pharynx'), (SELECT id FROM structure_fields WHERE `model`='DiagnosisDetail' AND `tablename`='qc_gastro_dxd_cap_pharynx' AND `field`='histo_nonkeratinizing_carcinoma' AND `type`='checkbox' AND `structure_value_domain`  IS NULL  AND `flag_confidential`='0' AND `setting`='' AND `default`='' AND `language_help`='' AND `language_label`='nonkeratinizing carcinoma' AND `language_tag`=''), '2', '56', '', '0', '', '0', '', '0', '', '0', '', '0', '', '0', '', '1', '0', '1', '0', '0', '0', '0', '0', '0', '0', '0', '0', '0', '1', '0'), 
((SELECT id FROM structures WHERE alias='qc_gastro_dxd_cap_pharynx'), (SELECT id FROM structure_fields WHERE `model`='DiagnosisDetail' AND `tablename`='qc_gastro_dxd_cap_pharynx' AND `field`='histo_basaloid_squamous_cell_carcinoma_b' AND `type`='checkbox' AND `structure_value_domain`  IS NULL  AND `flag_confidential`='0' AND `setting`='' AND `default`='' AND `language_help`='' AND `language_label`='basaloid squamous cell carcinoma' AND `language_tag`=''), '2', '57', '', '0', '', '0', '', '0', '', '0', '', '0', '', '0', '', '1', '0', '1', '0', '0', '0', '0', '0', '0', '0', '0', '0', '0', '1', '0'), 
((SELECT id FROM structures WHERE alias='qc_gastro_dxd_cap_pharynx'), (SELECT id FROM structure_fields WHERE `model`='DiagnosisDetail' AND `tablename`='qc_gastro_dxd_cap_pharynx' AND `field`='histo_nasopharyngeal_papillary_adenocarcinoma' AND `type`='checkbox' AND `structure_value_domain`  IS NULL  AND `flag_confidential`='0' AND `setting`='' AND `default`='' AND `language_help`='' AND `language_label`='nasopharyngeal papillary adenocarcinoma' AND `language_tag`=''), '2', '58', 'histologic type - Adenocarcinomas (Non-Salivary Gland Type)', '0', '', '0', '', '0', '', '0', '', '0', '', '0', '', '1', '0', '1', '0', '0', '0', '0', '0', '0', '0', '0', '0', '0', '1', '0'), 
((SELECT id FROM structures WHERE alias='qc_gastro_dxd_cap_pharynx'), (SELECT id FROM structure_fields WHERE `model`='DiagnosisDetail' AND `tablename`='qc_gastro_dxd_cap_pharynx' AND `field`='histo_adenocarcinoma_not_otherwise_specified' AND `type`='checkbox' AND `structure_value_domain`  IS NULL  AND `flag_confidential`='0' AND `setting`='' AND `default`='' AND `language_help`='' AND `language_label`='adenocarcinoma not otherwise specified' AND `language_tag`=''), '2', '59', '', '0', '', '0', '', '0', '', '0', '', '0', '', '0', '', '1', '0', '1', '0', '0', '0', '0', '0', '0', '0', '0', '0', '0', '1', '0'), 
((SELECT id FROM structures WHERE alias='qc_gastro_dxd_cap_pharynx'), (SELECT id FROM structure_fields WHERE `model`='DiagnosisDetail' AND `tablename`='qc_gastro_dxd_cap_pharynx' AND `field`='histo_adenocarcinoma_low_grade' AND `type`='checkbox' AND `structure_value_domain`  IS NULL  AND `flag_confidential`='0' AND `setting`='' AND `default`='' AND `language_help`='' AND `language_label`='' AND `language_tag`='low grade'), '2', '60', '', '0', '', '0', '', '0', '', '0', '', '0', '', '0', '', '1', '0', '1', '0', '0', '0', '0', '0', '0', '0', '0', '0', '0', '1', '0'), 
((SELECT id FROM structures WHERE alias='qc_gastro_dxd_cap_pharynx'), (SELECT id FROM structure_fields WHERE `model`='DiagnosisDetail' AND `tablename`='qc_gastro_dxd_cap_pharynx' AND `field`='histo_adenocarcinoma_intermediate_grade' AND `type`='checkbox' AND `structure_value_domain`  IS NULL  AND `flag_confidential`='0' AND `setting`='' AND `default`='' AND `language_help`='' AND `language_label`='' AND `language_tag`='intermediate grade'), '2', '61', '', '0', '', '0', '', '0', '', '0', '', '0', '', '0', '', '1', '0', '1', '0', '0', '0', '0', '0', '0', '0', '0', '0', '0', '1', '0'), 
((SELECT id FROM structures WHERE alias='qc_gastro_dxd_cap_pharynx'), (SELECT id FROM structure_fields WHERE `model`='DiagnosisDetail' AND `tablename`='qc_gastro_dxd_cap_pharynx' AND `field`='histo_adenocarcinoma_high_grade' AND `type`='checkbox' AND `structure_value_domain`  IS NULL  AND `flag_confidential`='0' AND `setting`='' AND `default`='' AND `language_help`='' AND `language_label`='' AND `language_tag`='high grade'), '2', '62', '', '0', '', '0', '', '0', '', '0', '', '0', '', '0', '', '1', '0', '1', '0', '0', '0', '0', '0', '0', '0', '0', '0', '0', '1', '0'), 
((SELECT id FROM structures WHERE alias='qc_gastro_dxd_cap_pharynx'), (SELECT id FROM structure_fields WHERE `model`='DiagnosisDetail' AND `tablename`='qc_gastro_dxd_cap_pharynx' AND `field`='histo_other_adenocarcinoma' AND `type`='checkbox' AND `structure_value_domain`  IS NULL  AND `flag_confidential`='0' AND `setting`='' AND `default`='' AND `language_help`='' AND `language_label`='other' AND `language_tag`=''), '2', '63', '', '0', '', '0', '', '0', '', '0', '', '0', '', '0', '', '1', '0', '1', '0', '0', '0', '0', '0', '0', '0', '0', '0', '0', '1', '0'), 
((SELECT id FROM structures WHERE alias='qc_gastro_dxd_cap_pharynx'), (SELECT id FROM structure_fields WHERE `model`='DiagnosisDetail' AND `tablename`='qc_gastro_dxd_cap_pharynx' AND `field`='histo_other_adenocarcinoma_specify' AND `type`='input' AND `structure_value_domain`  IS NULL  AND `flag_confidential`='0' AND `setting`='' AND `default`='' AND `language_help`='' AND `language_label`='' AND `language_tag`='specify'), '2', '64', '', '0', '', '0', '', '0', '', '0', '', '0', '', '0', '', '1', '0', '1', '0', '0', '0', '0', '0', '0', '0', '0', '0', '0', '1', '0'), 
((SELECT id FROM structures WHERE alias='qc_gastro_dxd_cap_pharynx'), (SELECT id FROM structure_fields WHERE `model`='DiagnosisDetail' AND `tablename`='qc_gastro_dxd_cap_pharynx' AND `field`='histo_acinic_cell_carcinoma' AND `type`='checkbox' AND `structure_value_domain`  IS NULL  AND `flag_confidential`='0' AND `setting`='' AND `default`='' AND `language_help`='' AND `language_label`='acinic cell carcinoma' AND `language_tag`=''), '2', '65', 'histologic type - Carcinomas of Minor Salivary Glands ', '0', '', '0', '', '0', '', '0', '', '0', '', '0', '', '1', '0', '1', '0', '0', '0', '0', '0', '0', '0', '0', '0', '0', '1', '0'), 
((SELECT id FROM structures WHERE alias='qc_gastro_dxd_cap_pharynx'), (SELECT id FROM structure_fields WHERE `model`='DiagnosisDetail' AND `tablename`='qc_gastro_dxd_cap_pharynx' AND `field`='histo_adenoid_cystic_carcinoma' AND `type`='checkbox' AND `structure_value_domain`  IS NULL  AND `flag_confidential`='0' AND `setting`='' AND `default`='' AND `language_help`='' AND `language_label`='adenoid cystic carcinoma' AND `language_tag`=''), '2', '67', '', '0', '', '0', '', '0', '', '0', '', '0', '', '0', '', '1', '0', '1', '0', '0', '0', '0', '0', '0', '0', '0', '0', '0', '1', '0'), 
((SELECT id FROM structures WHERE alias='qc_gastro_dxd_cap_pharynx'), (SELECT id FROM structure_fields WHERE `model`='DiagnosisDetail' AND `tablename`='qc_gastro_dxd_cap_pharynx' AND `field`='histo_adenocarcinoma_b_not_otherwise_specified' AND `type`='checkbox' AND `structure_value_domain`  IS NULL  AND `flag_confidential`='0' AND `setting`='' AND `default`='' AND `language_help`='' AND `language_label`='adenocarcinoma not otherwise specified' AND `language_tag`=''), '2', '68', '', '0', '', '0', '', '0', '', '0', '', '0', '', '0', '', '1', '0', '1', '0', '0', '0', '0', '0', '0', '0', '0', '0', '0', '1', '0'), 
((SELECT id FROM structures WHERE alias='qc_gastro_dxd_cap_pharynx'), (SELECT id FROM structure_fields WHERE `model`='DiagnosisDetail' AND `tablename`='qc_gastro_dxd_cap_pharynx' AND `field`='histo_adenocarcinoma_b_low_grade' AND `type`='checkbox' AND `structure_value_domain`  IS NULL  AND `flag_confidential`='0' AND `setting`='' AND `default`='' AND `language_help`='' AND `language_label`='' AND `language_tag`='low grade'), '2', '69', '', '0', '', '0', '', '0', '', '0', '', '0', '', '0', '', '1', '0', '1', '0', '0', '0', '0', '0', '0', '0', '0', '0', '0', '1', '0'), 
((SELECT id FROM structures WHERE alias='qc_gastro_dxd_cap_pharynx'), (SELECT id FROM structure_fields WHERE `model`='DiagnosisDetail' AND `tablename`='qc_gastro_dxd_cap_pharynx' AND `field`='histo_adenocarcinoma_b_intermediate_grade' AND `type`='checkbox' AND `structure_value_domain`  IS NULL  AND `flag_confidential`='0' AND `setting`='' AND `default`='' AND `language_help`='' AND `language_label`='' AND `language_tag`='intermediate grade'), '2', '70', '', '0', '', '0', '', '0', '', '0', '', '0', '', '0', '', '1', '0', '1', '0', '0', '0', '0', '0', '0', '0', '0', '0', '0', '1', '0'), 
((SELECT id FROM structures WHERE alias='qc_gastro_dxd_cap_pharynx'), (SELECT id FROM structure_fields WHERE `model`='DiagnosisDetail' AND `tablename`='qc_gastro_dxd_cap_pharynx' AND `field`='histo_adenocarcinoma_b_high_grade' AND `type`='checkbox' AND `structure_value_domain`  IS NULL  AND `flag_confidential`='0' AND `setting`='' AND `default`='' AND `language_help`='' AND `language_label`='' AND `language_tag`='high grade'), '2', '71', '', '0', '', '0', '', '0', '', '0', '', '0', '', '0', '', '1', '0', '1', '0', '0', '0', '0', '0', '0', '0', '0', '0', '0', '1', '0'), 
((SELECT id FROM structures WHERE alias='qc_gastro_dxd_cap_pharynx'), (SELECT id FROM structure_fields WHERE `model`='DiagnosisDetail' AND `tablename`='qc_gastro_dxd_cap_pharynx' AND `field`='histo_basal_cell_adenocarcinoma' AND `type`='checkbox' AND `structure_value_domain`  IS NULL  AND `flag_confidential`='0' AND `setting`='' AND `default`='' AND `language_help`='' AND `language_label`='basal cell adenocarcinoma' AND `language_tag`=''), '2', '72', '', '0', '', '0', '', '0', '', '0', '', '0', '', '0', '', '1', '0', '1', '0', '0', '0', '0', '0', '0', '0', '0', '0', '0', '1', '0'), 
((SELECT id FROM structures WHERE alias='qc_gastro_dxd_cap_pharynx'), (SELECT id FROM structure_fields WHERE `model`='DiagnosisDetail' AND `tablename`='qc_gastro_dxd_cap_pharynx' AND `field`='histo_carcinoma_ex_pleomorphic_adenoma_malignant_mixed_tumor' AND `type`='checkbox' AND `structure_value_domain`  IS NULL  AND `flag_confidential`='0' AND `setting`='' AND `default`='' AND `language_help`='' AND `language_label`='carcinoma ex pleomorphic adenoma malignant mixed tumor' AND `language_tag`=''), '2', '73', '', '0', '', '0', '', '0', '', '0', '', '0', '', '0', '', '1', '0', '1', '0', '0', '0', '0', '0', '0', '0', '0', '0', '0', '1', '0'), 
((SELECT id FROM structures WHERE alias='qc_gastro_dxd_cap_pharynx'), (SELECT id FROM structure_fields WHERE `model`='DiagnosisDetail' AND `tablename`='qc_gastro_dxd_cap_pharynx' AND `field`='histo_carcinoma_type_cannot_be_determined' AND `type`='checkbox' AND `structure_value_domain`  IS NULL  AND `flag_confidential`='0' AND `setting`='' AND `default`='' AND `language_help`='' AND `language_label`='carcinoma type cannot be determined' AND `language_tag`=''), '2', '74', '', '0', '', '0', '', '0', '', '0', '', '0', '', '0', '', '1', '0', '1', '0', '0', '0', '0', '0', '0', '0', '0', '0', '0', '1', '0'), 
((SELECT id FROM structures WHERE alias='qc_gastro_dxd_cap_pharynx'), (SELECT id FROM structure_fields WHERE `model`='DiagnosisDetail' AND `tablename`='qc_gastro_dxd_cap_pharynx' AND `field`='histo_clear_cell_adenocarcinoma' AND `type`='checkbox' AND `structure_value_domain`  IS NULL  AND `flag_confidential`='0' AND `setting`='' AND `default`='' AND `language_help`='' AND `language_label`='clear cell adenocarcinoma' AND `language_tag`=''), '2', '75', '', '0', '', '0', '', '0', '', '0', '', '0', '', '0', '', '1', '0', '1', '0', '0', '0', '0', '0', '0', '0', '0', '0', '0', '1', '0'), 
((SELECT id FROM structures WHERE alias='qc_gastro_dxd_cap_pharynx'), (SELECT id FROM structure_fields WHERE `model`='DiagnosisDetail' AND `tablename`='qc_gastro_dxd_cap_pharynx' AND `field`='histo_cystadenocarcinoma' AND `type`='checkbox' AND `structure_value_domain`  IS NULL  AND `flag_confidential`='0' AND `setting`='' AND `default`='' AND `language_help`='' AND `language_label`='cystadenocarcinoma' AND `language_tag`=''), '2', '76', '', '0', '', '0', '', '0', '', '0', '', '0', '', '0', '', '1', '0', '1', '0', '0', '0', '0', '0', '0', '0', '0', '0', '0', '1', '0'), 
((SELECT id FROM structures WHERE alias='qc_gastro_dxd_cap_pharynx'), (SELECT id FROM structure_fields WHERE `model`='DiagnosisDetail' AND `tablename`='qc_gastro_dxd_cap_pharynx' AND `field`='histo_epithelial_myoepithelial_carcinoma' AND `type`='checkbox' AND `structure_value_domain`  IS NULL  AND `flag_confidential`='0' AND `setting`='' AND `default`='' AND `language_help`='' AND `language_label`='epithelial myoepithelial carcinoma' AND `language_tag`=''), '2', '77', '', '0', '', '0', '', '0', '', '0', '', '0', '', '0', '', '1', '0', '1', '0', '0', '0', '0', '0', '0', '0', '0', '0', '0', '1', '0'), 
((SELECT id FROM structures WHERE alias='qc_gastro_dxd_cap_pharynx'), (SELECT id FROM structure_fields WHERE `model`='DiagnosisDetail' AND `tablename`='qc_gastro_dxd_cap_pharynx' AND `field`='histo_mucoepidermoid_carcinoma' AND `type`='checkbox' AND `structure_value_domain`  IS NULL  AND `flag_confidential`='0' AND `setting`='' AND `default`='' AND `language_help`='' AND `language_label`='mucoepidermoid carcinoma' AND `language_tag`=''), '2', '78', '', '0', '', '0', '', '0', '', '0', '', '0', '', '0', '', '1', '0', '1', '0', '0', '0', '0', '0', '0', '0', '0', '0', '0', '1', '0'), 
((SELECT id FROM structures WHERE alias='qc_gastro_dxd_cap_pharynx'), (SELECT id FROM structure_fields WHERE `model`='DiagnosisDetail' AND `tablename`='qc_gastro_dxd_cap_pharynx' AND `field`='histo_mucoepidermoid_carcinoma_low_grade' AND `type`='checkbox' AND `structure_value_domain`  IS NULL  AND `flag_confidential`='0' AND `setting`='' AND `default`='' AND `language_help`='' AND `language_label`='' AND `language_tag`='low grade'), '2', '79', '', '0', '', '0', '', '0', '', '0', '', '0', '', '0', '', '1', '0', '1', '0', '0', '0', '0', '0', '0', '0', '0', '0', '0', '1', '0'), 
((SELECT id FROM structures WHERE alias='qc_gastro_dxd_cap_pharynx'), (SELECT id FROM structure_fields WHERE `model`='DiagnosisDetail' AND `tablename`='qc_gastro_dxd_cap_pharynx' AND `field`='histo_mucoepidermoid_carcinoma_intermediate_grade' AND `type`='checkbox' AND `structure_value_domain`  IS NULL  AND `flag_confidential`='0' AND `setting`='' AND `default`='' AND `language_help`='' AND `language_label`='' AND `language_tag`='intermediate grade'), '2', '80', '', '0', '', '0', '', '0', '', '0', '', '0', '', '0', '', '1', '0', '1', '0', '0', '0', '0', '0', '0', '0', '0', '0', '0', '1', '0'), 
((SELECT id FROM structures WHERE alias='qc_gastro_dxd_cap_pharynx'), (SELECT id FROM structure_fields WHERE `model`='DiagnosisDetail' AND `tablename`='qc_gastro_dxd_cap_pharynx' AND `field`='histo_mucoepidermoid_carcinoma_high_grade' AND `type`='checkbox' AND `structure_value_domain`  IS NULL  AND `flag_confidential`='0' AND `setting`='' AND `default`='' AND `language_help`='' AND `language_label`='' AND `language_tag`='high grade'), '2', '81', '', '0', '', '0', '', '0', '', '0', '', '0', '', '0', '', '1', '0', '1', '0', '0', '0', '0', '0', '0', '0', '0', '0', '0', '1', '0'), 
((SELECT id FROM structures WHERE alias='qc_gastro_dxd_cap_pharynx'), (SELECT id FROM structure_fields WHERE `model`='DiagnosisDetail' AND `tablename`='qc_gastro_dxd_cap_pharynx' AND `field`='histo_mucinous_adenocarcinoma_colloid_carcinoma' AND `type`='checkbox' AND `structure_value_domain`  IS NULL  AND `flag_confidential`='0' AND `setting`='' AND `default`='' AND `language_help`='' AND `language_label`='mucinous adenocarcinoma colloid carcinoma' AND `language_tag`=''), '2', '82', '', '0', '', '0', '', '0', '', '0', '', '0', '', '0', '', '1', '0', '1', '0', '0', '0', '0', '0', '0', '0', '0', '0', '0', '1', '0'), 
((SELECT id FROM structures WHERE alias='qc_gastro_dxd_cap_pharynx'), (SELECT id FROM structure_fields WHERE `model`='DiagnosisDetail' AND `tablename`='qc_gastro_dxd_cap_pharynx' AND `field`='histo_myoepithelial_carcinoma_malignant_myoepithelioma' AND `type`='checkbox' AND `structure_value_domain`  IS NULL  AND `flag_confidential`='0' AND `setting`='' AND `default`='' AND `language_help`='' AND `language_label`='myoepithelial carcinoma malignant myoepithelioma' AND `language_tag`=''), '2', '83', '', '0', '', '0', '', '0', '', '0', '', '0', '', '0', '', '1', '0', '1', '0', '0', '0', '0', '0', '0', '0', '0', '0', '0', '1', '0'), 
((SELECT id FROM structures WHERE alias='qc_gastro_dxd_cap_pharynx'), (SELECT id FROM structure_fields WHERE `model`='DiagnosisDetail' AND `tablename`='qc_gastro_dxd_cap_pharynx' AND `field`='histo_oncocytic_carcinoma' AND `type`='checkbox' AND `structure_value_domain`  IS NULL  AND `flag_confidential`='0' AND `setting`='' AND `default`='' AND `language_help`='' AND `language_label`='oncocytic carcinoma' AND `language_tag`=''), '2', '84', '', '0', '', '0', '', '0', '', '0', '', '0', '', '0', '', '1', '0', '1', '0', '0', '0', '0', '0', '0', '0', '0', '0', '0', '1', '0'), 
((SELECT id FROM structures WHERE alias='qc_gastro_dxd_cap_pharynx'), (SELECT id FROM structure_fields WHERE `model`='DiagnosisDetail' AND `tablename`='qc_gastro_dxd_cap_pharynx' AND `field`='histo_polymorphous_low_grade_adenocarcinoma' AND `type`='checkbox' AND `structure_value_domain`  IS NULL  AND `flag_confidential`='0' AND `setting`='' AND `default`='' AND `language_help`='' AND `language_label`='polymorphous low grade adenocarcinoma' AND `language_tag`=''), '2', '85', '', '0', '', '0', '', '0', '', '0', '', '0', '', '0', '', '1', '0', '1', '0', '0', '0', '0', '0', '0', '0', '0', '0', '0', '1', '0'), 
((SELECT id FROM structures WHERE alias='qc_gastro_dxd_cap_pharynx'), (SELECT id FROM structure_fields WHERE `model`='DiagnosisDetail' AND `tablename`='qc_gastro_dxd_cap_pharynx' AND `field`='histo_salivary_duct_carcinoma' AND `type`='checkbox' AND `structure_value_domain`  IS NULL  AND `flag_confidential`='0' AND `setting`='' AND `default`='' AND `language_help`='' AND `language_label`='salivary duct carcinoma' AND `language_tag`=''), '2', '86', '', '0', '', '0', '', '0', '', '0', '', '0', '', '0', '', '1', '0', '1', '0', '0', '0', '0', '0', '0', '0', '0', '0', '0', '1', '0'), 
((SELECT id FROM structures WHERE alias='qc_gastro_dxd_cap_pharynx'), (SELECT id FROM structure_fields WHERE `model`='DiagnosisDetail' AND `tablename`='qc_gastro_dxd_cap_pharynx' AND `field`='histo_carcinoma_other' AND `type`='checkbox' AND `structure_value_domain`  IS NULL  AND `flag_confidential`='0' AND `setting`='' AND `default`='' AND `language_help`='' AND `language_label`='other' AND `language_tag`=''), '2', '87', '', '0', '', '0', '', '0', '', '0', '', '0', '', '0', '', '1', '0', '1', '0', '0', '0', '0', '0', '0', '0', '0', '0', '0', '1', '0'), 
((SELECT id FROM structures WHERE alias='qc_gastro_dxd_cap_pharynx'), (SELECT id FROM structure_fields WHERE `model`='DiagnosisDetail' AND `tablename`='qc_gastro_dxd_cap_pharynx' AND `field`='histo_carcinoma_other_specify' AND `type`='input' AND `structure_value_domain`  IS NULL  AND `flag_confidential`='0' AND `setting`='' AND `default`='' AND `language_help`='' AND `language_label`='' AND `language_tag`='specify'), '2', '88', '', '0', '', '0', '', '0', '', '0', '', '0', '', '0', '', '1', '0', '1', '0', '0', '0', '0', '0', '0', '0', '0', '0', '0', '1', '0'), 
((SELECT id FROM structures WHERE alias='qc_gastro_dxd_cap_pharynx'), (SELECT id FROM structure_fields WHERE `model`='DiagnosisDetail' AND `tablename`='qc_gastro_dxd_cap_pharynx' AND `field`='histo_typical_carcinoid_tumor' AND `type`='checkbox' AND `structure_value_domain`  IS NULL  AND `flag_confidential`='0' AND `setting`='' AND `default`='' AND `language_help`='' AND `language_label`='typical carcinoid tumor' AND `language_tag`=''), '2', '89', 'histologic type - Neuroendocrine Carcinoma', '0', '', '0', '', '0', '', '0', '', '0', '', '0', '', '1', '0', '1', '0', '0', '0', '0', '0', '0', '0', '0', '0', '0', '1', '0'), 
((SELECT id FROM structures WHERE alias='qc_gastro_dxd_cap_pharynx'), (SELECT id FROM structure_fields WHERE `model`='DiagnosisDetail' AND `tablename`='qc_gastro_dxd_cap_pharynx' AND `field`='histo_atypical_carcinoid_tumor' AND `type`='checkbox' AND `structure_value_domain`  IS NULL  AND `flag_confidential`='0' AND `setting`='' AND `default`='' AND `language_help`='' AND `language_label`='atypical carcinoid tumor' AND `language_tag`=''), '2', '90', '', '0', '', '0', '', '0', '', '0', '', '0', '', '0', '', '1', '0', '1', '0', '0', '0', '0', '0', '0', '0', '0', '0', '0', '1', '0'), 
((SELECT id FROM structures WHERE alias='qc_gastro_dxd_cap_pharynx'), (SELECT id FROM structure_fields WHERE `model`='DiagnosisDetail' AND `tablename`='qc_gastro_dxd_cap_pharynx' AND `field`='histo_small_cell_carcinoma' AND `type`='checkbox' AND `structure_value_domain`  IS NULL  AND `flag_confidential`='0' AND `setting`='' AND `default`='' AND `language_help`='' AND `language_label`='small cell carcinoma' AND `language_tag`=''), '2', '91', '', '0', '', '0', '', '0', '', '0', '', '0', '', '0', '', '1', '0', '1', '0', '0', '0', '0', '0', '0', '0', '0', '0', '0', '1', '0'), 
((SELECT id FROM structures WHERE alias='qc_gastro_dxd_cap_pharynx'), (SELECT id FROM structure_fields WHERE `model`='DiagnosisDetail' AND `tablename`='qc_gastro_dxd_cap_pharynx' AND `field`='histo_combined_or_composite_small_cell_carcinoma' AND `type`='checkbox' AND `structure_value_domain`  IS NULL  AND `flag_confidential`='0' AND `setting`='' AND `default`='' AND `language_help`='' AND `language_label`='combined or composite small cell carcinoma' AND `language_tag`=''), '2', '92', '', '0', '', '0', '', '0', '', '0', '', '0', '', '0', '', '1', '0', '1', '0', '0', '0', '0', '0', '0', '0', '0', '0', '0', '1', '0'), 
((SELECT id FROM structures WHERE alias='qc_gastro_dxd_cap_pharynx'), (SELECT id FROM structure_fields WHERE `model`='DiagnosisDetail' AND `tablename`='qc_gastro_dxd_cap_pharynx' AND `field`='histo_mucosal_malignant_melanoma' AND `type`='checkbox' AND `structure_value_domain`  IS NULL  AND `flag_confidential`='0' AND `setting`='' AND `default`='' AND `language_help`='' AND `language_label`='mucosal malignant melanoma' AND `language_tag`=''), '2', '93', '', '0', '', '0', '', '0', '', '0', '', '0', '', '0', '', '1', '0', '1', '0', '0', '0', '0', '0', '0', '0', '0', '0', '0', '1', '0'), 
((SELECT id FROM structures WHERE alias='qc_gastro_dxd_cap_pharynx'), (SELECT id FROM structure_fields WHERE `model`='DiagnosisDetail' AND `tablename`='qc_gastro_dxd_cap_pharynx' AND `field`='histo_neuroendocrine_other_carcinoma' AND `type`='checkbox' AND `structure_value_domain`  IS NULL  AND `flag_confidential`='0' AND `setting`='' AND `default`='' AND `language_help`='' AND `language_label`='other carcinoma' AND `language_tag`=''), '2', '94', '', '0', '', '0', '', '0', '', '0', '', '0', '', '0', '', '1', '0', '1', '0', '0', '0', '0', '0', '0', '0', '0', '0', '0', '1', '0'), 
((SELECT id FROM structures WHERE alias='qc_gastro_dxd_cap_pharynx'), (SELECT id FROM structure_fields WHERE `model`='DiagnosisDetail' AND `tablename`='qc_gastro_dxd_cap_pharynx' AND `field`='histo_neuroendocrine_other_carcinoma_specify' AND `type`='input' AND `structure_value_domain`  IS NULL  AND `flag_confidential`='0' AND `setting`='' AND `default`='' AND `language_help`='' AND `language_label`='' AND `language_tag`='specify'), '2', '95', '', '0', '', '0', '', '0', '', '0', '', '0', '', '0', '', '1', '0', '1', '0', '0', '0', '0', '0', '0', '0', '0', '0', '0', '1', '0'), 
((SELECT id FROM structures WHERE alias='qc_gastro_dxd_cap_pharynx'), (SELECT id FROM structure_fields WHERE `model`='DiagnosisDetail' AND `tablename`='qc_gastro_dxd_cap_pharynx' AND `field`='histo_carcinoma_type_cannot_be_determined_b' AND `type`='checkbox' AND `structure_value_domain`  IS NULL  AND `flag_confidential`='0' AND `setting`='' AND `default`='' AND `language_help`='' AND `language_label`='carcinoma type cannot be determined' AND `language_tag`=''), '2', '96', '', '0', '', '0', '', '0', '', '0', '', '0', '', '0', '', '1', '0', '1', '0', '0', '0', '0', '0', '0', '0', '0', '0', '0', '1', '0'), 
((SELECT id FROM structures WHERE alias='qc_gastro_dxd_cap_pharynx'), (SELECT id FROM structure_fields WHERE `model`='DiagnosisDetail' AND `tablename`='qc_gastro_dxd_cap_pharynx' AND `field`='histo_grade' AND `type`='select' AND `structure_value_domain` =(SELECT id FROM structure_value_domains WHERE domain_name='histologic_grade_larynx')  AND `flag_confidential`='0' AND `setting`='' AND `default`='' AND `language_help`='' AND `language_label`='histologic grade' AND `language_tag`=''), '3', '97', '', '0', '', '0', '', '0', '', '0', '', '0', '', '0', '', '1', '0', '1', '0', '0', '0', '0', '0', '0', '0', '0', '0', '0', '1', '0'), 
((SELECT id FROM structures WHERE alias='qc_gastro_dxd_cap_pharynx'), (SELECT id FROM structure_fields WHERE `model`='DiagnosisDetail' AND `tablename`='qc_gastro_dxd_cap_pharynx' AND `field`='lymph_vascular_invasion' AND `type`='select' AND `structure_value_domain` =(SELECT id FROM structure_value_domains WHERE domain_name='lymph_vascular_invasion')  AND `flag_confidential`='0' AND `setting`='' AND `default`='' AND `language_help`='' AND `language_label`='lymph vascular invasion' AND `language_tag`=''), '3', '98', '', '0', '', '0', '', '0', '', '0', '', '0', '', '0', '', '1', '0', '1', '0', '0', '0', '0', '0', '0', '0', '0', '0', '0', '1', '0'), 
((SELECT id FROM structures WHERE alias='qc_gastro_dxd_cap_pharynx'), (SELECT id FROM structure_fields WHERE `model`='DiagnosisDetail' AND `tablename`='qc_gastro_dxd_cap_pharynx' AND `field`='perineural_invasion' AND `type`='select' AND `structure_value_domain` =(SELECT id FROM structure_value_domains WHERE domain_name='lymph_vascular_invasion')  AND `flag_confidential`='0' AND `setting`='' AND `default`='' AND `language_help`='' AND `language_label`='perineural invasion' AND `language_tag`=''), '3', '99', '', '0', '', '0', '', '0', '', '0', '', '0', '', '0', '', '1', '0', '1', '0', '0', '0', '0', '0', '0', '0', '0', '0', '0', '1', '0'), 
((SELECT id FROM structures WHERE alias='qc_gastro_dxd_cap_pharynx'), (SELECT id FROM structure_fields WHERE `model`='DiagnosisDetail' AND `tablename`='qc_gastro_dxd_cap_pharynx' AND `field`='tnm_descriptors_m' AND `type`='checkbox' AND `structure_value_domain`  IS NULL  AND `flag_confidential`='0' AND `setting`='' AND `default`='' AND `language_help`='' AND `language_label`='descriptors' AND `language_tag`='m'), '3', '100', 'pTNM', '0', '', '0', '', '0', '', '0', '', '0', '', '0', '', '1', '0', '1', '0', '0', '0', '0', '0', '0', '0', '0', '0', '0', '1', '0'), 
((SELECT id FROM structures WHERE alias='qc_gastro_dxd_cap_pharynx'), (SELECT id FROM structure_fields WHERE `model`='DiagnosisDetail' AND `tablename`='qc_gastro_dxd_cap_pharynx' AND `field`='tnm_descriptors_r' AND `type`='checkbox' AND `structure_value_domain`  IS NULL  AND `flag_confidential`='0' AND `setting`='' AND `default`='' AND `language_help`='' AND `language_label`='' AND `language_tag`='r'), '3', '101', '', '0', '', '0', '', '0', '', '0', '', '0', '', '0', '', '1', '0', '1', '0', '0', '0', '0', '0', '0', '0', '0', '0', '0', '1', '0'), 
((SELECT id FROM structures WHERE alias='qc_gastro_dxd_cap_pharynx'), (SELECT id FROM structure_fields WHERE `model`='DiagnosisDetail' AND `tablename`='qc_gastro_dxd_cap_pharynx' AND `field`='tnm_descriptors_y' AND `type`='checkbox' AND `structure_value_domain`  IS NULL  AND `flag_confidential`='0' AND `setting`='' AND `default`='' AND `language_help`='' AND `language_label`='' AND `language_tag`='y'), '3', '102', '', '0', '', '0', '', '0', '', '0', '', '0', '', '0', '', '1', '0', '1', '0', '0', '0', '0', '0', '0', '0', '0', '0', '0', '1', '0'), 
((SELECT id FROM structures WHERE alias='qc_gastro_dxd_cap_pharynx'), (SELECT id FROM structure_fields WHERE `model`='DiagnosisDetail' AND `tablename`='qc_gastro_dxd_cap_pharynx' AND `field`='pt' AND `type`='select' AND `structure_value_domain` =(SELECT id FROM structure_value_domains WHERE domain_name='qc_gastro_cap_pt_general')  AND `flag_confidential`='0' AND `setting`='' AND `default`='' AND `language_help`='' AND `language_label`='pt' AND `language_tag`=''), '3', '103', '', '0', '', '0', '', '0', '', '0', '', '0', '', '0', '', '1', '0', '1', '0', '0', '0', '0', '0', '0', '0', '0', '0', '0', '1', '0'), 
((SELECT id FROM structures WHERE alias='qc_gastro_dxd_cap_pharynx'), (SELECT id FROM structure_fields WHERE `model`='DiagnosisDetail' AND `tablename`='qc_gastro_dxd_cap_pharynx' AND `field`='pt_oropharynx' AND `type`='select' AND `structure_value_domain` =(SELECT id FROM structure_value_domains WHERE domain_name='qc_gastro_cap_pharynx_oro_pt')  AND `flag_confidential`='0' AND `setting`='' AND `default`='' AND `language_help`='' AND `language_label`='pt oropharynx' AND `language_tag`=''), '3', '104', '', '0', '', '0', '', '0', '', '0', '', '0', '', '0', '', '1', '0', '1', '0', '0', '0', '0', '0', '0', '0', '0', '0', '0', '1', '0'), 
((SELECT id FROM structures WHERE alias='qc_gastro_dxd_cap_pharynx'), (SELECT id FROM structure_fields WHERE `model`='DiagnosisDetail' AND `tablename`='qc_gastro_dxd_cap_pharynx' AND `field`='pt_nasopharynx' AND `type`='select' AND `structure_value_domain` =(SELECT id FROM structure_value_domains WHERE domain_name='qc_gastro_cap_pharynx_naso_pt')  AND `flag_confidential`='0' AND `setting`='' AND `default`='' AND `language_help`='' AND `language_label`='pt nasopharynx' AND `language_tag`=''), '3', '105', '', '0', '', '0', '', '0', '', '0', '', '0', '', '0', '', '1', '0', '1', '0', '0', '0', '0', '0', '0', '0', '0', '0', '0', '1', '0'), 
((SELECT id FROM structures WHERE alias='qc_gastro_dxd_cap_pharynx'), (SELECT id FROM structure_fields WHERE `model`='DiagnosisDetail' AND `tablename`='qc_gastro_dxd_cap_pharynx' AND `field`='pt_hypopharynx' AND `type`='select' AND `structure_value_domain` =(SELECT id FROM structure_value_domains WHERE domain_name='qc_gastro_cap_pharynx_hypo_pt')  AND `flag_confidential`='0' AND `setting`='' AND `default`='' AND `language_help`='' AND `language_label`='pt hypopharynx' AND `language_tag`=''), '3', '106', '', '0', '', '0', '', '0', '', '0', '', '0', '', '0', '', '1', '0', '1', '0', '0', '0', '0', '0', '0', '0', '0', '0', '0', '1', '0'), 
((SELECT id FROM structures WHERE alias='qc_gastro_dxd_cap_pharynx'), (SELECT id FROM structure_fields WHERE `model`='DiagnosisDetail' AND `tablename`='qc_gastro_dxd_cap_pharynx' AND `field`='pn' AND `type`='select' AND `structure_value_domain` =(SELECT id FROM structure_value_domains WHERE domain_name='qc_gastro_cap_pharynx_pn')  AND `flag_confidential`='0' AND `setting`='' AND `default`='' AND `language_help`='' AND `language_label`='pn' AND `language_tag`=''), '3', '107', '', '0', '', '0', '', '0', '', '0', '', '0', '', '0', '', '1', '0', '1', '0', '0', '0', '0', '0', '0', '0', '0', '0', '0', '1', '0'), 
((SELECT id FROM structures WHERE alias='qc_gastro_dxd_cap_pharynx'), (SELECT id FROM structure_fields WHERE `model`='DiagnosisDetail' AND `tablename`='qc_gastro_dxd_cap_pharynx' AND `field`='pn_oro_and_hypo' AND `type`='select' AND `structure_value_domain` =(SELECT id FROM structure_value_domains WHERE domain_name='qc_gastro_cap_pharynx_oro_hypo_pn')  AND `flag_confidential`='0' AND `setting`='' AND `default`='' AND `language_help`='' AND `language_label`='pn oro and hypo' AND `language_tag`=''), '3', '108', '', '0', '', '0', '', '0', '', '0', '', '0', '', '0', '', '1', '0', '1', '0', '0', '0', '0', '0', '0', '0', '0', '0', '0', '1', '0'), 
((SELECT id FROM structures WHERE alias='qc_gastro_dxd_cap_pharynx'), (SELECT id FROM structure_fields WHERE `model`='DiagnosisDetail' AND `tablename`='qc_gastro_dxd_cap_pharynx' AND `field`='number_oro_hypo_nodes_examined' AND `type`='integer_positive' AND `structure_value_domain`  IS NULL  AND `flag_confidential`='0' AND `setting`='' AND `default`='' AND `language_help`='' AND `language_label`='number of Oro. and Hypo. nodes examined' AND `language_tag`=''), '3', '109', '', '0', '', '0', '', '0', '', '0', '', '0', '', '0', '', '1', '0', '1', '0', '0', '0', '0', '0', '0', '0', '0', '0', '0', '1', '0'), 
((SELECT id FROM structures WHERE alias='qc_gastro_dxd_cap_pharynx'), (SELECT id FROM structure_fields WHERE `model`='DiagnosisDetail' AND `tablename`='qc_gastro_dxd_cap_pharynx' AND `field`='number_oro_hypo_nodes_examined_cannot_be_determined' AND `type`='checkbox' AND `structure_value_domain`  IS NULL  AND `flag_confidential`='0' AND `setting`='' AND `default`='' AND `language_help`='' AND `language_label`='number of Oro. and Hypo. nodes examined cannot be determined' AND `language_tag`=''), '3', '110', '', '0', '', '0', '', '0', '', '0', '', '0', '', '0', '', '1', '0', '1', '0', '0', '0', '0', '0', '0', '0', '0', '0', '0', '1', '0'), 
((SELECT id FROM structures WHERE alias='qc_gastro_dxd_cap_pharynx'), (SELECT id FROM structure_fields WHERE `model`='DiagnosisDetail' AND `tablename`='qc_gastro_dxd_cap_pharynx' AND `field`='number_oro_hypo_nodes_examined_cannot_be_determined_explain' AND `type`='input' AND `structure_value_domain`  IS NULL  AND `flag_confidential`='0' AND `setting`='' AND `default`='' AND `language_help`='' AND `language_label`='' AND `language_tag`='explain'), '3', '111', '', '0', '', '0', '', '0', '', '0', '', '0', '', '0', '', '1', '0', '1', '0', '0', '0', '0', '0', '0', '0', '0', '0', '0', '1', '0'), 
((SELECT id FROM structures WHERE alias='qc_gastro_dxd_cap_pharynx'), (SELECT id FROM structure_fields WHERE `model`='DiagnosisDetail' AND `tablename`='qc_gastro_dxd_cap_pharynx' AND `field`='number_oro_hypo_nodes_involved' AND `type`='integer_positive' AND `structure_value_domain`  IS NULL  AND `flag_confidential`='0' AND `setting`='' AND `default`='' AND `language_help`='' AND `language_label`='number of Oro. and Hypo. nodes involved' AND `language_tag`=''), '3', '112', '', '0', '', '0', '', '0', '', '0', '', '0', '', '0', '', '1', '0', '1', '0', '0', '0', '0', '0', '0', '0', '0', '0', '0', '1', '0'), 
((SELECT id FROM structures WHERE alias='qc_gastro_dxd_cap_pharynx'), (SELECT id FROM structure_fields WHERE `model`='DiagnosisDetail' AND `tablename`='qc_gastro_dxd_cap_pharynx' AND `field`='number_oro_hypo_nodes_involved_cannot_be_determined' AND `type`='checkbox' AND `structure_value_domain`  IS NULL  AND `flag_confidential`='0' AND `setting`='' AND `default`='' AND `language_help`='' AND `language_label`='number of Oro. and Hypo. nodes involved cannot be determined' AND `language_tag`=''), '3', '113', '', '0', '', '0', '', '0', '', '0', '', '0', '', '0', '', '1', '0', '1', '0', '0', '0', '0', '0', '0', '0', '0', '0', '0', '1', '0'), 
((SELECT id FROM structures WHERE alias='qc_gastro_dxd_cap_pharynx'), (SELECT id FROM structure_fields WHERE `model`='DiagnosisDetail' AND `tablename`='qc_gastro_dxd_cap_pharynx' AND `field`='number_oro_hypo_nodes_involved_cannot_be_determined_explain' AND `type`='input' AND `structure_value_domain`  IS NULL  AND `flag_confidential`='0' AND `setting`='' AND `default`='' AND `language_help`='' AND `language_label`='' AND `language_tag`='explain'), '3', '114', '', '0', '', '0', '', '0', '', '0', '', '0', '', '0', '', '1', '0', '1', '0', '0', '0', '0', '0', '0', '0', '0', '0', '0', '1', '0'), 
((SELECT id FROM structures WHERE alias='qc_gastro_dxd_cap_pharynx'), (SELECT id FROM structure_fields WHERE `model`='DiagnosisDetail' AND `tablename`='qc_gastro_dxd_cap_pharynx' AND `field`='size_greatest_dimension_largest_pos_lymph_oro_hypo_node' AND `type`='float_positive' AND `structure_value_domain`  IS NULL  AND `flag_confidential`='0' AND `setting`='' AND `default`='' AND `language_help`='' AND `language_label`='size (greatest dimension) of the  largest positive Oro. and Hypo. lymph node' AND `language_tag`=''), '3', '115', '', '0', '', '0', '', '0', '', '0', '', '0', '', '0', '', '1', '0', '1', '0', '0', '0', '0', '0', '0', '0', '0', '0', '0', '1', '0'), 
((SELECT id FROM structures WHERE alias='qc_gastro_dxd_cap_pharynx'), (SELECT id FROM structure_fields WHERE `model`='DiagnosisDetail' AND `tablename`='qc_gastro_dxd_cap_pharynx' AND `field`='pn_regional_naso' AND `type`='select' AND `structure_value_domain` =(SELECT id FROM structure_value_domains WHERE domain_name='qc_gastro_cap_pharynx_naso_pn')  AND `flag_confidential`='0' AND `setting`='' AND `default`='' AND `language_help`='' AND `language_label`='pn nasopharynx' AND `language_tag`=''), '3', '116', '', '0', '', '0', '', '0', '', '0', '', '0', '', '0', '', '1', '0', '1', '0', '0', '0', '0', '0', '0', '0', '0', '0', '0', '1', '0'), 
((SELECT id FROM structures WHERE alias='qc_gastro_dxd_cap_pharynx'), (SELECT id FROM structure_fields WHERE `model`='DiagnosisDetail' AND `tablename`='qc_gastro_dxd_cap_pharynx' AND `field`='number_naso_nodes_examined' AND `type`='integer_positive' AND `structure_value_domain`  IS NULL  AND `flag_confidential`='0' AND `setting`='' AND `default`='' AND `language_help`='' AND `language_label`='number of Naso. nodes examined' AND `language_tag`=''), '3', '117', '', '0', '', '0', '', '0', '', '0', '', '0', '', '0', '', '1', '0', '1', '0', '0', '0', '0', '0', '0', '0', '0', '0', '0', '1', '0'), 
((SELECT id FROM structures WHERE alias='qc_gastro_dxd_cap_pharynx'), (SELECT id FROM structure_fields WHERE `model`='DiagnosisDetail' AND `tablename`='qc_gastro_dxd_cap_pharynx' AND `field`='number_naso_nodes_examined_cannot_be_determined' AND `type`='checkbox' AND `structure_value_domain`  IS NULL  AND `flag_confidential`='0' AND `setting`='' AND `default`='' AND `language_help`='' AND `language_label`='number of Naso. nodes examined cannot be determined' AND `language_tag`=''), '3', '118', '', '0', '', '0', '', '0', '', '0', '', '0', '', '0', '', '1', '0', '1', '0', '0', '0', '0', '0', '0', '0', '0', '0', '0', '1', '0'), 
((SELECT id FROM structures WHERE alias='qc_gastro_dxd_cap_pharynx'), (SELECT id FROM structure_fields WHERE `model`='DiagnosisDetail' AND `tablename`='qc_gastro_dxd_cap_pharynx' AND `field`='number_naso_nodes_examined_cannot_be_determined_explain' AND `type`='input' AND `structure_value_domain`  IS NULL  AND `flag_confidential`='0' AND `setting`='' AND `default`='' AND `language_help`='' AND `language_label`='' AND `language_tag`='explain'), '3', '119', '', '0', '', '0', '', '0', '', '0', '', '0', '', '0', '', '1', '0', '1', '0', '0', '0', '0', '0', '0', '0', '0', '0', '0', '1', '0'), 
((SELECT id FROM structures WHERE alias='qc_gastro_dxd_cap_pharynx'), (SELECT id FROM structure_fields WHERE `model`='DiagnosisDetail' AND `tablename`='qc_gastro_dxd_cap_pharynx' AND `field`='number_naso_nodes_involved' AND `type`='integer_positive' AND `structure_value_domain`  IS NULL  AND `flag_confidential`='0' AND `setting`='' AND `default`='' AND `language_help`='' AND `language_label`='number of Naso. nodes involved' AND `language_tag`=''), '3', '120', '', '0', '', '0', '', '0', '', '0', '', '0', '', '0', '', '1', '0', '1', '0', '0', '0', '0', '0', '0', '0', '0', '0', '0', '1', '0'), 
((SELECT id FROM structures WHERE alias='qc_gastro_dxd_cap_pharynx'), (SELECT id FROM structure_fields WHERE `model`='DiagnosisDetail' AND `tablename`='qc_gastro_dxd_cap_pharynx' AND `field`='number_naso_nodes_involved_cannot_be_determined' AND `type`='checkbox' AND `structure_value_domain`  IS NULL  AND `flag_confidential`='0' AND `setting`='' AND `default`='' AND `language_help`='' AND `language_label`='number of Naso. nodes involved cannot be determined' AND `language_tag`=''), '3', '121', '', '0', '', '0', '', '0', '', '0', '', '0', '', '0', '', '1', '0', '1', '0', '0', '0', '0', '0', '0', '0', '0', '0', '0', '1', '0'), 
((SELECT id FROM structures WHERE alias='qc_gastro_dxd_cap_pharynx'), (SELECT id FROM structure_fields WHERE `model`='DiagnosisDetail' AND `tablename`='qc_gastro_dxd_cap_pharynx' AND `field`='number_naso_nodes_involved_cannot_be_determined_explain' AND `type`='input' AND `structure_value_domain`  IS NULL  AND `flag_confidential`='0' AND `setting`='' AND `default`='' AND `language_help`='' AND `language_label`='' AND `language_tag`='explain'), '3', '122', '', '0', '', '0', '', '0', '', '0', '', '0', '', '0', '', '1', '0', '1', '0', '0', '0', '0', '0', '0', '0', '0', '0', '0', '1', '0'), 
((SELECT id FROM structures WHERE alias='qc_gastro_dxd_cap_pharynx'), (SELECT id FROM structure_fields WHERE `model`='DiagnosisDetail' AND `tablename`='qc_gastro_dxd_cap_pharynx' AND `field`='pm' AND `type`='select' AND `structure_value_domain` =(SELECT id FROM structure_value_domains WHERE domain_name='qc_gastro_cap_pharynx_pm')  AND `flag_confidential`='0' AND `setting`='' AND `default`='' AND `language_help`='' AND `language_label`='pm' AND `language_tag`=''), '3', '123', '', '0', '', '0', '', '0', '', '0', '', '0', '', '0', '', '1', '0', '1', '0', '0', '0', '0', '0', '0', '0', '0', '0', '0', '1', '0'), 
((SELECT id FROM structures WHERE alias='qc_gastro_dxd_cap_pharynx'), (SELECT id FROM structure_fields WHERE `model`='DiagnosisDetail' AND `tablename`='qc_gastro_dxd_cap_pharynx' AND `field`='pm_site' AND `type`='input' AND `structure_value_domain`  IS NULL  AND `flag_confidential`='0' AND `setting`='' AND `default`='' AND `language_help`='' AND `language_label`='' AND `language_tag`='site'), '3', '124', '', '0', '', '0', '', '0', '', '0', '', '0', '', '0', '', '1', '0', '1', '0', '0', '0', '0', '0', '0', '0', '0', '0', '0', '1', '0'), 
((SELECT id FROM structures WHERE alias='qc_gastro_dxd_cap_pharynx'), (SELECT id FROM structure_fields WHERE `model`='DiagnosisDetail' AND `tablename`='qc_gastro_dxd_cap_pharynx' AND `field`='pm_source' AND `type`='input' AND `structure_value_domain`  IS NULL  AND `flag_confidential`='0' AND `setting`='' AND `default`='' AND `language_help`='' AND `language_label`='' AND `language_tag`='source'), '3', '125', '', '0', '', '0', '', '0', '', '0', '', '0', '', '0', '', '1', '0', '1', '0', '0', '0', '0', '0', '0', '0', '0', '0', '0', '1', '0'), 
((SELECT id FROM structures WHERE alias='qc_gastro_dxd_cap_pharynx'), (SELECT id FROM structure_fields WHERE `model`='DiagnosisDetail' AND `tablename`='qc_gastro_dxd_cap_pharynx' AND `field`='pt_mucosal' AND `type`='select' AND `structure_value_domain` =(SELECT id FROM structure_value_domains WHERE domain_name='qc_gastro_cmucosal_pt')  AND `flag_confidential`='0' AND `setting`='' AND `default`='' AND `language_help`='' AND `language_label`='pt mucosal' AND `language_tag`=''), '3', '126', '', '0', '', '0', '', '0', '', '0', '', '0', '', '0', '', '1', '0', '1', '0', '0', '0', '0', '0', '0', '0', '0', '0', '0', '1', '0'), 
((SELECT id FROM structures WHERE alias='qc_gastro_dxd_cap_pharynx'), (SELECT id FROM structure_fields WHERE `model`='DiagnosisDetail' AND `tablename`='qc_gastro_dxd_cap_pharynx' AND `field`='pn_mucosal' AND `type`='select' AND `structure_value_domain` =(SELECT id FROM structure_value_domains WHERE domain_name='qc_gastro_cmucosal_pn')  AND `flag_confidential`='0' AND `setting`='' AND `default`='' AND `language_help`='' AND `language_label`='pn mucosal' AND `language_tag`=''), '3', '127', '', '0', '', '0', '', '0', '', '0', '', '0', '', '0', '', '1', '0', '1', '0', '0', '0', '0', '0', '0', '0', '0', '0', '0', '1', '0'), 
((SELECT id FROM structures WHERE alias='qc_gastro_dxd_cap_pharynx'), (SELECT id FROM structure_fields WHERE `model`='DiagnosisDetail' AND `tablename`='qc_gastro_dxd_cap_pharynx' AND `field`='pm_mucosal' AND `type`='select' AND `structure_value_domain` =(SELECT id FROM structure_value_domains WHERE domain_name='qc_gastro_cmucosal_pm')  AND `flag_confidential`='0' AND `setting`='' AND `default`='' AND `language_help`='' AND `language_label`='pm mucosal' AND `language_tag`=''), '3', '128', '', '0', '', '0', '', '0', '', '0', '', '0', '', '0', '', '1', '0', '1', '0', '0', '0', '0', '0', '0', '0', '0', '0', '0', '1', '0'), 
((SELECT id FROM structures WHERE alias='qc_gastro_dxd_cap_pharynx'), (SELECT id FROM structure_fields WHERE `model`='DiagnosisDetail' AND `tablename`='qc_gastro_dxd_cap_pharynx' AND `field`='pm_mucosal_site' AND `type`='input' AND `structure_value_domain`  IS NULL  AND `flag_confidential`='0' AND `setting`='' AND `default`='' AND `language_help`='' AND `language_label`='' AND `language_tag`='site'), '3', '129', '', '0', '', '0', '', '0', '', '0', '', '0', '', '0', '', '1', '0', '1', '0', '0', '0', '0', '0', '0', '0', '0', '0', '0', '1', '0'), 
((SELECT id FROM structures WHERE alias='qc_gastro_dxd_cap_pharynx'), (SELECT id FROM structure_fields WHERE `model`='DiagnosisDetail' AND `tablename`='qc_gastro_dxd_cap_pharynx' AND `field`='pm_mucosal_source' AND `type`='input' AND `structure_value_domain`  IS NULL  AND `flag_confidential`='0' AND `setting`='' AND `default`='' AND `language_help`='' AND `language_label`='' AND `language_tag`='source'), '3', '130', '', '0', '', '0', '', '0', '', '0', '', '0', '', '0', '', '1', '0', '1', '0', '0', '0', '0', '0', '0', '0', '0', '0', '0', '1', '0');


CREATE TABLE qc_gastro_dxd_cap_lip_oral(
 id INT UNSIGNED NOT NULL AUTO_INCREMENT PRIMARY KEY,
 diagnosis_master_id INT NOT NULL,
 specimen_is_vermilion_border_upper_lip CHAR(1) NOT NULL DEFAULT '',
 specimen_is_vermilion_border_lower_lip CHAR(1) NOT NULL DEFAULT '',
 specimen_is_mucosa_of_upper_lip CHAR(1) NOT NULL DEFAULT '',
 specimen_is_mucosa_of_lower_lip CHAR(1) NOT NULL DEFAULT '',
 specimen_is_commissure_of_lip CHAR(1) NOT NULL DEFAULT '',
 specimen_is_lateral_border_of_tongue CHAR(1) NOT NULL DEFAULT '',
 specimen_is_ventral_surface_of_tongue_nos CHAR(1) NOT NULL DEFAULT '',
 specimen_is_dorsal_surface_of_tongue_nos CHAR(1) NOT NULL DEFAULT '',
 specimen_is_anterior_two_thirds_of_tongue_nos CHAR(1) NOT NULL DEFAULT '',
 specimen_is_upper_gingiva_gum CHAR(1) NOT NULL DEFAULT '',
 specimen_is_lower_gingiva_gum CHAR(1) NOT NULL DEFAULT '',
 specimen_is_anterior_floor_of_mouth CHAR(1) NOT NULL DEFAULT '',
 specimen_is_floor_of_mouth_nos CHAR(1) NOT NULL DEFAULT '',
 specimen_is_hard_palate CHAR(1) NOT NULL DEFAULT '',
 specimen_is_buccal_mucosa_inner_cheek CHAR(1) NOT NULL DEFAULT '',
 specimen_is_vestibule_of_mouth CHAR(1) NOT NULL DEFAULT '',
 specimen_is_vestibule_of_mouth_upper CHAR(1) NOT NULL DEFAULT '',
 specimen_is_vestibule_of_mouth_lower CHAR(1) NOT NULL DEFAULT '',
 specimen_is_alveolar_process CHAR(1) NOT NULL DEFAULT '',
 specimen_is_alveolar_process_upper CHAR(1) NOT NULL DEFAULT '',
 specimen_is_alveolar_process_lower CHAR(1) NOT NULL DEFAULT '',
 specimen_is_mandible CHAR(1) NOT NULL DEFAULT '',
 specimen_is_maxilla CHAR(1) NOT NULL DEFAULT '',
 specimen_is_other CHAR(1) NOT NULL DEFAULT '',
 specimen_is_other_specify VARCHAR(50) NOT NULL DEFAULT '',
 specimen_is_not_specified CHAR(1) NOT NULL DEFAULT '',
 procedure_is_incisional_biopsy CHAR(1) NOT NULL DEFAULT '',
 procedure_is_excisional_biopsy CHAR(1) NOT NULL DEFAULT '',
 procedure_is_resection CHAR(1) NOT NULL DEFAULT '',
 procedure_is_resection_glossectomy CHAR(1) NOT NULL DEFAULT '',
 procedure_is_resection_glossectomy_specify VARCHAR(50) NOT NULL DEFAULT '',
 procedure_is_resection_mandibulectomy CHAR(1) NOT NULL DEFAULT '',
 procedure_is_resection_mandibulectomy_specify VARCHAR(50) NOT NULL DEFAULT '',
 procedure_is_resection_maxillectomy CHAR(1) NOT NULL DEFAULT '',
 procedure_is_resection_maxillectomy_specify VARCHAR(50) NOT NULL DEFAULT '',
 procedure_is_resection_palatectomy CHAR(1) NOT NULL DEFAULT '',
 procedure_is_neck_lymph_node_dissection CHAR(1) NOT NULL DEFAULT '',
 procedure_is_neck_lymph_node_dissection_specify VARCHAR(50) NOT NULL DEFAULT '',
 procedure_is_other CHAR(1) NOT NULL DEFAULT '',
 procedure_is_other_specify VARCHAR(50) NOT NULL DEFAULT '',
 procedure_is_not_specified CHAR(1) NOT NULL DEFAULT '',
 laterality_is_right CHAR(1) NOT NULL DEFAULT '',
 laterality_is_left CHAR(1) NOT NULL DEFAULT '',
 laterality_is_bilateral CHAR(1) NOT NULL DEFAULT '',
 laterality_is_midline CHAR(1) NOT NULL DEFAULT '',
 laterality_is_not_specified CHAR(1) NOT NULL DEFAULT '',
 site_is_vermilion_border_upper_lip CHAR(1) NOT NULL DEFAULT '',
 site_is_vermilion_border_lower_lip CHAR(1) NOT NULL DEFAULT '',
 site_is_mucosa_of_upper_lip CHAR(1) NOT NULL DEFAULT '',
 site_is_mucosa_of_lower_lip CHAR(1) NOT NULL DEFAULT '',
 site_is_commissure_of_lip CHAR(1) NOT NULL DEFAULT '',
 site_is_lateral_border_of_tongue CHAR(1) NOT NULL DEFAULT '',
 site_is_ventral_surface_of_tongue_nos CHAR(1) NOT NULL DEFAULT '',
 site_is_dorsal_surface_of_tongue_nos CHAR(1) NOT NULL DEFAULT '',
 site_is_anterior_two_thirds_of_tongue_nos CHAR(1) NOT NULL DEFAULT '',
 site_is_upper_gingiva_gum CHAR(1) NOT NULL DEFAULT '',
 site_is_lower_gingiva_gum CHAR(1) NOT NULL DEFAULT '',
 site_is_anterior_floor_of_mouth CHAR(1) NOT NULL DEFAULT '',
 site_is_floor_of_mouth_nos CHAR(1) NOT NULL DEFAULT '',
 site_is_hard_palate CHAR(1) NOT NULL DEFAULT '',
 site_is_buccal_mucosa_inner_cheek CHAR(1) NOT NULL DEFAULT '',
 site_is_vestibule_of_mouth CHAR(1) NOT NULL DEFAULT '',
 site_is_vestibule_of_mouth_upper CHAR(1) NOT NULL DEFAULT '',
 site_is_vestibule_of_mouth_lower CHAR(1) NOT NULL DEFAULT '',
 site_is_alveolar_process CHAR(1) NOT NULL DEFAULT '',
 site_is_alveolar_process_upper CHAR(1) NOT NULL DEFAULT '',
 site_is_alveolar_process_lower CHAR(1) NOT NULL DEFAULT '',
 site_is_mandible CHAR(1) NOT NULL DEFAULT '',
 site_is_maxilla CHAR(1) NOT NULL DEFAULT '',
 site_is_other CHAR(1) NOT NULL DEFAULT '',
 site_is_other_specify VARCHAR(50) NOT NULL DEFAULT '',
 site_is_not_specified CHAR(1) NOT NULL DEFAULT '',
 tumor_size_cannot_determine CHAR(1) NOT NULL DEFAULT '',
 tumor_greatest_cm FLOAT UNSIGNED DEFAULT NULL,
 tumor_size_add1_cm FLOAT UNSIGNED DEFAULT NULL,
 tumor_size_add2_cm FLOAT UNSIGNED DEFAULT NULL,
 histo_squamous_cell_carcinoma_conventional CHAR(1) NOT NULL DEFAULT '',
 histo_acantholytic_squamous_cell_carcinoma CHAR(1) NOT NULL DEFAULT '',
 histo_adenosquamous_carcinoma CHAR(1) NOT NULL DEFAULT '',
 histo_basaloid_squamous_cell_carcinoma CHAR(1) NOT NULL DEFAULT '',
 histo_carcinoma_cuniculatum CHAR(1) NOT NULL DEFAULT '',
 histo_papillary_squamous_cell_carcinoma CHAR(1) NOT NULL DEFAULT '',
 histo_spindle_cell_squamous_carcinoma CHAR(1) NOT NULL DEFAULT '',
 histo_verrucous_carcinoma CHAR(1) NOT NULL DEFAULT '',
 histo_lymphoepithelial_carcinoma_non_nasopharyngeal CHAR(1) NOT NULL DEFAULT '',
 histo_acinic_cell_carcinoma CHAR(1) NOT NULL DEFAULT '',
 histo_adenoid_cystic_carcinoma CHAR(1) NOT NULL DEFAULT '',
 histo_adenocarcinoma_not_otherwise_specified_nos CHAR(1) NOT NULL DEFAULT '',
 histo_adenocarcinoma_low_grade CHAR(1) NOT NULL DEFAULT '',
 histo_adenocarcinoma_intermediate_grade CHAR(1) NOT NULL DEFAULT '',
 histo_adenocarcinoma_high_grade CHAR(1) NOT NULL DEFAULT '',
 histo_basal_cell_adenocarcinoma CHAR(1) NOT NULL DEFAULT '',
 histo_carcinoma_ex_pleomorphic_adenoma_malignant_mixed_tumor CHAR(1) NOT NULL DEFAULT '',
 histo_carcinoma_ex_pleomorphic_low_grade CHAR(1) NOT NULL DEFAULT '',
 histo_carcinoma_ex_pleomorphic_high_grade CHAR(1) NOT NULL DEFAULT '',
 histo_carcinoma_ex_pleomorphic_invasive CHAR(1) NOT NULL DEFAULT '',
 histo_car_ex_pleo_inv_min_inv_note_c CHAR(1) NOT NULL DEFAULT '',
 histo_car_ex_pleo_inv_inv_note_c CHAR(1) NOT NULL DEFAULT '',
 histo_car_ex_pleo_intracapsular_noninvasive CHAR(1) NOT NULL DEFAULT '',
 histo_carcinoma_type_cannot_be_determined CHAR(1) NOT NULL DEFAULT '',
 histo_carcinosarcoma CHAR(1) NOT NULL DEFAULT '',
 histo_clear_cell_adenocarcinoma CHAR(1) NOT NULL DEFAULT '',
 histo_cystadenocarcinoma CHAR(1) NOT NULL DEFAULT '',
 histo_epithelial_myoepithelial_carcinoma CHAR(1) NOT NULL DEFAULT '',
 histo_mucoepidermoid_carcinoma CHAR(1) NOT NULL DEFAULT '',
 histo_mucoepidermoid_low_grade CHAR(1) NOT NULL DEFAULT '',
 histo_mucoepidermoid_intermediate_grade CHAR(1) NOT NULL DEFAULT '',
 histo_mucoepidermoid_high_grade CHAR(1) NOT NULL DEFAULT '',
 histo_mucinous_adenocarcinoma_colloid_carcinoma CHAR(1) NOT NULL DEFAULT '',
 histo_myoepithelial_carcinoma_malignant_myoepithelioma CHAR(1) NOT NULL DEFAULT '',
 histo_oncocytic_carcinoma CHAR(1) NOT NULL DEFAULT '',
 histo_polymorphous_low_grade_adenocarcinoma CHAR(1) NOT NULL DEFAULT '',
 histo_salivary_duct_carcinoma CHAR(1) NOT NULL DEFAULT '',
 histo_other CHAR(1) NOT NULL DEFAULT '',
 histo_other_specify VARCHAR(50) NOT NULL DEFAULT '',
 histo_adenocarcinoma_not_otherwise_specified_nos_b CHAR(1) NOT NULL DEFAULT '',
 histo_adenocarcinoma_b_low_grade CHAR(1) NOT NULL DEFAULT '',
 histo_adenocarcinoma_b_intermediate_grade CHAR(1) NOT NULL DEFAULT '',
 histo_adenocarcinoma_b_high_grade CHAR(1) NOT NULL DEFAULT '',
 histo_other_b CHAR(1) NOT NULL DEFAULT '',
 histo_other_b_specify VARCHAR(50) NOT NULL DEFAULT '',
 histo_typical_carcinoid_tumor CHAR(1) NOT NULL DEFAULT '',
 histo_atypical_carcinoid_tumor CHAR(1) NOT NULL DEFAULT '',
 histo_small_cell_carcinoma CHAR(1) NOT NULL DEFAULT '',
 histo_combined_or_composite_small_cell_carcinoma CHAR(1) NOT NULL DEFAULT '',
 histo_other_c CHAR(1) NOT NULL DEFAULT '',
 histo_other_c_specify VARCHAR(50) NOT NULL DEFAULT '',
 histo_carcinoma_type_cannot_be_determined_b CHAR(1) NOT NULL DEFAULT '',
 histo_mucosal_malignant_melanoma CHAR(1) NOT NULL DEFAULT '',
 histo_grade VARCHAR(20) NOT NULL DEFAULT '',
 histo_grade_specify VARCHAR(50) NOT NULL DEFAULT '',
 lymph_vascular_invasion VARCHAR(20) NOT NULL DEFAULT '',
 perineural_invasion VARCHAR(20) NOT NULL DEFAULT '',
 tnm_descriptors_m CHAR(1) NOT NULL DEFAULT '',
 tnm_descriptors_r CHAR(1) NOT NULL DEFAULT '',
 tnm_descriptors_y CHAR(1) NOT NULL DEFAULT '',
 pt VARCHAR(10) NOT NULL DEFAULT '',
 pn VARCHAR(10) NOT NULL DEFAULT '',
 number_of_lymph_nodes_examined INT UNSIGNED DEFAULT NULL,
 number_of_lymph_nodes_examined_cannot_be_determined CHAR(1) NOT NULL DEFAULT '',
 number_of_lymph_nodes_examined_cannot_be_determined_specify VARCHAR(50) NOT NULL DEFAULT '',
 number_of_lymph_nodes_involved INT UNSIGNED DEFAULT NULL,
 number_of_lymph_nodes_involved_cannot_be_determined CHAR(1) NOT NULL DEFAULT '',
 number_of_lymph_nodes_involved_cannot_be_determined_specify VARCHAR(50) NOT NULL DEFAULT '',
 size_greatest_dimension_largest_positiev_lymph_node FLOAT UNSIGNED DEFAULT NULL,
 pm VARCHAR(10) NOT NULL DEFAULT '',
 pm_site VARCHAR(50) NOT NULL DEFAULT '',
 pm_source VARCHAR(50) NOT NULL DEFAULT '',
 pt_mucosal VARCHAR(10) NOT NULL DEFAULT '',
 pn_mucosal VARCHAR(10) NOT NULL DEFAULT '',
 pm_mucosal VARCHAR(10) NOT NULL DEFAULT '',
 pm_mucosal_site VARCHAR(50) NOT NULL DEFAULT '',
 pm_mucosal_source VARCHAR(50) NOT NULL DEFAULT '',
 deleted BOOLEAN NOT NULL DEFAULT FALSE,
 FOREIGN KEY (diagnosis_master_id) REFERENCES diagnosis_masters(id)
)Engine=InnoDb;
CREATE TABLE qc_gastro_dxd_cap_lip_oral_revs(
 id INT UNSIGNED NOT NULL AUTO_INCREMENT PRIMARY KEY,
 diagnosis_master_id INT NOT NULL,
 specimen_is_vermilion_border_upper_lip CHAR(1) NOT NULL DEFAULT '',
 specimen_is_vermilion_border_lower_lip CHAR(1) NOT NULL DEFAULT '',
 specimen_is_mucosa_of_upper_lip CHAR(1) NOT NULL DEFAULT '',
 specimen_is_mucosa_of_lower_lip CHAR(1) NOT NULL DEFAULT '',
 specimen_is_commissure_of_lip CHAR(1) NOT NULL DEFAULT '',
 specimen_is_lateral_border_of_tongue CHAR(1) NOT NULL DEFAULT '',
 specimen_is_ventral_surface_of_tongue_nos CHAR(1) NOT NULL DEFAULT '',
 specimen_is_dorsal_surface_of_tongue_nos CHAR(1) NOT NULL DEFAULT '',
 specimen_is_anterior_two_thirds_of_tongue_nos CHAR(1) NOT NULL DEFAULT '',
 specimen_is_upper_gingiva_gum CHAR(1) NOT NULL DEFAULT '',
 specimen_is_lower_gingiva_gum CHAR(1) NOT NULL DEFAULT '',
 specimen_is_anterior_floor_of_mouth CHAR(1) NOT NULL DEFAULT '',
 specimen_is_floor_of_mouth_nos CHAR(1) NOT NULL DEFAULT '',
 specimen_is_hard_palate CHAR(1) NOT NULL DEFAULT '',
 specimen_is_buccal_mucosa_inner_cheek CHAR(1) NOT NULL DEFAULT '',
 specimen_is_vestibule_of_mouth CHAR(1) NOT NULL DEFAULT '',
 specimen_is_vestibule_of_mouth_upper CHAR(1) NOT NULL DEFAULT '',
 specimen_is_vestibule_of_mouth_lower CHAR(1) NOT NULL DEFAULT '',
 specimen_is_alveolar_process CHAR(1) NOT NULL DEFAULT '',
 specimen_is_alveolar_process_upper CHAR(1) NOT NULL DEFAULT '',
 specimen_is_alveolar_process_lower CHAR(1) NOT NULL DEFAULT '',
 specimen_is_mandible CHAR(1) NOT NULL DEFAULT '',
 specimen_is_maxilla CHAR(1) NOT NULL DEFAULT '',
 specimen_is_other CHAR(1) NOT NULL DEFAULT '',
 specimen_is_other_specify VARCHAR(50) NOT NULL DEFAULT '',
 specimen_is_not_specified CHAR(1) NOT NULL DEFAULT '',
 procedure_is_incisional_biopsy CHAR(1) NOT NULL DEFAULT '',
 procedure_is_excisional_biopsy CHAR(1) NOT NULL DEFAULT '',
 procedure_is_resection CHAR(1) NOT NULL DEFAULT '',
 procedure_is_resection_glossectomy CHAR(1) NOT NULL DEFAULT '',
 procedure_is_resection_glossectomy_specify VARCHAR(50) NOT NULL DEFAULT '',
 procedure_is_resection_mandibulectomy CHAR(1) NOT NULL DEFAULT '',
 procedure_is_resection_mandibulectomy_specify VARCHAR(50) NOT NULL DEFAULT '',
 procedure_is_resection_maxillectomy CHAR(1) NOT NULL DEFAULT '',
 procedure_is_resection_maxillectomy_specify VARCHAR(50) NOT NULL DEFAULT '',
 procedure_is_resection_palatectomy CHAR(1) NOT NULL DEFAULT '',
 procedure_is_neck_lymph_node_dissection CHAR(1) NOT NULL DEFAULT '',
 procedure_is_neck_lymph_node_dissection_specify VARCHAR(50) NOT NULL DEFAULT '',
 procedure_is_other CHAR(1) NOT NULL DEFAULT '',
 procedure_is_other_specify VARCHAR(50) NOT NULL DEFAULT '',
 procedure_is_not_specified CHAR(1) NOT NULL DEFAULT '',
 laterality_is_right CHAR(1) NOT NULL DEFAULT '',
 laterality_is_left CHAR(1) NOT NULL DEFAULT '',
 laterality_is_bilateral CHAR(1) NOT NULL DEFAULT '',
 laterality_is_midline CHAR(1) NOT NULL DEFAULT '',
 laterality_is_not_specified CHAR(1) NOT NULL DEFAULT '',
 site_is_vermilion_border_upper_lip CHAR(1) NOT NULL DEFAULT '',
 site_is_vermilion_border_lower_lip CHAR(1) NOT NULL DEFAULT '',
 site_is_mucosa_of_upper_lip CHAR(1) NOT NULL DEFAULT '',
 site_is_mucosa_of_lower_lip CHAR(1) NOT NULL DEFAULT '',
 site_is_commissure_of_lip CHAR(1) NOT NULL DEFAULT '',
 site_is_lateral_border_of_tongue CHAR(1) NOT NULL DEFAULT '',
 site_is_ventral_surface_of_tongue_nos CHAR(1) NOT NULL DEFAULT '',
 site_is_dorsal_surface_of_tongue_nos CHAR(1) NOT NULL DEFAULT '',
 site_is_anterior_two_thirds_of_tongue_nos CHAR(1) NOT NULL DEFAULT '',
 site_is_upper_gingiva_gum CHAR(1) NOT NULL DEFAULT '',
 site_is_lower_gingiva_gum CHAR(1) NOT NULL DEFAULT '',
 site_is_anterior_floor_of_mouth CHAR(1) NOT NULL DEFAULT '',
 site_is_floor_of_mouth_nos CHAR(1) NOT NULL DEFAULT '',
 site_is_hard_palate CHAR(1) NOT NULL DEFAULT '',
 site_is_buccal_mucosa_inner_cheek CHAR(1) NOT NULL DEFAULT '',
 site_is_vestibule_of_mouth CHAR(1) NOT NULL DEFAULT '',
 site_is_vestibule_of_mouth_upper CHAR(1) NOT NULL DEFAULT '',
 site_is_vestibule_of_mouth_lower CHAR(1) NOT NULL DEFAULT '',
 site_is_alveolar_process CHAR(1) NOT NULL DEFAULT '',
 site_is_alveolar_process_upper CHAR(1) NOT NULL DEFAULT '',
 site_is_alveolar_process_lower CHAR(1) NOT NULL DEFAULT '',
 site_is_mandible CHAR(1) NOT NULL DEFAULT '',
 site_is_maxilla CHAR(1) NOT NULL DEFAULT '',
 site_is_other CHAR(1) NOT NULL DEFAULT '',
 site_is_other_specify VARCHAR(50) NOT NULL DEFAULT '',
 site_is_not_specified CHAR(1) NOT NULL DEFAULT '',
 tumor_size_cannot_determine CHAR(1) NOT NULL DEFAULT '',
 tumor_greatest_cm FLOAT UNSIGNED DEFAULT NULL,
 tumor_size_add1_cm FLOAT UNSIGNED DEFAULT NULL,
 tumor_size_add2_cm FLOAT UNSIGNED DEFAULT NULL,
 histo_squamous_cell_carcinoma_conventional CHAR(1) NOT NULL DEFAULT '',
 histo_acantholytic_squamous_cell_carcinoma CHAR(1) NOT NULL DEFAULT '',
 histo_adenosquamous_carcinoma CHAR(1) NOT NULL DEFAULT '',
 histo_basaloid_squamous_cell_carcinoma CHAR(1) NOT NULL DEFAULT '',
 histo_carcinoma_cuniculatum CHAR(1) NOT NULL DEFAULT '',
 histo_papillary_squamous_cell_carcinoma CHAR(1) NOT NULL DEFAULT '',
 histo_spindle_cell_squamous_carcinoma CHAR(1) NOT NULL DEFAULT '',
 histo_verrucous_carcinoma CHAR(1) NOT NULL DEFAULT '',
 histo_lymphoepithelial_carcinoma_non_nasopharyngeal CHAR(1) NOT NULL DEFAULT '',
 histo_acinic_cell_carcinoma CHAR(1) NOT NULL DEFAULT '',
 histo_adenoid_cystic_carcinoma CHAR(1) NOT NULL DEFAULT '',
 histo_adenocarcinoma_not_otherwise_specified_nos CHAR(1) NOT NULL DEFAULT '',
 histo_adenocarcinoma_low_grade CHAR(1) NOT NULL DEFAULT '',
 histo_adenocarcinoma_intermediate_grade CHAR(1) NOT NULL DEFAULT '',
 histo_adenocarcinoma_high_grade CHAR(1) NOT NULL DEFAULT '',
 histo_basal_cell_adenocarcinoma CHAR(1) NOT NULL DEFAULT '',
 histo_carcinoma_ex_pleomorphic_adenoma_malignant_mixed_tumor CHAR(1) NOT NULL DEFAULT '',
 histo_carcinoma_ex_pleomorphic_low_grade CHAR(1) NOT NULL DEFAULT '',
 histo_carcinoma_ex_pleomorphic_high_grade CHAR(1) NOT NULL DEFAULT '',
 histo_carcinoma_ex_pleomorphic_invasive CHAR(1) NOT NULL DEFAULT '',
 histo_car_ex_pleo_inv_min_inv_note_c CHAR(1) NOT NULL DEFAULT '',
 histo_car_ex_pleo_inv_inv_note_c CHAR(1) NOT NULL DEFAULT '',
 histo_car_ex_pleo_intracapsular_noninvasive CHAR(1) NOT NULL DEFAULT '',
 histo_carcinoma_type_cannot_be_determined CHAR(1) NOT NULL DEFAULT '',
 histo_carcinosarcoma CHAR(1) NOT NULL DEFAULT '',
 histo_clear_cell_adenocarcinoma CHAR(1) NOT NULL DEFAULT '',
 histo_cystadenocarcinoma CHAR(1) NOT NULL DEFAULT '',
 histo_epithelial_myoepithelial_carcinoma CHAR(1) NOT NULL DEFAULT '',
 histo_mucoepidermoid_carcinoma CHAR(1) NOT NULL DEFAULT '',
 histo_mucoepidermoid_low_grade CHAR(1) NOT NULL DEFAULT '',
 histo_mucoepidermoid_intermediate_grade CHAR(1) NOT NULL DEFAULT '',
 histo_mucoepidermoid_high_grade CHAR(1) NOT NULL DEFAULT '',
 histo_mucinous_adenocarcinoma_colloid_carcinoma CHAR(1) NOT NULL DEFAULT '',
 histo_myoepithelial_carcinoma_malignant_myoepithelioma CHAR(1) NOT NULL DEFAULT '',
 histo_oncocytic_carcinoma CHAR(1) NOT NULL DEFAULT '',
 histo_polymorphous_low_grade_adenocarcinoma CHAR(1) NOT NULL DEFAULT '',
 histo_salivary_duct_carcinoma CHAR(1) NOT NULL DEFAULT '',
 histo_other CHAR(1) NOT NULL DEFAULT '',
 histo_other_specify VARCHAR(50) NOT NULL DEFAULT '',
 histo_adenocarcinoma_not_otherwise_specified_nos_b CHAR(1) NOT NULL DEFAULT '',
 histo_adenocarcinoma_b_low_grade CHAR(1) NOT NULL DEFAULT '',
 histo_adenocarcinoma_b_intermediate_grade CHAR(1) NOT NULL DEFAULT '',
 histo_adenocarcinoma_b_high_grade CHAR(1) NOT NULL DEFAULT '',
 histo_other_b CHAR(1) NOT NULL DEFAULT '',
 histo_other_b_specify VARCHAR(50) NOT NULL DEFAULT '',
 histo_typical_carcinoid_tumor CHAR(1) NOT NULL DEFAULT '',
 histo_atypical_carcinoid_tumor CHAR(1) NOT NULL DEFAULT '',
 histo_small_cell_carcinoma CHAR(1) NOT NULL DEFAULT '',
 histo_combined_or_composite_small_cell_carcinoma CHAR(1) NOT NULL DEFAULT '',
 histo_other_c CHAR(1) NOT NULL DEFAULT '',
 histo_other_c_specify VARCHAR(50) NOT NULL DEFAULT '',
 histo_carcinoma_type_cannot_be_determined_b CHAR(1) NOT NULL DEFAULT '',
 histo_mucosal_malignant_melanoma CHAR(1) NOT NULL DEFAULT '',
 histo_grade VARCHAR(20) NOT NULL DEFAULT '',
 histo_grade_specify VARCHAR(50) NOT NULL DEFAULT '',
 lymph_vascular_invasion VARCHAR(20) NOT NULL DEFAULT '',
 perineural_invasion VARCHAR(20) NOT NULL DEFAULT '',
 tnm_descriptors_m CHAR(1) NOT NULL DEFAULT '',
 tnm_descriptors_r CHAR(1) NOT NULL DEFAULT '',
 tnm_descriptors_y CHAR(1) NOT NULL DEFAULT '',
 pt VARCHAR(10) NOT NULL DEFAULT '',
 pn VARCHAR(10) NOT NULL DEFAULT '',
 number_of_lymph_nodes_examined INT UNSIGNED DEFAULT NULL,
 number_of_lymph_nodes_examined_cannot_be_determined CHAR(1) NOT NULL DEFAULT '',
 number_of_lymph_nodes_examined_cannot_be_determined_specify VARCHAR(50) NOT NULL DEFAULT '',
 number_of_lymph_nodes_involved INT UNSIGNED DEFAULT NULL,
 number_of_lymph_nodes_involved_cannot_be_determined CHAR(1) NOT NULL DEFAULT '',
 number_of_lymph_nodes_involved_cannot_be_determined_specify VARCHAR(50) NOT NULL DEFAULT '',
 size_greatest_dimension_largest_positiev_lymph_node FLOAT UNSIGNED DEFAULT NULL,
 pm VARCHAR(10) NOT NULL DEFAULT '',
 pm_site VARCHAR(50) NOT NULL DEFAULT '',
 pm_source VARCHAR(50) NOT NULL DEFAULT '',
 pt_mucosal VARCHAR(10) NOT NULL DEFAULT '',
 pn_mucosal VARCHAR(10) NOT NULL DEFAULT '',
 pm_mucosal VARCHAR(10) NOT NULL DEFAULT '',
 pm_mucosal_site VARCHAR(50) NOT NULL DEFAULT '',
 pm_mucosal_source VARCHAR(50) NOT NULL DEFAULT '',
 version_id INT UNSIGNED NOT NULL AUTO_INCREMENT PRIMARY KEY,
 version_created DATETIME NOT NULL
)Engine=InnoDb;

INSERT INTO structure_value_domains(`domain_name`, `override`, `category`, `source`) VALUES ('qc_gastro_cap_lip_oral_pt', '', '', NULL);
INSERT IGNORE INTO structure_permissible_values (`value`, `language_alias`) VALUES("ptx", "ptx: Cannot be assessed");
INSERT INTO structure_value_domains_permissible_values (`structure_value_domain_id`, `structure_permissible_value_id`, `display_order`, `flag_active`) VALUES((SELECT id FROM structure_value_domains WHERE domain_name="qc_gastro_cap_lip_oral_pt"),  (SELECT id FROM structure_permissible_values WHERE value="ptx" AND language_alias="ptx: Cannot be assessed"), "1", "1");
INSERT IGNORE INTO structure_permissible_values (`value`, `language_alias`) VALUES("pt0", "pt0: No evidence of primary tumor");
INSERT INTO structure_value_domains_permissible_values (`structure_value_domain_id`, `structure_permissible_value_id`, `display_order`, `flag_active`) VALUES((SELECT id FROM structure_value_domains WHERE domain_name="qc_gastro_cap_lip_oral_pt"),  (SELECT id FROM structure_permissible_values WHERE value="pt0" AND language_alias="pt0: No evidence of primary tumor"), "1", "1");
INSERT IGNORE INTO structure_permissible_values (`value`, `language_alias`) VALUES("ptis", "ptis: Carcinoma in situ");
INSERT INTO structure_value_domains_permissible_values (`structure_value_domain_id`, `structure_permissible_value_id`, `display_order`, `flag_active`) VALUES((SELECT id FROM structure_value_domains WHERE domain_name="qc_gastro_cap_lip_oral_pt"),  (SELECT id FROM structure_permissible_values WHERE value="ptis" AND language_alias="ptis: Carcinoma in situ"), "1", "1");
INSERT IGNORE INTO structure_permissible_values (`value`, `language_alias`) VALUES("pt1", "pt1: Tumor 2 cm or less in greatest dimension");
INSERT INTO structure_value_domains_permissible_values (`structure_value_domain_id`, `structure_permissible_value_id`, `display_order`, `flag_active`) VALUES((SELECT id FROM structure_value_domains WHERE domain_name="qc_gastro_cap_lip_oral_pt"),  (SELECT id FROM structure_permissible_values WHERE value="pt1" AND language_alias="pt1: Tumor 2 cm or less in greatest dimension"), "1", "1");
INSERT IGNORE INTO structure_permissible_values (`value`, `language_alias`) VALUES("pt2", "pt2: Tumor more than 2 cm but not more than 4 cm in greatest dimension");
INSERT INTO structure_value_domains_permissible_values (`structure_value_domain_id`, `structure_permissible_value_id`, `display_order`, `flag_active`) VALUES((SELECT id FROM structure_value_domains WHERE domain_name="qc_gastro_cap_lip_oral_pt"),  (SELECT id FROM structure_permissible_values WHERE value="pt2" AND language_alias="pt2: Tumor more than 2 cm but not more than 4 cm in greatest dimension"), "1", "1");
INSERT IGNORE INTO structure_permissible_values (`value`, `language_alias`) VALUES("pt3", "pt3: Tumor more than 4 cm in greatest dimension");
INSERT INTO structure_value_domains_permissible_values (`structure_value_domain_id`, `structure_permissible_value_id`, `display_order`, `flag_active`) VALUES((SELECT id FROM structure_value_domains WHERE domain_name="qc_gastro_cap_lip_oral_pt"),  (SELECT id FROM structure_permissible_values WHERE value="pt3" AND language_alias="pt3: Tumor more than 4 cm in greatest dimension"), "1", "1");
INSERT IGNORE INTO structure_permissible_values (`value`, `language_alias`) VALUES("pt4a", "pt4a: Moderately advanced local disease. ");
INSERT INTO structure_value_domains_permissible_values (`structure_value_domain_id`, `structure_permissible_value_id`, `display_order`, `flag_active`) VALUES((SELECT id FROM structure_value_domains WHERE domain_name="qc_gastro_cap_lip_oral_pt"),  (SELECT id FROM structure_permissible_values WHERE value="pt4a" AND language_alias="pt4a: Moderately advanced local disease. "), "1", "1");
INSERT IGNORE INTO structure_permissible_values (`value`, `language_alias`) VALUES("pt4b", "pt4b: Very advanced local disease");
INSERT INTO structure_value_domains_permissible_values (`structure_value_domain_id`, `structure_permissible_value_id`, `display_order`, `flag_active`) VALUES((SELECT id FROM structure_value_domains WHERE domain_name="qc_gastro_cap_lip_oral_pt"),  (SELECT id FROM structure_permissible_values WHERE value="pt4b" AND language_alias="pt4b: Very advanced local disease"), "1", "1");

INSERT INTO structure_value_domains(`domain_name`, `override`, `category`, `source`) VALUES ('qc_gastro_cap_lip_oral_pn', '', '', NULL);
INSERT IGNORE INTO structure_permissible_values (`value`, `language_alias`) VALUES("pnx", "pnx: Cannot be assessed");
INSERT INTO structure_value_domains_permissible_values (`structure_value_domain_id`, `structure_permissible_value_id`, `display_order`, `flag_active`) VALUES((SELECT id FROM structure_value_domains WHERE domain_name="qc_gastro_cap_lip_oral_pn"),  (SELECT id FROM structure_permissible_values WHERE value="pnx" AND language_alias="pnx: Cannot be assessed"), "1", "1");
INSERT IGNORE INTO structure_permissible_values (`value`, `language_alias`) VALUES("pn0", "pn0: No regional lymph node metastasis");
INSERT INTO structure_value_domains_permissible_values (`structure_value_domain_id`, `structure_permissible_value_id`, `display_order`, `flag_active`) VALUES((SELECT id FROM structure_value_domains WHERE domain_name="qc_gastro_cap_lip_oral_pn"),  (SELECT id FROM structure_permissible_values WHERE value="pn0" AND language_alias="pn0: No regional lymph node metastasis"), "1", "1");
INSERT IGNORE INTO structure_permissible_values (`value`, `language_alias`) VALUES("pn1", "pn1: Metastasis in a single ipsilateral lymph node, 3 cm or less in greatest dimension");
INSERT INTO structure_value_domains_permissible_values (`structure_value_domain_id`, `structure_permissible_value_id`, `display_order`, `flag_active`) VALUES((SELECT id FROM structure_value_domains WHERE domain_name="qc_gastro_cap_lip_oral_pn"),  (SELECT id FROM structure_permissible_values WHERE value="pn1" AND language_alias="pn1: Metastasis in a single ipsilateral lymph node, 3 cm or less in greatest dimension"), "1", "1");
INSERT IGNORE INTO structure_permissible_values (`value`, `language_alias`) VALUES("pn2a", "pn2a: Metastasis in a single ipsilateral lymph node, more than 3 cm but not more than 6 cm in greatest dimension");
INSERT INTO structure_value_domains_permissible_values (`structure_value_domain_id`, `structure_permissible_value_id`, `display_order`, `flag_active`) VALUES((SELECT id FROM structure_value_domains WHERE domain_name="qc_gastro_cap_lip_oral_pn"),  (SELECT id FROM structure_permissible_values WHERE value="pn2a" AND language_alias="pn2a: Metastasis in a single ipsilateral lymph node, more than 3 cm but not more than 6 cm in greatest dimension"), "1", "1");
INSERT IGNORE INTO structure_permissible_values (`value`, `language_alias`) VALUES("pn2b", "pn2b: Metastasis in multiple ipsilateral lymph nodes, none more than 6 cm in greatest dimension");
INSERT INTO structure_value_domains_permissible_values (`structure_value_domain_id`, `structure_permissible_value_id`, `display_order`, `flag_active`) VALUES((SELECT id FROM structure_value_domains WHERE domain_name="qc_gastro_cap_lip_oral_pn"),  (SELECT id FROM structure_permissible_values WHERE value="pn2b" AND language_alias="pn2b: Metastasis in multiple ipsilateral lymph nodes, none more than 6 cm in greatest dimension"), "1", "1");
INSERT IGNORE INTO structure_permissible_values (`value`, `language_alias`) VALUES("pn2c", "pn2c: Metastasis in bilateral or contralateral lymph nodes, none more than 6 cm in greatest dimension");
INSERT INTO structure_value_domains_permissible_values (`structure_value_domain_id`, `structure_permissible_value_id`, `display_order`, `flag_active`) VALUES((SELECT id FROM structure_value_domains WHERE domain_name="qc_gastro_cap_lip_oral_pn"),  (SELECT id FROM structure_permissible_values WHERE value="pn2c" AND language_alias="pn2c: Metastasis in bilateral or contralateral lymph nodes, none more than 6 cm in greatest dimension"), "1", "1");
INSERT IGNORE INTO structure_permissible_values (`value`, `language_alias`) VALUES("pn3", "pn3: Metastasis in a lymph node more than 6 cm in greatest dimension");
INSERT INTO structure_value_domains_permissible_values (`structure_value_domain_id`, `structure_permissible_value_id`, `display_order`, `flag_active`) VALUES((SELECT id FROM structure_value_domains WHERE domain_name="qc_gastro_cap_lip_oral_pn"),  (SELECT id FROM structure_permissible_values WHERE value="pn3" AND language_alias="pn3: Metastasis in a lymph node more than 6 cm in greatest dimension"), "1", "1");
INSERT IGNORE INTO structure_permissible_values (`value`, `language_alias`) VALUES("none", "no nodes submitted or found");
INSERT INTO structure_value_domains_permissible_values (`structure_value_domain_id`, `structure_permissible_value_id`, `display_order`, `flag_active`) VALUES((SELECT id FROM structure_value_domains WHERE domain_name="qc_gastro_cap_lip_oral_pn"),  (SELECT id FROM structure_permissible_values WHERE value="none" AND language_alias="no nodes submitted or found"), "1", "1");

INSERT INTO structure_value_domains(`domain_name`, `override`, `category`, `source`) VALUES ('qc_gastro_cap_lip_oral_pm', '', '', NULL);
INSERT IGNORE INTO structure_permissible_values (`value`, `language_alias`) VALUES("not applicable", "not applicable");
INSERT INTO structure_value_domains_permissible_values (`structure_value_domain_id`, `structure_permissible_value_id`, `display_order`, `flag_active`) VALUES((SELECT id FROM structure_value_domains WHERE domain_name="qc_gastro_cap_lip_oral_pm"),  (SELECT id FROM structure_permissible_values WHERE value="not applicable" AND language_alias="not applicable"), "1", "1");
INSERT IGNORE INTO structure_permissible_values (`value`, `language_alias`) VALUES("pm1", "pm1: Distant metastasis");
INSERT INTO structure_value_domains_permissible_values (`structure_value_domain_id`, `structure_permissible_value_id`, `display_order`, `flag_active`) VALUES((SELECT id FROM structure_value_domains WHERE domain_name="qc_gastro_cap_lip_oral_pm"),  (SELECT id FROM structure_permissible_values WHERE value="pm1" AND language_alias="pm1: Distant metastasis"), "1", "1");

INSERT INTO structure_value_domains(`domain_name`, `override`, `category`, `source`) VALUES ('qc_gastro_cap_lip_oral_pt_mucosal', '', '', NULL);
INSERT IGNORE INTO structure_permissible_values (`value`, `language_alias`) VALUES("pt3", "pt3: Mucosal disease");
INSERT INTO structure_value_domains_permissible_values (`structure_value_domain_id`, `structure_permissible_value_id`, `display_order`, `flag_active`) VALUES((SELECT id FROM structure_value_domains WHERE domain_name="qc_gastro_cap_lip_oral_pt_mucosal"),  (SELECT id FROM structure_permissible_values WHERE value="pt3" AND language_alias="pt3: Mucosal disease"), "1", "1");
INSERT IGNORE INTO structure_permissible_values (`value`, `language_alias`) VALUES("pt4a", "pt4a: Moderately advanced disease. Tumor involving deep soft tissue, cartilage, bone, or overlying skin");
INSERT INTO structure_value_domains_permissible_values (`structure_value_domain_id`, `structure_permissible_value_id`, `display_order`, `flag_active`) VALUES((SELECT id FROM structure_value_domains WHERE domain_name="qc_gastro_cap_lip_oral_pt_mucosal"),  (SELECT id FROM structure_permissible_values WHERE value="pt4a" AND language_alias="pt4a: Moderately advanced disease. Tumor involving deep soft tissue, cartilage, bone, or overlying skin"), "1", "1");
INSERT IGNORE INTO structure_permissible_values (`value`, `language_alias`) VALUES("pt4b", "pt4b: Very advanced disease");
INSERT INTO structure_value_domains_permissible_values (`structure_value_domain_id`, `structure_permissible_value_id`, `display_order`, `flag_active`) VALUES((SELECT id FROM structure_value_domains WHERE domain_name="qc_gastro_cap_lip_oral_pt_mucosal"),  (SELECT id FROM structure_permissible_values WHERE value="pt4b" AND language_alias="pt4b: Very advanced disease"), "1", "1");

INSERT INTO structure_value_domains(`domain_name`, `override`, `category`, `source`) VALUES ('qc_gastro_cap_lip_oral_pn_mucosal', '', '', NULL);
INSERT IGNORE INTO structure_permissible_values (`value`, `language_alias`) VALUES("pnx", "pnx: Regional lymph nodes cannot be assessed");
INSERT INTO structure_value_domains_permissible_values (`structure_value_domain_id`, `structure_permissible_value_id`, `display_order`, `flag_active`) VALUES((SELECT id FROM structure_value_domains WHERE domain_name="qc_gastro_cap_lip_oral_pn_mucosal"),  (SELECT id FROM structure_permissible_values WHERE value="pnx" AND language_alias="pnx: Regional lymph nodes cannot be assessed"), "1", "1");
INSERT IGNORE INTO structure_permissible_values (`value`, `language_alias`) VALUES("pn0", "pn0: No regional lymph node metastases");
INSERT INTO structure_value_domains_permissible_values (`structure_value_domain_id`, `structure_permissible_value_id`, `display_order`, `flag_active`) VALUES((SELECT id FROM structure_value_domains WHERE domain_name="qc_gastro_cap_lip_oral_pn_mucosal"),  (SELECT id FROM structure_permissible_values WHERE value="pn0" AND language_alias="pn0: No regional lymph node metastases"), "1", "1");
INSERT IGNORE INTO structure_permissible_values (`value`, `language_alias`) VALUES("pn1", "pn1: Regional lymph node metastases present");
INSERT INTO structure_value_domains_permissible_values (`structure_value_domain_id`, `structure_permissible_value_id`, `display_order`, `flag_active`) VALUES((SELECT id FROM structure_value_domains WHERE domain_name="qc_gastro_cap_lip_oral_pn_mucosal"),  (SELECT id FROM structure_permissible_values WHERE value="pn1" AND language_alias="pn1: Regional lymph node metastases present"), "1", "1");

INSERT INTO structure_value_domains(`domain_name`, `override`, `category`, `source`) VALUES ('qc_gastro_cap_lip_oral_pm_mucosal', '', '', NULL);
INSERT IGNORE INTO structure_permissible_values (`value`, `language_alias`) VALUES("not applicable", "not applicable");
INSERT INTO structure_value_domains_permissible_values (`structure_value_domain_id`, `structure_permissible_value_id`, `display_order`, `flag_active`) VALUES((SELECT id FROM structure_value_domains WHERE domain_name="qc_gastro_cap_lip_oral_pm_mucosal"),  (SELECT id FROM structure_permissible_values WHERE value="not applicable" AND language_alias="not applicable"), "1", "1");
INSERT IGNORE INTO structure_permissible_values (`value`, `language_alias`) VALUES("pm1", "pm1: Distant metastasis present");
INSERT INTO structure_value_domains_permissible_values (`structure_value_domain_id`, `structure_permissible_value_id`, `display_order`, `flag_active`) VALUES((SELECT id FROM structure_value_domains WHERE domain_name="qc_gastro_cap_lip_oral_pm_mucosal"),  (SELECT id FROM structure_permissible_values WHERE value="pm1" AND language_alias="pm1: Distant metastasis present"), "1", "1");

INSERT INTO structures(`alias`) VALUES ('qc_gastro_dxd_cap_lip_oral');
INSERT INTO structure_fields(`plugin`, `model`, `tablename`, `field`, `type`, `structure_value_domain`, `flag_confidential`, `setting`, `default`, `language_help`, `language_label`, `language_tag`) VALUES
('Clinicalannotation', 'DiagnosisDetail', 'qc_gastro_dxd_cap_lip_oral', 'specimen_is_vermilion_border_upper_lip', 'checkbox',  NULL , '0', '', '', '', 'vermilion border upper lip', ''), 
('Clinicalannotation', 'DiagnosisDetail', 'qc_gastro_dxd_cap_lip_oral', 'specimen_is_vermilion_border_lower_lip', 'checkbox',  NULL , '0', '', '', '', 'vermilion border lower lip', ''), 
('Clinicalannotation', 'DiagnosisDetail', 'qc_gastro_dxd_cap_lip_oral', 'specimen_is_mucosa_of_upper_lip', 'checkbox',  NULL , '0', '', '', '', 'mucosa of upper lip', ''), 
('Clinicalannotation', 'DiagnosisDetail', 'qc_gastro_dxd_cap_lip_oral', 'specimen_is_mucosa_of_lower_lip', 'checkbox',  NULL , '0', '', '', '', 'mucosa of lower lip', ''), 
('Clinicalannotation', 'DiagnosisDetail', 'qc_gastro_dxd_cap_lip_oral', 'specimen_is_commissure_of_lip', 'checkbox',  NULL , '0', '', '', '', 'commissure of lip', ''), 
('Clinicalannotation', 'DiagnosisDetail', 'qc_gastro_dxd_cap_lip_oral', 'specimen_is_lateral_border_of_tongue', 'checkbox',  NULL , '0', '', '', '', 'lateral border of tongue', ''), 
('Clinicalannotation', 'DiagnosisDetail', 'qc_gastro_dxd_cap_lip_oral', 'specimen_is_ventral_surface_of_tongue_nos', 'checkbox',  NULL , '0', '', '', '', 'ventral surface of tongue nos', ''), 
('Clinicalannotation', 'DiagnosisDetail', 'qc_gastro_dxd_cap_lip_oral', 'specimen_is_dorsal_surface_of_tongue_nos', 'checkbox',  NULL , '0', '', '', '', 'dorsal surface of tongue nos', ''), 
('Clinicalannotation', 'DiagnosisDetail', 'qc_gastro_dxd_cap_lip_oral', 'specimen_is_anterior_two_thirds_of_tongue_nos', 'checkbox',  NULL , '0', '', '', '', 'anterior two thirds of tongue nos', ''), 
('Clinicalannotation', 'DiagnosisDetail', 'qc_gastro_dxd_cap_lip_oral', 'specimen_is_upper_gingiva_gum', 'checkbox',  NULL , '0', '', '', '', 'upper gingiva (gum)', ''), 
('Clinicalannotation', 'DiagnosisDetail', 'qc_gastro_dxd_cap_lip_oral', 'specimen_is_lower_gingiva_gum', 'checkbox',  NULL , '0', '', '', '', 'lower gingiva (gum)', ''), 
('Clinicalannotation', 'DiagnosisDetail', 'qc_gastro_dxd_cap_lip_oral', 'specimen_is_anterior_floor_of_mouth', 'checkbox',  NULL , '0', '', '', '', 'is anterior floor of mouth', ''), 
('Clinicalannotation', 'DiagnosisDetail', 'qc_gastro_dxd_cap_lip_oral', 'specimen_is_floor_of_mouth_nos', 'checkbox',  NULL , '0', '', '', '', 'floor of mouth nos', ''), 
('Clinicalannotation', 'DiagnosisDetail', 'qc_gastro_dxd_cap_lip_oral', 'specimen_is_hard_palate', 'checkbox',  NULL , '0', '', '', '', 'hard palate', ''), 
('Clinicalannotation', 'DiagnosisDetail', 'qc_gastro_dxd_cap_lip_oral', 'specimen_is_buccal_mucosa_inner_cheek', 'checkbox',  NULL , '0', '', '', '', 'buccal mucosa inner cheek', ''), 
('Clinicalannotation', 'DiagnosisDetail', 'qc_gastro_dxd_cap_lip_oral', 'specimen_is_vestibule_of_mouth', 'checkbox',  NULL , '0', '', '', '', 'vestibule of mouth', ''), 
('Clinicalannotation', 'DiagnosisDetail', 'qc_gastro_dxd_cap_lip_oral', 'specimen_is_vestibule_of_mouth_upper', 'checkbox',  NULL , '0', '', '', '', '', 'upper'), 
('Clinicalannotation', 'DiagnosisDetail', 'qc_gastro_dxd_cap_lip_oral', 'specimen_is_vestibule_of_mouth_lower', 'checkbox',  NULL , '0', '', '', '', '', 'lower'), 
('Clinicalannotation', 'DiagnosisDetail', 'qc_gastro_dxd_cap_lip_oral', 'specimen_is_alveolar_process', 'checkbox',  NULL , '0', '', '', '', 'alveolar process', ''), 
('Clinicalannotation', 'DiagnosisDetail', 'qc_gastro_dxd_cap_lip_oral', 'specimen_is_alveolar_process_upper', 'checkbox',  NULL , '0', '', '', '', '', 'upper'), 
('Clinicalannotation', 'DiagnosisDetail', 'qc_gastro_dxd_cap_lip_oral', 'specimen_is_alveolar_process_lower', 'checkbox',  NULL , '0', '', '', '', '', 'lower'), 
('Clinicalannotation', 'DiagnosisDetail', 'qc_gastro_dxd_cap_lip_oral', 'specimen_is_mandible', 'checkbox',  NULL , '0', '', '', '', 'mandible', ''), 
('Clinicalannotation', 'DiagnosisDetail', 'qc_gastro_dxd_cap_lip_oral', 'specimen_is_maxilla', 'checkbox',  NULL , '0', '', '', '', 'maxilla', ''), 
('Clinicalannotation', 'DiagnosisDetail', 'qc_gastro_dxd_cap_lip_oral', 'specimen_is_other', 'checkbox',  NULL , '0', '', '', '', 'other', ''), 
('Clinicalannotation', 'DiagnosisDetail', 'qc_gastro_dxd_cap_lip_oral', 'specimen_is_other_specify', 'input',  NULL , '0', '', '', '', '', 'specify'), 
('Clinicalannotation', 'DiagnosisDetail', 'qc_gastro_dxd_cap_lip_oral', 'specimen_is_not_specified', 'checkbox',  NULL , '0', '', '', '', 'specimen is not specified', ''), 
('Clinicalannotation', 'DiagnosisDetail', 'qc_gastro_dxd_cap_lip_oral', 'procedure_is_incisional_biopsy', 'checkbox',  NULL , '0', '', '', '', 'incisional biopsy', ''), 
('Clinicalannotation', 'DiagnosisDetail', 'qc_gastro_dxd_cap_lip_oral', 'procedure_is_excisional_biopsy', 'checkbox',  NULL , '0', '', '', '', 'excisional biopsy', ''), 
('Clinicalannotation', 'DiagnosisDetail', 'qc_gastro_dxd_cap_lip_oral', 'procedure_is_resection', 'checkbox',  NULL , '0', '', '', '', 'resection', ''), 
('Clinicalannotation', 'DiagnosisDetail', 'qc_gastro_dxd_cap_lip_oral', 'procedure_is_resection_glossectomy', 'checkbox',  NULL , '0', '', '', '', 'resection glossectomy', ''), 
('Clinicalannotation', 'DiagnosisDetail', 'qc_gastro_dxd_cap_lip_oral', 'procedure_is_resection_glossectomy_specify', 'input',  NULL , '0', '', '', '', '', 'specify'), 
('Clinicalannotation', 'DiagnosisDetail', 'qc_gastro_dxd_cap_lip_oral', 'procedure_is_resection_mandibulectomy', 'checkbox',  NULL , '0', '', '', '', 'resection mandibulectomy', ''), 
('Clinicalannotation', 'DiagnosisDetail', 'qc_gastro_dxd_cap_lip_oral', 'procedure_is_resection_mandibulectomy_specify', 'input',  NULL , '0', '', '', '', '', 'specify'), 
('Clinicalannotation', 'DiagnosisDetail', 'qc_gastro_dxd_cap_lip_oral', 'procedure_is_resection_maxillectomy', 'checkbox',  NULL , '0', '', '', '', 'resection maxillectomy', ''), 
('Clinicalannotation', 'DiagnosisDetail', 'qc_gastro_dxd_cap_lip_oral', 'procedure_is_resection_maxillectomy_specify', 'input',  NULL , '0', '', '', '', '', 'specify'), 
('Clinicalannotation', 'DiagnosisDetail', 'qc_gastro_dxd_cap_lip_oral', 'procedure_is_resection_palatectomy', 'checkbox',  NULL , '0', '', '', '', 'resection palatectomy', ''), 
('Clinicalannotation', 'DiagnosisDetail', 'qc_gastro_dxd_cap_lip_oral', 'procedure_is_neck_lymph_node_dissection', 'checkbox',  NULL , '0', '', '', '', 'neck (lymph node) dissection', ''), 
('Clinicalannotation', 'DiagnosisDetail', 'qc_gastro_dxd_cap_lip_oral', 'procedure_is_neck_lymph_node_dissection_specify', 'input',  NULL , '0', '', '', '', '', 'specify'), 
('Clinicalannotation', 'DiagnosisDetail', 'qc_gastro_dxd_cap_lip_oral', 'procedure_is_other', 'checkbox',  NULL , '0', '', '', '', 'other', ''), 
('Clinicalannotation', 'DiagnosisDetail', 'qc_gastro_dxd_cap_lip_oral', 'procedure_is_other_specify', 'input',  NULL , '0', '', '', '', '', 'specify'), 
('Clinicalannotation', 'DiagnosisDetail', 'qc_gastro_dxd_cap_lip_oral', 'procedure_is_not_specified', 'checkbox',  NULL , '0', '', '', '', 'procedure is not specified', ''), 
('Clinicalannotation', 'DiagnosisDetail', 'qc_gastro_dxd_cap_lip_oral', 'laterality_is_right', 'checkbox',  NULL , '0', '', '', '', 'right', ''), 
('Clinicalannotation', 'DiagnosisDetail', 'qc_gastro_dxd_cap_lip_oral', 'laterality_is_left', 'checkbox',  NULL , '0', '', '', '', 'left', ''), 
('Clinicalannotation', 'DiagnosisDetail', 'qc_gastro_dxd_cap_lip_oral', 'laterality_is_bilateral', 'checkbox',  NULL , '0', '', '', '', 'bilateral', ''), 
('Clinicalannotation', 'DiagnosisDetail', 'qc_gastro_dxd_cap_lip_oral', 'laterality_is_midline', 'checkbox',  NULL , '0', '', '', '', 'midline', ''), 
('Clinicalannotation', 'DiagnosisDetail', 'qc_gastro_dxd_cap_lip_oral', 'laterality_is_not_specified', 'checkbox',  NULL , '0', '', '', '', 'not specified', ''), 
('Clinicalannotation', 'DiagnosisDetail', 'qc_gastro_dxd_cap_lip_oral', 'site_is_vermilion_border_upper_lip', 'checkbox',  NULL , '0', '', '', '', 'vermilion border upper lip', ''), 
('Clinicalannotation', 'DiagnosisDetail', 'qc_gastro_dxd_cap_lip_oral', 'site_is_vermilion_border_lower_lip', 'checkbox',  NULL , '0', '', '', '', 'vermilion border lower lip', ''), 
('Clinicalannotation', 'DiagnosisDetail', 'qc_gastro_dxd_cap_lip_oral', 'site_is_mucosa_of_upper_lip', 'checkbox',  NULL , '0', '', '', '', 'mucosa of upper lip', ''), 
('Clinicalannotation', 'DiagnosisDetail', 'qc_gastro_dxd_cap_lip_oral', 'site_is_mucosa_of_lower_lip', 'checkbox',  NULL , '0', '', '', '', 'mucosa of lower lip', ''), 
('Clinicalannotation', 'DiagnosisDetail', 'qc_gastro_dxd_cap_lip_oral', 'site_is_commissure_of_lip', 'checkbox',  NULL , '0', '', '', '', 'commissure of lip', ''), 
('Clinicalannotation', 'DiagnosisDetail', 'qc_gastro_dxd_cap_lip_oral', 'site_is_lateral_border_of_tongue', 'checkbox',  NULL , '0', '', '', '', 'lateral border of tongue', ''), 
('Clinicalannotation', 'DiagnosisDetail', 'qc_gastro_dxd_cap_lip_oral', 'site_is_ventral_surface_of_tongue_nos', 'checkbox',  NULL , '0', '', '', '', 'ventral surface of tongue nos', ''), 
('Clinicalannotation', 'DiagnosisDetail', 'qc_gastro_dxd_cap_lip_oral', 'site_is_dorsal_surface_of_tongue_nos', 'checkbox',  NULL , '0', '', '', '', 'dorsal surface of tongue nos', ''), 
('Clinicalannotation', 'DiagnosisDetail', 'qc_gastro_dxd_cap_lip_oral', 'site_is_anterior_two_thirds_of_tongue_nos', 'checkbox',  NULL , '0', '', '', '', 'anterior two thirds of tongue nos', ''), 
('Clinicalannotation', 'DiagnosisDetail', 'qc_gastro_dxd_cap_lip_oral', 'site_is_upper_gingiva_gum', 'checkbox',  NULL , '0', '', '', '', 'upper gingiva (gum)', ''), 
('Clinicalannotation', 'DiagnosisDetail', 'qc_gastro_dxd_cap_lip_oral', 'site_is_lower_gingiva_gum', 'checkbox',  NULL , '0', '', '', '', 'lower gingiva (gum)', ''), 
('Clinicalannotation', 'DiagnosisDetail', 'qc_gastro_dxd_cap_lip_oral', 'site_is_anterior_floor_of_mouth', 'checkbox',  NULL , '0', '', '', '', 'anterior floor of mouth', ''), 
('Clinicalannotation', 'DiagnosisDetail', 'qc_gastro_dxd_cap_lip_oral', 'site_is_floor_of_mouth_nos', 'checkbox',  NULL , '0', '', '', '', 'floor of mouth nos', ''), 
('Clinicalannotation', 'DiagnosisDetail', 'qc_gastro_dxd_cap_lip_oral', 'site_is_hard_palate', 'checkbox',  NULL , '0', '', '', '', 'hard palate', ''), 
('Clinicalannotation', 'DiagnosisDetail', 'qc_gastro_dxd_cap_lip_oral', 'site_is_buccal_mucosa_inner_cheek', 'checkbox',  NULL , '0', '', '', '', 'buccal mucosa inner cheek', ''), 
('Clinicalannotation', 'DiagnosisDetail', 'qc_gastro_dxd_cap_lip_oral', 'site_is_vestibule_of_mouth', 'checkbox',  NULL , '0', '', '', '', 'vestibule of mouth', ''), 
('Clinicalannotation', 'DiagnosisDetail', 'qc_gastro_dxd_cap_lip_oral', 'site_is_vestibule_of_mouth_upper', 'checkbox',  NULL , '0', '', '', '', '', 'upper'), 
('Clinicalannotation', 'DiagnosisDetail', 'qc_gastro_dxd_cap_lip_oral', 'site_is_vestibule_of_mouth_lower', 'checkbox',  NULL , '0', '', '', '', '', 'lower'), 
('Clinicalannotation', 'DiagnosisDetail', 'qc_gastro_dxd_cap_lip_oral', 'site_is_alveolar_process', 'checkbox',  NULL , '0', '', '', '', 'alveolar process', ''), 
('Clinicalannotation', 'DiagnosisDetail', 'qc_gastro_dxd_cap_lip_oral', 'site_is_alveolar_process_upper', 'checkbox',  NULL , '0', '', '', '', '', 'upper'), 
('Clinicalannotation', 'DiagnosisDetail', 'qc_gastro_dxd_cap_lip_oral', 'site_is_alveolar_process_lower', 'checkbox',  NULL , '0', '', '', '', '', 'lower'), 
('Clinicalannotation', 'DiagnosisDetail', 'qc_gastro_dxd_cap_lip_oral', 'site_is_mandible', 'checkbox',  NULL , '0', '', '', '', 'mandible', ''), 
('Clinicalannotation', 'DiagnosisDetail', 'qc_gastro_dxd_cap_lip_oral', 'site_is_maxilla', 'checkbox',  NULL , '0', '', '', '', 'maxilla', ''), 
('Clinicalannotation', 'DiagnosisDetail', 'qc_gastro_dxd_cap_lip_oral', 'site_is_other', 'checkbox',  NULL , '0', '', '', '', 'other', ''), 
('Clinicalannotation', 'DiagnosisDetail', 'qc_gastro_dxd_cap_lip_oral', 'site_is_other_specify', 'checkbox',  NULL , '0', '', '', '', '', 'specify'), 
('Clinicalannotation', 'DiagnosisDetail', 'qc_gastro_dxd_cap_lip_oral', 'site_is_not_specified', 'checkbox',  NULL , '0', '', '', '', 'not specified', ''), 
('Clinicalannotation', 'DiagnosisDetail', 'qc_gastro_dxd_cap_lip_oral', 'tumor_size_cannot_determine', 'checkbox',  NULL , '0', '', '', '', 'tumor size cannot determine', ''), 
('Clinicalannotation', 'DiagnosisDetail', 'qc_gastro_dxd_cap_lip_oral', 'tumor_greatest_cm', 'checkbox',  NULL , '0', '', '', '', 'tumor greatest cm', ''), 
('Clinicalannotation', 'DiagnosisDetail', 'qc_gastro_dxd_cap_lip_oral', 'tumor_size_add1_cm', 'checkbox',  NULL , '0', '', '', '', 'tumor size add1 cm', ''), 
('Clinicalannotation', 'DiagnosisDetail', 'qc_gastro_dxd_cap_lip_oral', 'tumor_size_add2_cm', 'checkbox',  NULL , '0', '', '', '', 'tumor size add2 cm', ''), 
('Clinicalannotation', 'DiagnosisDetail', 'qc_gastro_dxd_cap_lip_oral', 'histo_squamous_cell_carcinoma_conventional', 'checkbox',  NULL , '0', '', '', '', 'squamous cell carcinoma conventional', ''), 
('Clinicalannotation', 'DiagnosisDetail', 'qc_gastro_dxd_cap_lip_oral', 'histo_acantholytic_squamous_cell_carcinoma', 'checkbox',  NULL , '0', '', '', '', 'acantholytic squamous cell carcinoma', ''), 
('Clinicalannotation', 'DiagnosisDetail', 'qc_gastro_dxd_cap_lip_oral', 'histo_adenosquamous_carcinoma', 'checkbox',  NULL , '0', '', '', '', 'adenosquamous carcinoma', ''), 
('Clinicalannotation', 'DiagnosisDetail', 'qc_gastro_dxd_cap_lip_oral', 'histo_basaloid_squamous_cell_carcinoma', 'checkbox',  NULL , '0', '', '', '', 'basaloid squamous cell carcinoma', ''), 
('Clinicalannotation', 'DiagnosisDetail', 'qc_gastro_dxd_cap_lip_oral', 'histo_carcinoma_cuniculatum', 'checkbox',  NULL , '0', '', '', '', 'carcinoma cuniculatum', ''), 
('Clinicalannotation', 'DiagnosisDetail', 'qc_gastro_dxd_cap_lip_oral', 'histo_papillary_squamous_cell_carcinoma', 'checkbox',  NULL , '0', '', '', '', 'papillary squamous cell carcinoma', ''), 
('Clinicalannotation', 'DiagnosisDetail', 'qc_gastro_dxd_cap_lip_oral', 'histo_spindle_cell_squamous_carcinoma', 'checkbox',  NULL , '0', '', '', '', 'spindle cell squamous carcinoma', ''), 
('Clinicalannotation', 'DiagnosisDetail', 'qc_gastro_dxd_cap_lip_oral', 'histo_verrucous_carcinoma', 'checkbox',  NULL , '0', '', '', '', 'verrucous carcinoma', ''), 
('Clinicalannotation', 'DiagnosisDetail', 'qc_gastro_dxd_cap_lip_oral', 'histo_lymphoepithelial_carcinoma_non_nasopharyngeal', 'checkbox',  NULL , '0', '', '', '', 'lymphoepithelial carcinoma non nasopharyngeal', ''), 
('Clinicalannotation', 'DiagnosisDetail', 'qc_gastro_dxd_cap_lip_oral', 'histo_acinic_cell_carcinoma', 'checkbox',  NULL , '0', '', '', '', 'acinic cell carcinoma', ''), 
('Clinicalannotation', 'DiagnosisDetail', 'qc_gastro_dxd_cap_lip_oral', 'histo_adenoid_cystic_carcinoma', 'checkbox',  NULL , '0', '', '', '', 'adenoid cystic carcinoma', ''), 
('Clinicalannotation', 'DiagnosisDetail', 'qc_gastro_dxd_cap_lip_oral', 'histo_adenocarcinoma_not_otherwise_specified_nos', 'checkbox',  NULL , '0', '', '', '', 'adenocarcinoma not otherwise specified nos', ''), 
('Clinicalannotation', 'DiagnosisDetail', 'qc_gastro_dxd_cap_lip_oral', 'histo_adenocarcinoma_low_grade', 'checkbox',  NULL , '0', '', '', '', '', 'low grade'), 
('Clinicalannotation', 'DiagnosisDetail', 'qc_gastro_dxd_cap_lip_oral', 'histo_adenocarcinoma_intermediate_grade', 'checkbox',  NULL , '0', '', '', '', '', 'intermediate grade'), 
('Clinicalannotation', 'DiagnosisDetail', 'qc_gastro_dxd_cap_lip_oral', 'histo_adenocarcinoma_high_grade', 'checkbox',  NULL , '0', '', '', '', '', 'high grade'), 
('Clinicalannotation', 'DiagnosisDetail', 'qc_gastro_dxd_cap_lip_oral', 'histo_basal_cell_adenocarcinoma', 'checkbox',  NULL , '0', '', '', '', 'basal cell adenocarcinoma', ''), 
('Clinicalannotation', 'DiagnosisDetail', 'qc_gastro_dxd_cap_lip_oral', 'histo_carcinoma_ex_pleomorphic_adenoma_malignant_mixed_tumor', 'checkbox',  NULL , '0', '', '', '', 'carcinoma ex pleomorphic adenoma (malignant mixed tumor)', ''), 
('Clinicalannotation', 'DiagnosisDetail', 'qc_gastro_dxd_cap_lip_oral', 'histo_carcinoma_ex_pleomorphic_low_grade', 'checkbox',  NULL , '0', '', '', '', 'carcinoma ex pleomorphic adenoma low grade', ''), 
('Clinicalannotation', 'DiagnosisDetail', 'qc_gastro_dxd_cap_lip_oral', 'histo_carcinoma_ex_pleomorphic_high_grade', 'checkbox',  NULL , '0', '', '', '', 'carcinoma ex pleomorphic adenoma intermediate grade', ''), 
('Clinicalannotation', 'DiagnosisDetail', 'qc_gastro_dxd_cap_lip_oral', 'histo_carcinoma_ex_pleomorphic_invasive', 'checkbox',  NULL , '0', '', '', '', 'carcinoma ex pleomorphic adenoma invasive', ''), 
('Clinicalannotation', 'DiagnosisDetail', 'qc_gastro_dxd_cap_lip_oral', 'histo_car_ex_pleo_inv_min_inv_note_c', 'checkbox',  NULL , '0', '', '', '', '', 'minimally invasive'), 
('Clinicalannotation', 'DiagnosisDetail', 'qc_gastro_dxd_cap_lip_oral', 'histo_car_ex_pleo_inv_inv_note_c', 'checkbox',  NULL , '0', '', '', '', '', 'invasive'), 
('Clinicalannotation', 'DiagnosisDetail', 'qc_gastro_dxd_cap_lip_oral', 'histo_car_ex_pleo_intracapsular_noninvasive', 'checkbox',  NULL , '0', '', '', '', 'carcinoma ex pleomorphic adenoma intracapsular (noninvasive)', ''), 
('Clinicalannotation', 'DiagnosisDetail', 'qc_gastro_dxd_cap_lip_oral', 'histo_carcinoma_type_cannot_be_determined', 'checkbox',  NULL , '0', '', '', '', 'carcinoma type cannot be determined', ''), 
('Clinicalannotation', 'DiagnosisDetail', 'qc_gastro_dxd_cap_lip_oral', 'histo_carcinosarcoma', 'checkbox',  NULL , '0', '', '', '', 'carcinosarcoma', ''), 
('Clinicalannotation', 'DiagnosisDetail', 'qc_gastro_dxd_cap_lip_oral', 'histo_clear_cell_adenocarcinoma', 'checkbox',  NULL , '0', '', '', '', 'clear cell adenocarcinoma', ''), 
('Clinicalannotation', 'DiagnosisDetail', 'qc_gastro_dxd_cap_lip_oral', 'histo_cystadenocarcinoma', 'checkbox',  NULL , '0', '', '', '', 'cystadenocarcinoma', ''), 
('Clinicalannotation', 'DiagnosisDetail', 'qc_gastro_dxd_cap_lip_oral', 'histo_epithelial_myoepithelial_carcinoma', 'checkbox',  NULL , '0', '', '', '', 'epithelial myoepithelial carcinoma', ''), 
('Clinicalannotation', 'DiagnosisDetail', 'qc_gastro_dxd_cap_lip_oral', 'histo_mucoepidermoid_carcinoma', 'checkbox',  NULL , '0', '', '', '', 'mucoepidermoid carcinoma', ''), 
('Clinicalannotation', 'DiagnosisDetail', 'qc_gastro_dxd_cap_lip_oral', 'histo_mucoepidermoid_low_grade', 'checkbox',  NULL , '0', '', '', '', '', 'low grade'), 
('Clinicalannotation', 'DiagnosisDetail', 'qc_gastro_dxd_cap_lip_oral', 'histo_mucoepidermoid_intermediate_grade', 'checkbox',  NULL , '0', '', '', '', '', 'intermediate grade'), 
('Clinicalannotation', 'DiagnosisDetail', 'qc_gastro_dxd_cap_lip_oral', 'histo_mucoepidermoid_high_grade', 'checkbox',  NULL , '0', '', '', '', '', 'high grade'), 
('Clinicalannotation', 'DiagnosisDetail', 'qc_gastro_dxd_cap_lip_oral', 'histo_mucinous_adenocarcinoma_colloid_carcinoma', 'checkbox',  NULL , '0', '', '', '', 'mucinous adenocarcinoma colloid carcinoma', ''), 
('Clinicalannotation', 'DiagnosisDetail', 'qc_gastro_dxd_cap_lip_oral', 'histo_myoepithelial_carcinoma_malignant_myoepithelioma', 'checkbox',  NULL , '0', '', '', '', 'myoepithelial carcinoma malignant myoepithelioma', ''), 
('Clinicalannotation', 'DiagnosisDetail', 'qc_gastro_dxd_cap_lip_oral', 'histo_oncocytic_carcinoma', 'checkbox',  NULL , '0', '', '', '', 'oncocytic carcinoma', ''), 
('Clinicalannotation', 'DiagnosisDetail', 'qc_gastro_dxd_cap_lip_oral', 'histo_polymorphous_low_grade_adenocarcinoma', 'checkbox',  NULL , '0', '', '', '', 'polymorphous low grade adenocarcinoma', ''), 
('Clinicalannotation', 'DiagnosisDetail', 'qc_gastro_dxd_cap_lip_oral', 'histo_salivary_duct_carcinoma', 'checkbox',  NULL , '0', '', '', '', 'salivary duct carcinoma', ''), 
('Clinicalannotation', 'DiagnosisDetail', 'qc_gastro_dxd_cap_lip_oral', 'histo_other', 'checkbox',  NULL , '0', '', '', '', 'other', ''), 
('Clinicalannotation', 'DiagnosisDetail', 'qc_gastro_dxd_cap_lip_oral', 'histo_other_specify', 'input',  NULL , '0', '', '', '', '', 'specify'), 
('Clinicalannotation', 'DiagnosisDetail', 'qc_gastro_dxd_cap_lip_oral', 'histo_adenocarcinoma_not_otherwise_specified_nos_b', 'checkbox',  NULL , '0', '', '', '', 'adenocarcinoma not otherwise specified nos', ''), 
('Clinicalannotation', 'DiagnosisDetail', 'qc_gastro_dxd_cap_lip_oral', 'histo_adenocarcinoma_b_low_grade', 'checkbox',  NULL , '0', '', '', '', '', 'low grade'), 
('Clinicalannotation', 'DiagnosisDetail', 'qc_gastro_dxd_cap_lip_oral', 'histo_adenocarcinoma_b_intermediate_grade', 'checkbox',  NULL , '0', '', '', '', '', 'intermediate grade'), 
('Clinicalannotation', 'DiagnosisDetail', 'qc_gastro_dxd_cap_lip_oral', 'histo_adenocarcinoma_b_high_grade', 'checkbox',  NULL , '0', '', '', '', '', 'high grade'), 
('Clinicalannotation', 'DiagnosisDetail', 'qc_gastro_dxd_cap_lip_oral', 'histo_other_b', 'checkbox',  NULL , '0', '', '', '', 'other', ''), 
('Clinicalannotation', 'DiagnosisDetail', 'qc_gastro_dxd_cap_lip_oral', 'histo_other_b_specify', 'input',  NULL , '0', '', '', '', '', 'specify'), 
('Clinicalannotation', 'DiagnosisDetail', 'qc_gastro_dxd_cap_lip_oral', 'histo_typical_carcinoid_tumor', 'checkbox',  NULL , '0', '', '', '', 'typical carcinoid tumor', ''), 
('Clinicalannotation', 'DiagnosisDetail', 'qc_gastro_dxd_cap_lip_oral', 'histo_atypical_carcinoid_tumor', 'checkbox',  NULL , '0', '', '', '', 'atypical carcinoid tumor', ''), 
('Clinicalannotation', 'DiagnosisDetail', 'qc_gastro_dxd_cap_lip_oral', 'histo_small_cell_carcinoma', 'checkbox',  NULL , '0', '', '', '', 'small cell carcinoma', ''), 
('Clinicalannotation', 'DiagnosisDetail', 'qc_gastro_dxd_cap_lip_oral', 'histo_combined_or_composite_small_cell_carcinoma', 'checkbox',  NULL , '0', '', '', '', 'combined (or composite) small cell carcinoma', ''), 
('Clinicalannotation', 'DiagnosisDetail', 'qc_gastro_dxd_cap_lip_oral', 'histo_other_c', 'checkbox',  NULL , '0', '', '', '', 'other', ''), 
('Clinicalannotation', 'DiagnosisDetail', 'qc_gastro_dxd_cap_lip_oral', 'histo_other_c_specify', 'input',  NULL , '0', '', '', '', '', 'specify'), 
('Clinicalannotation', 'DiagnosisDetail', 'qc_gastro_dxd_cap_lip_oral', 'histo_carcinoma_type_cannot_be_determined_b', 'checkbox',  NULL , '0', '', '', '', 'carcinoma type cannot be determined', ''), 
('Clinicalannotation', 'DiagnosisDetail', 'qc_gastro_dxd_cap_lip_oral', 'histo_mucosal_malignant_melanoma', 'checkbox',  NULL , '0', '', '', '', 'mucosal malignant melanoma', ''), 
('Clinicalannotation', 'DiagnosisDetail', 'qc_gastro_dxd_cap_lip_oral', 'histo_grade', 'select', (SELECT id FROM structure_value_domains WHERE domain_name='histologic_grade_larynx') , '0', '', '', '', 'histologic grade', ''), 
('Clinicalannotation', 'DiagnosisDetail', 'qc_gastro_dxd_cap_lip_oral', 'histo_grade_specify', 'input',  NULL , '0', '', '', '', '', 'specify'), 
('Clinicalannotation', 'DiagnosisDetail', 'qc_gastro_dxd_cap_lip_oral', 'lymph_vascular_invasion', 'select', (SELECT id FROM structure_value_domains WHERE domain_name='lymph_vascular_invasion') , '0', '', '', '', 'lymph vascular invasion', ''), 
('Clinicalannotation', 'DiagnosisDetail', 'qc_gastro_dxd_cap_lip_oral', 'perineural_invasion', 'select', (SELECT id FROM structure_value_domains WHERE domain_name='lymph_vascular_invasion') , '0', '', '', '', 'perineural invasion', ''), 
('Clinicalannotation', 'DiagnosisDetail', 'qc_gastro_dxd_cap_lip_oral', 'tnm_descriptors_m', 'checkbox',  NULL , '0', '', '', '', 'descriptors', 'm'), 
('Clinicalannotation', 'DiagnosisDetail', 'qc_gastro_dxd_cap_lip_oral', 'tnm_descriptors_r', 'checkbox',  NULL , '0', '', '', '', '', 'r'), 
('Clinicalannotation', 'DiagnosisDetail', 'qc_gastro_dxd_cap_lip_oral', 'tnm_descriptors_y', 'checkbox',  NULL , '0', '', '', '', '', 'y'), 
('Clinicalannotation', 'DiagnosisDetail', 'qc_gastro_dxd_cap_lip_oral', 'pt', 'select', (SELECT id FROM structure_value_domains WHERE domain_name='qc_gastro_cap_lip_oral_pt') , '0', '', '', '', 'pt', ''), 
('Clinicalannotation', 'DiagnosisDetail', 'qc_gastro_dxd_cap_lip_oral', 'pn', 'select', (SELECT id FROM structure_value_domains WHERE domain_name='qc_gastro_cap_lip_oral_pn') , '0', '', '', '', 'pn', ''), 
('Clinicalannotation', 'DiagnosisDetail', 'qc_gastro_dxd_cap_lip_oral', 'number_of_lymph_nodes_examined', 'integer_positive',  NULL , '0', '', '', '', 'number of lymph nodes examined', ''), 
('Clinicalannotation', 'DiagnosisDetail', 'qc_gastro_dxd_cap_lip_oral', 'number_of_lymph_nodes_examined_cannot_be_determined', 'checkbox',  NULL , '0', '', '', '', 'number of lymph nodes examined cannot be determined', ''), 
('Clinicalannotation', 'DiagnosisDetail', 'qc_gastro_dxd_cap_lip_oral', 'number_of_lymph_nodes_examined_cannot_be_determined_specify', 'checkbox',  NULL , '0', '', '', '', '', 'specify'), 
('Clinicalannotation', 'DiagnosisDetail', 'qc_gastro_dxd_cap_lip_oral', 'number_of_lymph_nodes_involved', 'integer_positive',  NULL , '0', '', '', '', 'number of lymph nodes involved', ''), 
('Clinicalannotation', 'DiagnosisDetail', 'qc_gastro_dxd_cap_lip_oral', 'number_of_lymph_nodes_involved_cannot_be_determined', 'checkbox',  NULL , '0', '', '', '', 'number of lymph nodes involved cannot be determined', ''), 
('Clinicalannotation', 'DiagnosisDetail', 'qc_gastro_dxd_cap_lip_oral', 'number_of_lymph_nodes_involved_cannot_be_determined_specify', 'checkbox',  NULL , '0', '', '', '', '', 'specify'), 
('Clinicalannotation', 'DiagnosisDetail', 'qc_gastro_dxd_cap_lip_oral', 'size_greatest_dimension_largest_positiev_lymph_node', 'float_positive',  NULL , '0', '', '', '', 'size greatest dimension largest positiev lymph node', ''), 
('Clinicalannotation', 'DiagnosisDetail', 'qc_gastro_dxd_cap_lip_oral', 'pm', 'select', (SELECT id FROM structure_value_domains WHERE domain_name='qc_gastro_cap_lip_oral_pm') , '0', '', '', '', 'pm', ''), 
('Clinicalannotation', 'DiagnosisDetail', 'qc_gastro_dxd_cap_lip_oral', 'pm_site', 'input',  NULL , '0', '', '', '', '', 'site'), 
('Clinicalannotation', 'DiagnosisDetail', 'qc_gastro_dxd_cap_lip_oral', 'pm_source', 'input',  NULL , '0', '', '', '', '', 'source'), 
('Clinicalannotation', 'DiagnosisDetail', 'qc_gastro_dxd_cap_lip_oral', 'pt_mucosal', 'select', (SELECT id FROM structure_value_domains WHERE domain_name='qc_gastro_cap_lip_oral_pt_mucosal') , '0', '', '', '', 'pt mucosal', ''), 
('Clinicalannotation', 'DiagnosisDetail', 'qc_gastro_dxd_cap_lip_oral', 'pn_mucosal', 'select', (SELECT id FROM structure_value_domains WHERE domain_name='qc_gastro_cap_lip_oral_pn_mucosal') , '0', '', '', '', 'pn mucosal', ''), 
('Clinicalannotation', 'DiagnosisDetail', 'qc_gastro_dxd_cap_lip_oral', 'pm_mucosal', 'select', (SELECT id FROM structure_value_domains WHERE domain_name='qc_gastro_cap_lip_oral_pm_mucosal') , '0', '', '', '', 'pm mucosal', ''), 
('Clinicalannotation', 'DiagnosisDetail', 'qc_gastro_dxd_cap_lip_oral', 'pm_mucosal_site', 'input',  NULL , '0', '', '', '', '', 'site'), 
('Clinicalannotation', 'DiagnosisDetail', 'qc_gastro_dxd_cap_lip_oral', 'pm_mucosal_source', 'input',  NULL , '0', '', '', '', '', 'source');
INSERT INTO structure_formats(`structure_id`, `structure_field_id`, `display_column`, `display_order`, `language_heading`, `flag_override_label`, `language_label`, `flag_override_tag`, `language_tag`, `flag_override_help`, `language_help`, `flag_override_type`, `type`, `flag_override_setting`, `setting`, `flag_override_default`, `default`, `flag_add`, `flag_add_readonly`, `flag_edit`, `flag_edit_readonly`, `flag_search`, `flag_search_readonly`, `flag_addgrid`, `flag_addgrid_readonly`, `flag_editgrid`, `flag_editgrid_readonly`, `flag_batchedit`, `flag_batchedit_readonly`, `flag_index`, `flag_detail`, `flag_summary`) VALUES 
((SELECT id FROM structures WHERE alias='qc_gastro_dxd_cap_lip_oral'), (SELECT id FROM structure_fields WHERE `model`='DiagnosisDetail' AND `tablename`='qc_gastro_dxd_cap_lip_oral' AND `field`='specimen_is_vermilion_border_upper_lip' AND `type`='checkbox' AND `structure_value_domain`  IS NULL  AND `flag_confidential`='0' AND `setting`='' AND `default`='' AND `language_help`='' AND `language_label`='vermilion border upper lip' AND `language_tag`=''), '1', '1', 'specimen', '0', '', '0', '', '0', '', '0', '', '0', '', '0', '', '1', '0', '1', '0', '0', '0', '0', '0', '0', '0', '0', '0', '0', '1', '0'), 
((SELECT id FROM structures WHERE alias='qc_gastro_dxd_cap_lip_oral'), (SELECT id FROM structure_fields WHERE `model`='DiagnosisDetail' AND `tablename`='qc_gastro_dxd_cap_lip_oral' AND `field`='specimen_is_vermilion_border_lower_lip' AND `type`='checkbox' AND `structure_value_domain`  IS NULL  AND `flag_confidential`='0' AND `setting`='' AND `default`='' AND `language_help`='' AND `language_label`='vermilion border lower lip' AND `language_tag`=''), '1', '2', '', '0', '', '0', '', '0', '', '0', '', '0', '', '0', '', '1', '0', '1', '0', '0', '0', '0', '0', '0', '0', '0', '0', '0', '1', '0'), 
((SELECT id FROM structures WHERE alias='qc_gastro_dxd_cap_lip_oral'), (SELECT id FROM structure_fields WHERE `model`='DiagnosisDetail' AND `tablename`='qc_gastro_dxd_cap_lip_oral' AND `field`='specimen_is_mucosa_of_upper_lip' AND `type`='checkbox' AND `structure_value_domain`  IS NULL  AND `flag_confidential`='0' AND `setting`='' AND `default`='' AND `language_help`='' AND `language_label`='mucosa of upper lip' AND `language_tag`=''), '1', '3', '', '0', '', '0', '', '0', '', '0', '', '0', '', '0', '', '1', '0', '1', '0', '0', '0', '0', '0', '0', '0', '0', '0', '0', '1', '0'), 
((SELECT id FROM structures WHERE alias='qc_gastro_dxd_cap_lip_oral'), (SELECT id FROM structure_fields WHERE `model`='DiagnosisDetail' AND `tablename`='qc_gastro_dxd_cap_lip_oral' AND `field`='specimen_is_mucosa_of_lower_lip' AND `type`='checkbox' AND `structure_value_domain`  IS NULL  AND `flag_confidential`='0' AND `setting`='' AND `default`='' AND `language_help`='' AND `language_label`='mucosa of lower lip' AND `language_tag`=''), '1', '4', '', '0', '', '0', '', '0', '', '0', '', '0', '', '0', '', '1', '0', '1', '0', '0', '0', '0', '0', '0', '0', '0', '0', '0', '1', '0'), 
((SELECT id FROM structures WHERE alias='qc_gastro_dxd_cap_lip_oral'), (SELECT id FROM structure_fields WHERE `model`='DiagnosisDetail' AND `tablename`='qc_gastro_dxd_cap_lip_oral' AND `field`='specimen_is_commissure_of_lip' AND `type`='checkbox' AND `structure_value_domain`  IS NULL  AND `flag_confidential`='0' AND `setting`='' AND `default`='' AND `language_help`='' AND `language_label`='commissure of lip' AND `language_tag`=''), '1', '5', '', '0', '', '0', '', '0', '', '0', '', '0', '', '0', '', '1', '0', '1', '0', '0', '0', '0', '0', '0', '0', '0', '0', '0', '1', '0'), 
((SELECT id FROM structures WHERE alias='qc_gastro_dxd_cap_lip_oral'), (SELECT id FROM structure_fields WHERE `model`='DiagnosisDetail' AND `tablename`='qc_gastro_dxd_cap_lip_oral' AND `field`='specimen_is_lateral_border_of_tongue' AND `type`='checkbox' AND `structure_value_domain`  IS NULL  AND `flag_confidential`='0' AND `setting`='' AND `default`='' AND `language_help`='' AND `language_label`='lateral border of tongue' AND `language_tag`=''), '1', '6', '', '0', '', '0', '', '0', '', '0', '', '0', '', '0', '', '1', '0', '1', '0', '0', '0', '0', '0', '0', '0', '0', '0', '0', '1', '0'), 
((SELECT id FROM structures WHERE alias='qc_gastro_dxd_cap_lip_oral'), (SELECT id FROM structure_fields WHERE `model`='DiagnosisDetail' AND `tablename`='qc_gastro_dxd_cap_lip_oral' AND `field`='specimen_is_ventral_surface_of_tongue_nos' AND `type`='checkbox' AND `structure_value_domain`  IS NULL  AND `flag_confidential`='0' AND `setting`='' AND `default`='' AND `language_help`='' AND `language_label`='ventral surface of tongue nos' AND `language_tag`=''), '1', '7', '', '0', '', '0', '', '0', '', '0', '', '0', '', '0', '', '1', '0', '1', '0', '0', '0', '0', '0', '0', '0', '0', '0', '0', '1', '0'), 
((SELECT id FROM structures WHERE alias='qc_gastro_dxd_cap_lip_oral'), (SELECT id FROM structure_fields WHERE `model`='DiagnosisDetail' AND `tablename`='qc_gastro_dxd_cap_lip_oral' AND `field`='specimen_is_dorsal_surface_of_tongue_nos' AND `type`='checkbox' AND `structure_value_domain`  IS NULL  AND `flag_confidential`='0' AND `setting`='' AND `default`='' AND `language_help`='' AND `language_label`='dorsal surface of tongue nos' AND `language_tag`=''), '1', '8', '', '0', '', '0', '', '0', '', '0', '', '0', '', '0', '', '1', '0', '1', '0', '0', '0', '0', '0', '0', '0', '0', '0', '0', '1', '0'), 
((SELECT id FROM structures WHERE alias='qc_gastro_dxd_cap_lip_oral'), (SELECT id FROM structure_fields WHERE `model`='DiagnosisDetail' AND `tablename`='qc_gastro_dxd_cap_lip_oral' AND `field`='specimen_is_anterior_two_thirds_of_tongue_nos' AND `type`='checkbox' AND `structure_value_domain`  IS NULL  AND `flag_confidential`='0' AND `setting`='' AND `default`='' AND `language_help`='' AND `language_label`='anterior two thirds of tongue nos' AND `language_tag`=''), '1', '9', '', '0', '', '0', '', '0', '', '0', '', '0', '', '0', '', '1', '0', '1', '0', '0', '0', '0', '0', '0', '0', '0', '0', '0', '1', '0'), 
((SELECT id FROM structures WHERE alias='qc_gastro_dxd_cap_lip_oral'), (SELECT id FROM structure_fields WHERE `model`='DiagnosisDetail' AND `tablename`='qc_gastro_dxd_cap_lip_oral' AND `field`='specimen_is_upper_gingiva_gum' AND `type`='checkbox' AND `structure_value_domain`  IS NULL  AND `flag_confidential`='0' AND `setting`='' AND `default`='' AND `language_help`='' AND `language_label`='upper gingiva (gum)' AND `language_tag`=''), '1', '10', '', '0', '', '0', '', '0', '', '0', '', '0', '', '0', '', '1', '0', '1', '0', '0', '0', '0', '0', '0', '0', '0', '0', '0', '1', '0'), 
((SELECT id FROM structures WHERE alias='qc_gastro_dxd_cap_lip_oral'), (SELECT id FROM structure_fields WHERE `model`='DiagnosisDetail' AND `tablename`='qc_gastro_dxd_cap_lip_oral' AND `field`='specimen_is_lower_gingiva_gum' AND `type`='checkbox' AND `structure_value_domain`  IS NULL  AND `flag_confidential`='0' AND `setting`='' AND `default`='' AND `language_help`='' AND `language_label`='lower gingiva (gum)' AND `language_tag`=''), '1', '11', '', '0', '', '0', '', '0', '', '0', '', '0', '', '0', '', '1', '0', '1', '0', '0', '0', '0', '0', '0', '0', '0', '0', '0', '1', '0'), 
((SELECT id FROM structures WHERE alias='qc_gastro_dxd_cap_lip_oral'), (SELECT id FROM structure_fields WHERE `model`='DiagnosisDetail' AND `tablename`='qc_gastro_dxd_cap_lip_oral' AND `field`='specimen_is_anterior_floor_of_mouth' AND `type`='checkbox' AND `structure_value_domain`  IS NULL  AND `flag_confidential`='0' AND `setting`='' AND `default`='' AND `language_help`='' AND `language_label`='is anterior floor of mouth' AND `language_tag`=''), '1', '12', '', '0', '', '0', '', '0', '', '0', '', '0', '', '0', '', '1', '0', '1', '0', '0', '0', '0', '0', '0', '0', '0', '0', '0', '1', '0'), 
((SELECT id FROM structures WHERE alias='qc_gastro_dxd_cap_lip_oral'), (SELECT id FROM structure_fields WHERE `model`='DiagnosisDetail' AND `tablename`='qc_gastro_dxd_cap_lip_oral' AND `field`='specimen_is_floor_of_mouth_nos' AND `type`='checkbox' AND `structure_value_domain`  IS NULL  AND `flag_confidential`='0' AND `setting`='' AND `default`='' AND `language_help`='' AND `language_label`='floor of mouth nos' AND `language_tag`=''), '1', '13', '', '0', '', '0', '', '0', '', '0', '', '0', '', '0', '', '1', '0', '1', '0', '0', '0', '0', '0', '0', '0', '0', '0', '0', '1', '0'), 
((SELECT id FROM structures WHERE alias='qc_gastro_dxd_cap_lip_oral'), (SELECT id FROM structure_fields WHERE `model`='DiagnosisDetail' AND `tablename`='qc_gastro_dxd_cap_lip_oral' AND `field`='specimen_is_hard_palate' AND `type`='checkbox' AND `structure_value_domain`  IS NULL  AND `flag_confidential`='0' AND `setting`='' AND `default`='' AND `language_help`='' AND `language_label`='hard palate' AND `language_tag`=''), '1', '14', '', '0', '', '0', '', '0', '', '0', '', '0', '', '0', '', '1', '0', '1', '0', '0', '0', '0', '0', '0', '0', '0', '0', '0', '1', '0'), 
((SELECT id FROM structures WHERE alias='qc_gastro_dxd_cap_lip_oral'), (SELECT id FROM structure_fields WHERE `model`='DiagnosisDetail' AND `tablename`='qc_gastro_dxd_cap_lip_oral' AND `field`='specimen_is_buccal_mucosa_inner_cheek' AND `type`='checkbox' AND `structure_value_domain`  IS NULL  AND `flag_confidential`='0' AND `setting`='' AND `default`='' AND `language_help`='' AND `language_label`='buccal mucosa inner cheek' AND `language_tag`=''), '1', '15', '', '0', '', '0', '', '0', '', '0', '', '0', '', '0', '', '1', '0', '1', '0', '0', '0', '0', '0', '0', '0', '0', '0', '0', '1', '0'), 
((SELECT id FROM structures WHERE alias='qc_gastro_dxd_cap_lip_oral'), (SELECT id FROM structure_fields WHERE `model`='DiagnosisDetail' AND `tablename`='qc_gastro_dxd_cap_lip_oral' AND `field`='specimen_is_vestibule_of_mouth' AND `type`='checkbox' AND `structure_value_domain`  IS NULL  AND `flag_confidential`='0' AND `setting`='' AND `default`='' AND `language_help`='' AND `language_label`='vestibule of mouth' AND `language_tag`=''), '1', '16', '', '0', '', '0', '', '0', '', '0', '', '0', '', '0', '', '1', '0', '1', '0', '0', '0', '0', '0', '0', '0', '0', '0', '0', '1', '0'), 
((SELECT id FROM structures WHERE alias='qc_gastro_dxd_cap_lip_oral'), (SELECT id FROM structure_fields WHERE `model`='DiagnosisDetail' AND `tablename`='qc_gastro_dxd_cap_lip_oral' AND `field`='specimen_is_vestibule_of_mouth_upper' AND `type`='checkbox' AND `structure_value_domain`  IS NULL  AND `flag_confidential`='0' AND `setting`='' AND `default`='' AND `language_help`='' AND `language_label`='' AND `language_tag`='upper'), '1', '17', '', '0', '', '0', '', '0', '', '0', '', '0', '', '0', '', '1', '0', '1', '0', '0', '0', '0', '0', '0', '0', '0', '0', '0', '1', '0'), 
((SELECT id FROM structures WHERE alias='qc_gastro_dxd_cap_lip_oral'), (SELECT id FROM structure_fields WHERE `model`='DiagnosisDetail' AND `tablename`='qc_gastro_dxd_cap_lip_oral' AND `field`='specimen_is_vestibule_of_mouth_lower' AND `type`='checkbox' AND `structure_value_domain`  IS NULL  AND `flag_confidential`='0' AND `setting`='' AND `default`='' AND `language_help`='' AND `language_label`='' AND `language_tag`='lower'), '1', '18', '', '0', '', '0', '', '0', '', '0', '', '0', '', '0', '', '1', '0', '1', '0', '0', '0', '0', '0', '0', '0', '0', '0', '0', '1', '0'), 
((SELECT id FROM structures WHERE alias='qc_gastro_dxd_cap_lip_oral'), (SELECT id FROM structure_fields WHERE `model`='DiagnosisDetail' AND `tablename`='qc_gastro_dxd_cap_lip_oral' AND `field`='specimen_is_alveolar_process' AND `type`='checkbox' AND `structure_value_domain`  IS NULL  AND `flag_confidential`='0' AND `setting`='' AND `default`='' AND `language_help`='' AND `language_label`='alveolar process' AND `language_tag`=''), '1', '19', '', '0', '', '0', '', '0', '', '0', '', '0', '', '0', '', '1', '0', '1', '0', '0', '0', '0', '0', '0', '0', '0', '0', '0', '1', '0'), 
((SELECT id FROM structures WHERE alias='qc_gastro_dxd_cap_lip_oral'), (SELECT id FROM structure_fields WHERE `model`='DiagnosisDetail' AND `tablename`='qc_gastro_dxd_cap_lip_oral' AND `field`='specimen_is_alveolar_process_upper' AND `type`='checkbox' AND `structure_value_domain`  IS NULL  AND `flag_confidential`='0' AND `setting`='' AND `default`='' AND `language_help`='' AND `language_label`='' AND `language_tag`='upper'), '1', '20', '', '0', '', '0', '', '0', '', '0', '', '0', '', '0', '', '1', '0', '1', '0', '0', '0', '0', '0', '0', '0', '0', '0', '0', '1', '0'), 
((SELECT id FROM structures WHERE alias='qc_gastro_dxd_cap_lip_oral'), (SELECT id FROM structure_fields WHERE `model`='DiagnosisDetail' AND `tablename`='qc_gastro_dxd_cap_lip_oral' AND `field`='specimen_is_alveolar_process_lower' AND `type`='checkbox' AND `structure_value_domain`  IS NULL  AND `flag_confidential`='0' AND `setting`='' AND `default`='' AND `language_help`='' AND `language_label`='' AND `language_tag`='lower'), '1', '21', '', '0', '', '0', '', '0', '', '0', '', '0', '', '0', '', '1', '0', '1', '0', '0', '0', '0', '0', '0', '0', '0', '0', '0', '1', '0'), 
((SELECT id FROM structures WHERE alias='qc_gastro_dxd_cap_lip_oral'), (SELECT id FROM structure_fields WHERE `model`='DiagnosisDetail' AND `tablename`='qc_gastro_dxd_cap_lip_oral' AND `field`='specimen_is_mandible' AND `type`='checkbox' AND `structure_value_domain`  IS NULL  AND `flag_confidential`='0' AND `setting`='' AND `default`='' AND `language_help`='' AND `language_label`='mandible' AND `language_tag`=''), '1', '22', '', '0', '', '0', '', '0', '', '0', '', '0', '', '0', '', '1', '0', '1', '0', '0', '0', '0', '0', '0', '0', '0', '0', '0', '1', '0'), 
((SELECT id FROM structures WHERE alias='qc_gastro_dxd_cap_lip_oral'), (SELECT id FROM structure_fields WHERE `model`='DiagnosisDetail' AND `tablename`='qc_gastro_dxd_cap_lip_oral' AND `field`='specimen_is_maxilla' AND `type`='checkbox' AND `structure_value_domain`  IS NULL  AND `flag_confidential`='0' AND `setting`='' AND `default`='' AND `language_help`='' AND `language_label`='maxilla' AND `language_tag`=''), '1', '23', '', '0', '', '0', '', '0', '', '0', '', '0', '', '0', '', '1', '0', '1', '0', '0', '0', '0', '0', '0', '0', '0', '0', '0', '1', '0'), 
((SELECT id FROM structures WHERE alias='qc_gastro_dxd_cap_lip_oral'), (SELECT id FROM structure_fields WHERE `model`='DiagnosisDetail' AND `tablename`='qc_gastro_dxd_cap_lip_oral' AND `field`='specimen_is_other' AND `type`='checkbox' AND `structure_value_domain`  IS NULL  AND `flag_confidential`='0' AND `setting`='' AND `default`='' AND `language_help`='' AND `language_label`='other' AND `language_tag`=''), '1', '24', '', '0', '', '0', '', '0', '', '0', '', '0', '', '0', '', '1', '0', '1', '0', '0', '0', '0', '0', '0', '0', '0', '0', '0', '1', '0'), 
((SELECT id FROM structures WHERE alias='qc_gastro_dxd_cap_lip_oral'), (SELECT id FROM structure_fields WHERE `model`='DiagnosisDetail' AND `tablename`='qc_gastro_dxd_cap_lip_oral' AND `field`='specimen_is_other_specify' AND `type`='input' AND `structure_value_domain`  IS NULL  AND `flag_confidential`='0' AND `setting`='' AND `default`='' AND `language_help`='' AND `language_label`='' AND `language_tag`='specify'), '1', '25', '', '0', '', '0', '', '0', '', '0', '', '0', '', '0', '', '1', '0', '1', '0', '0', '0', '0', '0', '0', '0', '0', '0', '0', '1', '0'), 
((SELECT id FROM structures WHERE alias='qc_gastro_dxd_cap_lip_oral'), (SELECT id FROM structure_fields WHERE `model`='DiagnosisDetail' AND `tablename`='qc_gastro_dxd_cap_lip_oral' AND `field`='specimen_is_not_specified' AND `type`='checkbox' AND `structure_value_domain`  IS NULL  AND `flag_confidential`='0' AND `setting`='' AND `default`='' AND `language_help`='' AND `language_label`='specimen is not specified' AND `language_tag`=''), '1', '26', '', '0', '', '0', '', '0', '', '0', '', '0', '', '0', '', '1', '0', '1', '0', '0', '0', '0', '0', '0', '0', '0', '0', '0', '1', '0'), 
((SELECT id FROM structures WHERE alias='qc_gastro_dxd_cap_lip_oral'), (SELECT id FROM structure_fields WHERE `model`='DiagnosisDetail' AND `tablename`='qc_gastro_dxd_cap_lip_oral' AND `field`='procedure_is_incisional_biopsy' AND `type`='checkbox' AND `structure_value_domain`  IS NULL  AND `flag_confidential`='0' AND `setting`='' AND `default`='' AND `language_help`='' AND `language_label`='incisional biopsy' AND `language_tag`=''), '1', '27', 'procedure', '0', '', '0', '', '0', '', '0', '', '0', '', '0', '', '1', '0', '1', '0', '0', '0', '0', '0', '0', '0', '0', '0', '0', '1', '0'), 
((SELECT id FROM structures WHERE alias='qc_gastro_dxd_cap_lip_oral'), (SELECT id FROM structure_fields WHERE `model`='DiagnosisDetail' AND `tablename`='qc_gastro_dxd_cap_lip_oral' AND `field`='procedure_is_excisional_biopsy' AND `type`='checkbox' AND `structure_value_domain`  IS NULL  AND `flag_confidential`='0' AND `setting`='' AND `default`='' AND `language_help`='' AND `language_label`='excisional biopsy' AND `language_tag`=''), '1', '28', '', '0', '', '0', '', '0', '', '0', '', '0', '', '0', '', '1', '0', '1', '0', '0', '0', '0', '0', '0', '0', '0', '0', '0', '1', '0'), 
((SELECT id FROM structures WHERE alias='qc_gastro_dxd_cap_lip_oral'), (SELECT id FROM structure_fields WHERE `model`='DiagnosisDetail' AND `tablename`='qc_gastro_dxd_cap_lip_oral' AND `field`='procedure_is_resection' AND `type`='checkbox' AND `structure_value_domain`  IS NULL  AND `flag_confidential`='0' AND `setting`='' AND `default`='' AND `language_help`='' AND `language_label`='resection' AND `language_tag`=''), '1', '29', '', '0', '', '0', '', '0', '', '0', '', '0', '', '0', '', '1', '0', '1', '0', '0', '0', '0', '0', '0', '0', '0', '0', '0', '1', '0'), 
((SELECT id FROM structures WHERE alias='qc_gastro_dxd_cap_lip_oral'), (SELECT id FROM structure_fields WHERE `model`='DiagnosisDetail' AND `tablename`='qc_gastro_dxd_cap_lip_oral' AND `field`='procedure_is_resection_glossectomy' AND `type`='checkbox' AND `structure_value_domain`  IS NULL  AND `flag_confidential`='0' AND `setting`='' AND `default`='' AND `language_help`='' AND `language_label`='resection glossectomy' AND `language_tag`=''), '1', '30', '', '0', '', '0', '', '0', '', '0', '', '0', '', '0', '', '1', '0', '1', '0', '0', '0', '0', '0', '0', '0', '0', '0', '0', '1', '0'), 
((SELECT id FROM structures WHERE alias='qc_gastro_dxd_cap_lip_oral'), (SELECT id FROM structure_fields WHERE `model`='DiagnosisDetail' AND `tablename`='qc_gastro_dxd_cap_lip_oral' AND `field`='procedure_is_resection_glossectomy_specify' AND `type`='input' AND `structure_value_domain`  IS NULL  AND `flag_confidential`='0' AND `setting`='' AND `default`='' AND `language_help`='' AND `language_label`='' AND `language_tag`='specify'), '1', '31', '', '0', '', '0', '', '0', '', '0', '', '0', '', '0', '', '1', '0', '1', '0', '0', '0', '0', '0', '0', '0', '0', '0', '0', '1', '0'), 
((SELECT id FROM structures WHERE alias='qc_gastro_dxd_cap_lip_oral'), (SELECT id FROM structure_fields WHERE `model`='DiagnosisDetail' AND `tablename`='qc_gastro_dxd_cap_lip_oral' AND `field`='procedure_is_resection_mandibulectomy' AND `type`='checkbox' AND `structure_value_domain`  IS NULL  AND `flag_confidential`='0' AND `setting`='' AND `default`='' AND `language_help`='' AND `language_label`='resection mandibulectomy' AND `language_tag`=''), '1', '32', '', '0', '', '0', '', '0', '', '0', '', '0', '', '0', '', '1', '0', '1', '0', '0', '0', '0', '0', '0', '0', '0', '0', '0', '1', '0'), 
((SELECT id FROM structures WHERE alias='qc_gastro_dxd_cap_lip_oral'), (SELECT id FROM structure_fields WHERE `model`='DiagnosisDetail' AND `tablename`='qc_gastro_dxd_cap_lip_oral' AND `field`='procedure_is_resection_mandibulectomy_specify' AND `type`='input' AND `structure_value_domain`  IS NULL  AND `flag_confidential`='0' AND `setting`='' AND `default`='' AND `language_help`='' AND `language_label`='' AND `language_tag`='specify'), '1', '33', '', '0', '', '0', '', '0', '', '0', '', '0', '', '0', '', '1', '0', '1', '0', '0', '0', '0', '0', '0', '0', '0', '0', '0', '1', '0'), 
((SELECT id FROM structures WHERE alias='qc_gastro_dxd_cap_lip_oral'), (SELECT id FROM structure_fields WHERE `model`='DiagnosisDetail' AND `tablename`='qc_gastro_dxd_cap_lip_oral' AND `field`='procedure_is_resection_maxillectomy' AND `type`='checkbox' AND `structure_value_domain`  IS NULL  AND `flag_confidential`='0' AND `setting`='' AND `default`='' AND `language_help`='' AND `language_label`='resection maxillectomy' AND `language_tag`=''), '1', '34', '', '0', '', '0', '', '0', '', '0', '', '0', '', '0', '', '1', '0', '1', '0', '0', '0', '0', '0', '0', '0', '0', '0', '0', '1', '0'), 
((SELECT id FROM structures WHERE alias='qc_gastro_dxd_cap_lip_oral'), (SELECT id FROM structure_fields WHERE `model`='DiagnosisDetail' AND `tablename`='qc_gastro_dxd_cap_lip_oral' AND `field`='procedure_is_resection_maxillectomy_specify' AND `type`='input' AND `structure_value_domain`  IS NULL  AND `flag_confidential`='0' AND `setting`='' AND `default`='' AND `language_help`='' AND `language_label`='' AND `language_tag`='specify'), '1', '35', '', '0', '', '0', '', '0', '', '0', '', '0', '', '0', '', '1', '0', '1', '0', '0', '0', '0', '0', '0', '0', '0', '0', '0', '1', '0'), 
((SELECT id FROM structures WHERE alias='qc_gastro_dxd_cap_lip_oral'), (SELECT id FROM structure_fields WHERE `model`='DiagnosisDetail' AND `tablename`='qc_gastro_dxd_cap_lip_oral' AND `field`='procedure_is_resection_palatectomy' AND `type`='checkbox' AND `structure_value_domain`  IS NULL  AND `flag_confidential`='0' AND `setting`='' AND `default`='' AND `language_help`='' AND `language_label`='resection palatectomy' AND `language_tag`=''), '1', '36', '', '0', '', '0', '', '0', '', '0', '', '0', '', '0', '', '1', '0', '1', '0', '0', '0', '0', '0', '0', '0', '0', '0', '0', '1', '0'), 
((SELECT id FROM structures WHERE alias='qc_gastro_dxd_cap_lip_oral'), (SELECT id FROM structure_fields WHERE `model`='DiagnosisDetail' AND `tablename`='qc_gastro_dxd_cap_lip_oral' AND `field`='procedure_is_neck_lymph_node_dissection' AND `type`='checkbox' AND `structure_value_domain`  IS NULL  AND `flag_confidential`='0' AND `setting`='' AND `default`='' AND `language_help`='' AND `language_label`='neck (lymph node) dissection' AND `language_tag`=''), '1', '37', '', '0', '', '0', '', '0', '', '0', '', '0', '', '0', '', '1', '0', '1', '0', '0', '0', '0', '0', '0', '0', '0', '0', '0', '1', '0'), 
((SELECT id FROM structures WHERE alias='qc_gastro_dxd_cap_lip_oral'), (SELECT id FROM structure_fields WHERE `model`='DiagnosisDetail' AND `tablename`='qc_gastro_dxd_cap_lip_oral' AND `field`='procedure_is_neck_lymph_node_dissection_specify' AND `type`='input' AND `structure_value_domain`  IS NULL  AND `flag_confidential`='0' AND `setting`='' AND `default`='' AND `language_help`='' AND `language_label`='' AND `language_tag`='specify'), '1', '38', '', '0', '', '0', '', '0', '', '0', '', '0', '', '0', '', '1', '0', '1', '0', '0', '0', '0', '0', '0', '0', '0', '0', '0', '1', '0'), 
((SELECT id FROM structures WHERE alias='qc_gastro_dxd_cap_lip_oral'), (SELECT id FROM structure_fields WHERE `model`='DiagnosisDetail' AND `tablename`='qc_gastro_dxd_cap_lip_oral' AND `field`='procedure_is_other' AND `type`='checkbox' AND `structure_value_domain`  IS NULL  AND `flag_confidential`='0' AND `setting`='' AND `default`='' AND `language_help`='' AND `language_label`='other' AND `language_tag`=''), '1', '39', '', '0', '', '0', '', '0', '', '0', '', '0', '', '0', '', '1', '0', '1', '0', '0', '0', '0', '0', '0', '0', '0', '0', '0', '1', '0'), 
((SELECT id FROM structures WHERE alias='qc_gastro_dxd_cap_lip_oral'), (SELECT id FROM structure_fields WHERE `model`='DiagnosisDetail' AND `tablename`='qc_gastro_dxd_cap_lip_oral' AND `field`='procedure_is_other_specify' AND `type`='input' AND `structure_value_domain`  IS NULL  AND `flag_confidential`='0' AND `setting`='' AND `default`='' AND `language_help`='' AND `language_label`='' AND `language_tag`='specify'), '1', '40', '', '0', '', '0', '', '0', '', '0', '', '0', '', '0', '', '1', '0', '1', '0', '0', '0', '0', '0', '0', '0', '0', '0', '0', '1', '0'), 
((SELECT id FROM structures WHERE alias='qc_gastro_dxd_cap_lip_oral'), (SELECT id FROM structure_fields WHERE `model`='DiagnosisDetail' AND `tablename`='qc_gastro_dxd_cap_lip_oral' AND `field`='procedure_is_not_specified' AND `type`='checkbox' AND `structure_value_domain`  IS NULL  AND `flag_confidential`='0' AND `setting`='' AND `default`='' AND `language_help`='' AND `language_label`='procedure is not specified' AND `language_tag`=''), '1', '41', '', '0', '', '0', '', '0', '', '0', '', '0', '', '0', '', '1', '0', '1', '0', '0', '0', '0', '0', '0', '0', '0', '0', '0', '1', '0'), 
((SELECT id FROM structures WHERE alias='qc_gastro_dxd_cap_lip_oral'), (SELECT id FROM structure_fields WHERE `model`='DiagnosisDetail' AND `tablename`='qc_gastro_dxd_cap_lip_oral' AND `field`='laterality_is_right' AND `type`='checkbox' AND `structure_value_domain`  IS NULL  AND `flag_confidential`='0' AND `setting`='' AND `default`='' AND `language_help`='' AND `language_label`='right' AND `language_tag`=''), '1', '42', 'laterality', '0', '', '0', '', '0', '', '0', '', '0', '', '0', '', '1', '0', '1', '0', '0', '0', '0', '0', '0', '0', '0', '0', '0', '1', '0'), 
((SELECT id FROM structures WHERE alias='qc_gastro_dxd_cap_lip_oral'), (SELECT id FROM structure_fields WHERE `model`='DiagnosisDetail' AND `tablename`='qc_gastro_dxd_cap_lip_oral' AND `field`='laterality_is_left' AND `type`='checkbox' AND `structure_value_domain`  IS NULL  AND `flag_confidential`='0' AND `setting`='' AND `default`='' AND `language_help`='' AND `language_label`='left' AND `language_tag`=''), '1', '43', '', '0', '', '0', '', '0', '', '0', '', '0', '', '0', '', '1', '0', '1', '0', '0', '0', '0', '0', '0', '0', '0', '0', '0', '1', '0'), 
((SELECT id FROM structures WHERE alias='qc_gastro_dxd_cap_lip_oral'), (SELECT id FROM structure_fields WHERE `model`='DiagnosisDetail' AND `tablename`='qc_gastro_dxd_cap_lip_oral' AND `field`='laterality_is_bilateral' AND `type`='checkbox' AND `structure_value_domain`  IS NULL  AND `flag_confidential`='0' AND `setting`='' AND `default`='' AND `language_help`='' AND `language_label`='bilateral' AND `language_tag`=''), '1', '44', '', '0', '', '0', '', '0', '', '0', '', '0', '', '0', '', '1', '0', '1', '0', '0', '0', '0', '0', '0', '0', '0', '0', '0', '1', '0'), 
((SELECT id FROM structures WHERE alias='qc_gastro_dxd_cap_lip_oral'), (SELECT id FROM structure_fields WHERE `model`='DiagnosisDetail' AND `tablename`='qc_gastro_dxd_cap_lip_oral' AND `field`='laterality_is_midline' AND `type`='checkbox' AND `structure_value_domain`  IS NULL  AND `flag_confidential`='0' AND `setting`='' AND `default`='' AND `language_help`='' AND `language_label`='midline' AND `language_tag`=''), '1', '45', '', '0', '', '0', '', '0', '', '0', '', '0', '', '0', '', '1', '0', '1', '0', '0', '0', '0', '0', '0', '0', '0', '0', '0', '1', '0'), 
((SELECT id FROM structures WHERE alias='qc_gastro_dxd_cap_lip_oral'), (SELECT id FROM structure_fields WHERE `model`='DiagnosisDetail' AND `tablename`='qc_gastro_dxd_cap_lip_oral' AND `field`='laterality_is_not_specified' AND `type`='checkbox' AND `structure_value_domain`  IS NULL  AND `flag_confidential`='0' AND `setting`='' AND `default`='' AND `language_help`='' AND `language_label`='not specified' AND `language_tag`=''), '1', '46', '', '0', '', '0', '', '0', '', '0', '', '0', '', '0', '', '1', '0', '1', '0', '0', '0', '0', '0', '0', '0', '0', '0', '0', '1', '0'), 
((SELECT id FROM structures WHERE alias='qc_gastro_dxd_cap_lip_oral'), (SELECT id FROM structure_fields WHERE `model`='DiagnosisDetail' AND `tablename`='qc_gastro_dxd_cap_lip_oral' AND `field`='site_is_vermilion_border_upper_lip' AND `type`='checkbox' AND `structure_value_domain`  IS NULL  AND `flag_confidential`='0' AND `setting`='' AND `default`='' AND `language_help`='' AND `language_label`='vermilion border upper lip' AND `language_tag`=''), '1', '47', 'site', '0', '', '0', '', '0', '', '0', '', '0', '', '0', '', '1', '0', '1', '0', '0', '0', '0', '0', '0', '0', '0', '0', '0', '1', '0'), 
((SELECT id FROM structures WHERE alias='qc_gastro_dxd_cap_lip_oral'), (SELECT id FROM structure_fields WHERE `model`='DiagnosisDetail' AND `tablename`='qc_gastro_dxd_cap_lip_oral' AND `field`='site_is_vermilion_border_lower_lip' AND `type`='checkbox' AND `structure_value_domain`  IS NULL  AND `flag_confidential`='0' AND `setting`='' AND `default`='' AND `language_help`='' AND `language_label`='vermilion border lower lip' AND `language_tag`=''), '1', '48', '', '0', '', '0', '', '0', '', '0', '', '0', '', '0', '', '1', '0', '1', '0', '0', '0', '0', '0', '0', '0', '0', '0', '0', '1', '0'), 
((SELECT id FROM structures WHERE alias='qc_gastro_dxd_cap_lip_oral'), (SELECT id FROM structure_fields WHERE `model`='DiagnosisDetail' AND `tablename`='qc_gastro_dxd_cap_lip_oral' AND `field`='site_is_mucosa_of_upper_lip' AND `type`='checkbox' AND `structure_value_domain`  IS NULL  AND `flag_confidential`='0' AND `setting`='' AND `default`='' AND `language_help`='' AND `language_label`='mucosa of upper lip' AND `language_tag`=''), '1', '49', '', '0', '', '0', '', '0', '', '0', '', '0', '', '0', '', '1', '0', '1', '0', '0', '0', '0', '0', '0', '0', '0', '0', '0', '1', '0'), 
((SELECT id FROM structures WHERE alias='qc_gastro_dxd_cap_lip_oral'), (SELECT id FROM structure_fields WHERE `model`='DiagnosisDetail' AND `tablename`='qc_gastro_dxd_cap_lip_oral' AND `field`='site_is_mucosa_of_lower_lip' AND `type`='checkbox' AND `structure_value_domain`  IS NULL  AND `flag_confidential`='0' AND `setting`='' AND `default`='' AND `language_help`='' AND `language_label`='mucosa of lower lip' AND `language_tag`=''), '1', '50', '', '0', '', '0', '', '0', '', '0', '', '0', '', '0', '', '1', '0', '1', '0', '0', '0', '0', '0', '0', '0', '0', '0', '0', '1', '0'), 
((SELECT id FROM structures WHERE alias='qc_gastro_dxd_cap_lip_oral'), (SELECT id FROM structure_fields WHERE `model`='DiagnosisDetail' AND `tablename`='qc_gastro_dxd_cap_lip_oral' AND `field`='site_is_commissure_of_lip' AND `type`='checkbox' AND `structure_value_domain`  IS NULL  AND `flag_confidential`='0' AND `setting`='' AND `default`='' AND `language_help`='' AND `language_label`='commissure of lip' AND `language_tag`=''), '1', '51', '', '0', '', '0', '', '0', '', '0', '', '0', '', '0', '', '1', '0', '1', '0', '0', '0', '0', '0', '0', '0', '0', '0', '0', '1', '0'), 
((SELECT id FROM structures WHERE alias='qc_gastro_dxd_cap_lip_oral'), (SELECT id FROM structure_fields WHERE `model`='DiagnosisDetail' AND `tablename`='qc_gastro_dxd_cap_lip_oral' AND `field`='site_is_lateral_border_of_tongue' AND `type`='checkbox' AND `structure_value_domain`  IS NULL  AND `flag_confidential`='0' AND `setting`='' AND `default`='' AND `language_help`='' AND `language_label`='lateral border of tongue' AND `language_tag`=''), '1', '52', '', '0', '', '0', '', '0', '', '0', '', '0', '', '0', '', '1', '0', '1', '0', '0', '0', '0', '0', '0', '0', '0', '0', '0', '1', '0'), 
((SELECT id FROM structures WHERE alias='qc_gastro_dxd_cap_lip_oral'), (SELECT id FROM structure_fields WHERE `model`='DiagnosisDetail' AND `tablename`='qc_gastro_dxd_cap_lip_oral' AND `field`='site_is_ventral_surface_of_tongue_nos' AND `type`='checkbox' AND `structure_value_domain`  IS NULL  AND `flag_confidential`='0' AND `setting`='' AND `default`='' AND `language_help`='' AND `language_label`='ventral surface of tongue nos' AND `language_tag`=''), '1', '53', '', '0', '', '0', '', '0', '', '0', '', '0', '', '0', '', '1', '0', '1', '0', '0', '0', '0', '0', '0', '0', '0', '0', '0', '1', '0'), 
((SELECT id FROM structures WHERE alias='qc_gastro_dxd_cap_lip_oral'), (SELECT id FROM structure_fields WHERE `model`='DiagnosisDetail' AND `tablename`='qc_gastro_dxd_cap_lip_oral' AND `field`='site_is_dorsal_surface_of_tongue_nos' AND `type`='checkbox' AND `structure_value_domain`  IS NULL  AND `flag_confidential`='0' AND `setting`='' AND `default`='' AND `language_help`='' AND `language_label`='dorsal surface of tongue nos' AND `language_tag`=''), '1', '54', '', '0', '', '0', '', '0', '', '0', '', '0', '', '0', '', '1', '0', '1', '0', '0', '0', '0', '0', '0', '0', '0', '0', '0', '1', '0'), 
((SELECT id FROM structures WHERE alias='qc_gastro_dxd_cap_lip_oral'), (SELECT id FROM structure_fields WHERE `model`='DiagnosisDetail' AND `tablename`='qc_gastro_dxd_cap_lip_oral' AND `field`='site_is_anterior_two_thirds_of_tongue_nos' AND `type`='checkbox' AND `structure_value_domain`  IS NULL  AND `flag_confidential`='0' AND `setting`='' AND `default`='' AND `language_help`='' AND `language_label`='anterior two thirds of tongue nos' AND `language_tag`=''), '1', '55', '', '0', '', '0', '', '0', '', '0', '', '0', '', '0', '', '1', '0', '1', '0', '0', '0', '0', '0', '0', '0', '0', '0', '0', '1', '0'), 
((SELECT id FROM structures WHERE alias='qc_gastro_dxd_cap_lip_oral'), (SELECT id FROM structure_fields WHERE `model`='DiagnosisDetail' AND `tablename`='qc_gastro_dxd_cap_lip_oral' AND `field`='site_is_upper_gingiva_gum' AND `type`='checkbox' AND `structure_value_domain`  IS NULL  AND `flag_confidential`='0' AND `setting`='' AND `default`='' AND `language_help`='' AND `language_label`='upper gingiva (gum)' AND `language_tag`=''), '1', '56', '', '0', '', '0', '', '0', '', '0', '', '0', '', '0', '', '1', '0', '1', '0', '0', '0', '0', '0', '0', '0', '0', '0', '0', '1', '0'), 
((SELECT id FROM structures WHERE alias='qc_gastro_dxd_cap_lip_oral'), (SELECT id FROM structure_fields WHERE `model`='DiagnosisDetail' AND `tablename`='qc_gastro_dxd_cap_lip_oral' AND `field`='site_is_lower_gingiva_gum' AND `type`='checkbox' AND `structure_value_domain`  IS NULL  AND `flag_confidential`='0' AND `setting`='' AND `default`='' AND `language_help`='' AND `language_label`='lower gingiva (gum)' AND `language_tag`=''), '1', '57', '', '0', '', '0', '', '0', '', '0', '', '0', '', '0', '', '1', '0', '1', '0', '0', '0', '0', '0', '0', '0', '0', '0', '0', '1', '0'), 
((SELECT id FROM structures WHERE alias='qc_gastro_dxd_cap_lip_oral'), (SELECT id FROM structure_fields WHERE `model`='DiagnosisDetail' AND `tablename`='qc_gastro_dxd_cap_lip_oral' AND `field`='site_is_anterior_floor_of_mouth' AND `type`='checkbox' AND `structure_value_domain`  IS NULL  AND `flag_confidential`='0' AND `setting`='' AND `default`='' AND `language_help`='' AND `language_label`='anterior floor of mouth' AND `language_tag`=''), '1', '58', '', '0', '', '0', '', '0', '', '0', '', '0', '', '0', '', '1', '0', '1', '0', '0', '0', '0', '0', '0', '0', '0', '0', '0', '1', '0'), 
((SELECT id FROM structures WHERE alias='qc_gastro_dxd_cap_lip_oral'), (SELECT id FROM structure_fields WHERE `model`='DiagnosisDetail' AND `tablename`='qc_gastro_dxd_cap_lip_oral' AND `field`='site_is_floor_of_mouth_nos' AND `type`='checkbox' AND `structure_value_domain`  IS NULL  AND `flag_confidential`='0' AND `setting`='' AND `default`='' AND `language_help`='' AND `language_label`='floor of mouth nos' AND `language_tag`=''), '1', '59', '', '0', '', '0', '', '0', '', '0', '', '0', '', '0', '', '1', '0', '1', '0', '0', '0', '0', '0', '0', '0', '0', '0', '0', '1', '0'), 
((SELECT id FROM structures WHERE alias='qc_gastro_dxd_cap_lip_oral'), (SELECT id FROM structure_fields WHERE `model`='DiagnosisDetail' AND `tablename`='qc_gastro_dxd_cap_lip_oral' AND `field`='site_is_hard_palate' AND `type`='checkbox' AND `structure_value_domain`  IS NULL  AND `flag_confidential`='0' AND `setting`='' AND `default`='' AND `language_help`='' AND `language_label`='hard palate' AND `language_tag`=''), '1', '60', '', '0', '', '0', '', '0', '', '0', '', '0', '', '0', '', '1', '0', '1', '0', '0', '0', '0', '0', '0', '0', '0', '0', '0', '1', '0'), 
((SELECT id FROM structures WHERE alias='qc_gastro_dxd_cap_lip_oral'), (SELECT id FROM structure_fields WHERE `model`='DiagnosisDetail' AND `tablename`='qc_gastro_dxd_cap_lip_oral' AND `field`='site_is_buccal_mucosa_inner_cheek' AND `type`='checkbox' AND `structure_value_domain`  IS NULL  AND `flag_confidential`='0' AND `setting`='' AND `default`='' AND `language_help`='' AND `language_label`='buccal mucosa inner cheek' AND `language_tag`=''), '1', '61', '', '0', '', '0', '', '0', '', '0', '', '0', '', '0', '', '1', '0', '1', '0', '0', '0', '0', '0', '0', '0', '0', '0', '0', '1', '0'), 
((SELECT id FROM structures WHERE alias='qc_gastro_dxd_cap_lip_oral'), (SELECT id FROM structure_fields WHERE `model`='DiagnosisDetail' AND `tablename`='qc_gastro_dxd_cap_lip_oral' AND `field`='site_is_vestibule_of_mouth' AND `type`='checkbox' AND `structure_value_domain`  IS NULL  AND `flag_confidential`='0' AND `setting`='' AND `default`='' AND `language_help`='' AND `language_label`='vestibule of mouth' AND `language_tag`=''), '1', '62', '', '0', '', '0', '', '0', '', '0', '', '0', '', '0', '', '1', '0', '1', '0', '0', '0', '0', '0', '0', '0', '0', '0', '0', '1', '0'), 
((SELECT id FROM structures WHERE alias='qc_gastro_dxd_cap_lip_oral'), (SELECT id FROM structure_fields WHERE `model`='DiagnosisDetail' AND `tablename`='qc_gastro_dxd_cap_lip_oral' AND `field`='site_is_vestibule_of_mouth_upper' AND `type`='checkbox' AND `structure_value_domain`  IS NULL  AND `flag_confidential`='0' AND `setting`='' AND `default`='' AND `language_help`='' AND `language_label`='' AND `language_tag`='upper'), '1', '63', '', '0', '', '0', '', '0', '', '0', '', '0', '', '0', '', '1', '0', '1', '0', '0', '0', '0', '0', '0', '0', '0', '0', '0', '1', '0'), 
((SELECT id FROM structures WHERE alias='qc_gastro_dxd_cap_lip_oral'), (SELECT id FROM structure_fields WHERE `model`='DiagnosisDetail' AND `tablename`='qc_gastro_dxd_cap_lip_oral' AND `field`='site_is_vestibule_of_mouth_lower' AND `type`='checkbox' AND `structure_value_domain`  IS NULL  AND `flag_confidential`='0' AND `setting`='' AND `default`='' AND `language_help`='' AND `language_label`='' AND `language_tag`='lower'), '1', '64', '', '0', '', '0', '', '0', '', '0', '', '0', '', '0', '', '1', '0', '1', '0', '0', '0', '0', '0', '0', '0', '0', '0', '0', '1', '0'), 
((SELECT id FROM structures WHERE alias='qc_gastro_dxd_cap_lip_oral'), (SELECT id FROM structure_fields WHERE `model`='DiagnosisDetail' AND `tablename`='qc_gastro_dxd_cap_lip_oral' AND `field`='site_is_alveolar_process' AND `type`='checkbox' AND `structure_value_domain`  IS NULL  AND `flag_confidential`='0' AND `setting`='' AND `default`='' AND `language_help`='' AND `language_label`='alveolar process' AND `language_tag`=''), '1', '65', '', '0', '', '0', '', '0', '', '0', '', '0', '', '0', '', '1', '0', '1', '0', '0', '0', '0', '0', '0', '0', '0', '0', '0', '1', '0'), 
((SELECT id FROM structures WHERE alias='qc_gastro_dxd_cap_lip_oral'), (SELECT id FROM structure_fields WHERE `model`='DiagnosisDetail' AND `tablename`='qc_gastro_dxd_cap_lip_oral' AND `field`='site_is_alveolar_process_upper' AND `type`='checkbox' AND `structure_value_domain`  IS NULL  AND `flag_confidential`='0' AND `setting`='' AND `default`='' AND `language_help`='' AND `language_label`='' AND `language_tag`='upper'), '1', '66', '', '0', '', '0', '', '0', '', '0', '', '0', '', '0', '', '1', '0', '1', '0', '0', '0', '0', '0', '0', '0', '0', '0', '0', '1', '0'), 
((SELECT id FROM structures WHERE alias='qc_gastro_dxd_cap_lip_oral'), (SELECT id FROM structure_fields WHERE `model`='DiagnosisDetail' AND `tablename`='qc_gastro_dxd_cap_lip_oral' AND `field`='site_is_alveolar_process_lower' AND `type`='checkbox' AND `structure_value_domain`  IS NULL  AND `flag_confidential`='0' AND `setting`='' AND `default`='' AND `language_help`='' AND `language_label`='' AND `language_tag`='lower'), '1', '67', '', '0', '', '0', '', '0', '', '0', '', '0', '', '0', '', '1', '0', '1', '0', '0', '0', '0', '0', '0', '0', '0', '0', '0', '1', '0'), 
((SELECT id FROM structures WHERE alias='qc_gastro_dxd_cap_lip_oral'), (SELECT id FROM structure_fields WHERE `model`='DiagnosisDetail' AND `tablename`='qc_gastro_dxd_cap_lip_oral' AND `field`='site_is_mandible' AND `type`='checkbox' AND `structure_value_domain`  IS NULL  AND `flag_confidential`='0' AND `setting`='' AND `default`='' AND `language_help`='' AND `language_label`='mandible' AND `language_tag`=''), '1', '68', '', '0', '', '0', '', '0', '', '0', '', '0', '', '0', '', '1', '0', '1', '0', '0', '0', '0', '0', '0', '0', '0', '0', '0', '1', '0'), 
((SELECT id FROM structures WHERE alias='qc_gastro_dxd_cap_lip_oral'), (SELECT id FROM structure_fields WHERE `model`='DiagnosisDetail' AND `tablename`='qc_gastro_dxd_cap_lip_oral' AND `field`='site_is_maxilla' AND `type`='checkbox' AND `structure_value_domain`  IS NULL  AND `flag_confidential`='0' AND `setting`='' AND `default`='' AND `language_help`='' AND `language_label`='maxilla' AND `language_tag`=''), '1', '69', '', '0', '', '0', '', '0', '', '0', '', '0', '', '0', '', '1', '0', '1', '0', '0', '0', '0', '0', '0', '0', '0', '0', '0', '1', '0'), 
((SELECT id FROM structures WHERE alias='qc_gastro_dxd_cap_lip_oral'), (SELECT id FROM structure_fields WHERE `model`='DiagnosisDetail' AND `tablename`='qc_gastro_dxd_cap_lip_oral' AND `field`='site_is_other' AND `type`='checkbox' AND `structure_value_domain`  IS NULL  AND `flag_confidential`='0' AND `setting`='' AND `default`='' AND `language_help`='' AND `language_label`='other' AND `language_tag`=''), '1', '70', '', '0', '', '0', '', '0', '', '0', '', '0', '', '0', '', '1', '0', '1', '0', '0', '0', '0', '0', '0', '0', '0', '0', '0', '1', '0'), 
((SELECT id FROM structures WHERE alias='qc_gastro_dxd_cap_lip_oral'), (SELECT id FROM structure_fields WHERE `model`='DiagnosisDetail' AND `tablename`='qc_gastro_dxd_cap_lip_oral' AND `field`='site_is_other_specify' AND `type`='checkbox' AND `structure_value_domain`  IS NULL  AND `flag_confidential`='0' AND `setting`='' AND `default`='' AND `language_help`='' AND `language_label`='' AND `language_tag`='specify'), '1', '71', '', '0', '', '0', '', '0', '', '0', '', '0', '', '0', '', '1', '0', '1', '0', '0', '0', '0', '0', '0', '0', '0', '0', '0', '1', '0'), 
((SELECT id FROM structures WHERE alias='qc_gastro_dxd_cap_lip_oral'), (SELECT id FROM structure_fields WHERE `model`='DiagnosisDetail' AND `tablename`='qc_gastro_dxd_cap_lip_oral' AND `field`='site_is_not_specified' AND `type`='checkbox' AND `structure_value_domain`  IS NULL  AND `flag_confidential`='0' AND `setting`='' AND `default`='' AND `language_help`='' AND `language_label`='not specified' AND `language_tag`=''), '1', '72', '', '0', '', '0', '', '0', '', '0', '', '0', '', '0', '', '1', '0', '1', '0', '0', '0', '0', '0', '0', '0', '0', '0', '0', '1', '0'), 
((SELECT id FROM structures WHERE alias='qc_gastro_dxd_cap_lip_oral'), (SELECT id FROM structure_fields WHERE `model`='DiagnosisDetail' AND `tablename`='qc_gastro_dxd_cap_lip_oral' AND `field`='tumor_size_cannot_determine' AND `type`='checkbox' AND `structure_value_domain`  IS NULL  AND `flag_confidential`='0' AND `setting`='' AND `default`='' AND `language_help`='' AND `language_label`='tumor size cannot determine' AND `language_tag`=''), '2', '73', 'tumor size', '0', '', '0', '', '0', '', '0', '', '0', '', '0', '', '1', '0', '1', '0', '0', '0', '0', '0', '0', '0', '0', '0', '0', '1', '0'), 
((SELECT id FROM structures WHERE alias='qc_gastro_dxd_cap_lip_oral'), (SELECT id FROM structure_fields WHERE `model`='DiagnosisDetail' AND `tablename`='qc_gastro_dxd_cap_lip_oral' AND `field`='tumor_greatest_cm' AND `type`='checkbox' AND `structure_value_domain`  IS NULL  AND `flag_confidential`='0' AND `setting`='' AND `default`='' AND `language_help`='' AND `language_label`='tumor greatest cm' AND `language_tag`=''), '2', '74', '', '0', '', '0', '', '0', '', '0', '', '0', '', '0', '', '1', '0', '1', '0', '0', '0', '0', '0', '0', '0', '0', '0', '0', '1', '0'), 
((SELECT id FROM structures WHERE alias='qc_gastro_dxd_cap_lip_oral'), (SELECT id FROM structure_fields WHERE `model`='DiagnosisDetail' AND `tablename`='qc_gastro_dxd_cap_lip_oral' AND `field`='tumor_size_add1_cm' AND `type`='checkbox' AND `structure_value_domain`  IS NULL  AND `flag_confidential`='0' AND `setting`='' AND `default`='' AND `language_help`='' AND `language_label`='tumor size add1 cm' AND `language_tag`=''), '2', '75', '', '0', '', '0', '', '0', '', '0', '', '0', '', '0', '', '1', '0', '1', '0', '0', '0', '0', '0', '0', '0', '0', '0', '0', '1', '0'), 
((SELECT id FROM structures WHERE alias='qc_gastro_dxd_cap_lip_oral'), (SELECT id FROM structure_fields WHERE `model`='DiagnosisDetail' AND `tablename`='qc_gastro_dxd_cap_lip_oral' AND `field`='tumor_size_add2_cm' AND `type`='checkbox' AND `structure_value_domain`  IS NULL  AND `flag_confidential`='0' AND `setting`='' AND `default`='' AND `language_help`='' AND `language_label`='tumor size add2 cm' AND `language_tag`=''), '2', '76', '', '0', '', '0', '', '0', '', '0', '', '0', '', '0', '', '1', '0', '1', '0', '0', '0', '0', '0', '0', '0', '0', '0', '0', '1', '0'), 
((SELECT id FROM structures WHERE alias='qc_gastro_dxd_cap_lip_oral'), (SELECT id FROM structure_fields WHERE `model`='DiagnosisDetail' AND `tablename`='qc_gastro_dxd_cap_lip_oral' AND `field`='histo_squamous_cell_carcinoma_conventional' AND `type`='checkbox' AND `structure_value_domain`  IS NULL  AND `flag_confidential`='0' AND `setting`='' AND `default`='' AND `language_help`='' AND `language_label`='squamous cell carcinoma conventional' AND `language_tag`=''), '2', '77', 'histologic type - ', '0', '', '0', '', '0', '', '0', '', '0', '', '0', '', '1', '0', '1', '0', '0', '0', '0', '0', '0', '0', '0', '0', '0', '1', '0'), 
((SELECT id FROM structures WHERE alias='qc_gastro_dxd_cap_lip_oral'), (SELECT id FROM structure_fields WHERE `model`='DiagnosisDetail' AND `tablename`='qc_gastro_dxd_cap_lip_oral' AND `field`='histo_acantholytic_squamous_cell_carcinoma' AND `type`='checkbox' AND `structure_value_domain`  IS NULL  AND `flag_confidential`='0' AND `setting`='' AND `default`='' AND `language_help`='' AND `language_label`='acantholytic squamous cell carcinoma' AND `language_tag`=''), '2', '78', 'histologic type - variants of squamous cell carcinoma', '0', '', '0', '', '0', '', '0', '', '0', '', '0', '', '1', '0', '1', '0', '0', '0', '0', '0', '0', '0', '0', '0', '0', '1', '0'), 
((SELECT id FROM structures WHERE alias='qc_gastro_dxd_cap_lip_oral'), (SELECT id FROM structure_fields WHERE `model`='DiagnosisDetail' AND `tablename`='qc_gastro_dxd_cap_lip_oral' AND `field`='histo_adenosquamous_carcinoma' AND `type`='checkbox' AND `structure_value_domain`  IS NULL  AND `flag_confidential`='0' AND `setting`='' AND `default`='' AND `language_help`='' AND `language_label`='adenosquamous carcinoma' AND `language_tag`=''), '2', '79', '', '0', '', '0', '', '0', '', '0', '', '0', '', '0', '', '1', '0', '1', '0', '0', '0', '0', '0', '0', '0', '0', '0', '0', '1', '0'), 
((SELECT id FROM structures WHERE alias='qc_gastro_dxd_cap_lip_oral'), (SELECT id FROM structure_fields WHERE `model`='DiagnosisDetail' AND `tablename`='qc_gastro_dxd_cap_lip_oral' AND `field`='histo_basaloid_squamous_cell_carcinoma' AND `type`='checkbox' AND `structure_value_domain`  IS NULL  AND `flag_confidential`='0' AND `setting`='' AND `default`='' AND `language_help`='' AND `language_label`='basaloid squamous cell carcinoma' AND `language_tag`=''), '2', '80', '', '0', '', '0', '', '0', '', '0', '', '0', '', '0', '', '1', '0', '1', '0', '0', '0', '0', '0', '0', '0', '0', '0', '0', '1', '0'), 
((SELECT id FROM structures WHERE alias='qc_gastro_dxd_cap_lip_oral'), (SELECT id FROM structure_fields WHERE `model`='DiagnosisDetail' AND `tablename`='qc_gastro_dxd_cap_lip_oral' AND `field`='histo_carcinoma_cuniculatum' AND `type`='checkbox' AND `structure_value_domain`  IS NULL  AND `flag_confidential`='0' AND `setting`='' AND `default`='' AND `language_help`='' AND `language_label`='carcinoma cuniculatum' AND `language_tag`=''), '2', '81', '', '0', '', '0', '', '0', '', '0', '', '0', '', '0', '', '1', '0', '1', '0', '0', '0', '0', '0', '0', '0', '0', '0', '0', '1', '0'), 
((SELECT id FROM structures WHERE alias='qc_gastro_dxd_cap_lip_oral'), (SELECT id FROM structure_fields WHERE `model`='DiagnosisDetail' AND `tablename`='qc_gastro_dxd_cap_lip_oral' AND `field`='histo_papillary_squamous_cell_carcinoma' AND `type`='checkbox' AND `structure_value_domain`  IS NULL  AND `flag_confidential`='0' AND `setting`='' AND `default`='' AND `language_help`='' AND `language_label`='papillary squamous cell carcinoma' AND `language_tag`=''), '2', '82', '', '0', '', '0', '', '0', '', '0', '', '0', '', '0', '', '1', '0', '1', '0', '0', '0', '0', '0', '0', '0', '0', '0', '0', '1', '0'), 
((SELECT id FROM structures WHERE alias='qc_gastro_dxd_cap_lip_oral'), (SELECT id FROM structure_fields WHERE `model`='DiagnosisDetail' AND `tablename`='qc_gastro_dxd_cap_lip_oral' AND `field`='histo_spindle_cell_squamous_carcinoma' AND `type`='checkbox' AND `structure_value_domain`  IS NULL  AND `flag_confidential`='0' AND `setting`='' AND `default`='' AND `language_help`='' AND `language_label`='spindle cell squamous carcinoma' AND `language_tag`=''), '2', '83', '', '0', '', '0', '', '0', '', '0', '', '0', '', '0', '', '1', '0', '1', '0', '0', '0', '0', '0', '0', '0', '0', '0', '0', '1', '0'), 
((SELECT id FROM structures WHERE alias='qc_gastro_dxd_cap_lip_oral'), (SELECT id FROM structure_fields WHERE `model`='DiagnosisDetail' AND `tablename`='qc_gastro_dxd_cap_lip_oral' AND `field`='histo_verrucous_carcinoma' AND `type`='checkbox' AND `structure_value_domain`  IS NULL  AND `flag_confidential`='0' AND `setting`='' AND `default`='' AND `language_help`='' AND `language_label`='verrucous carcinoma' AND `language_tag`=''), '2', '84', '', '0', '', '0', '', '0', '', '0', '', '0', '', '0', '', '1', '0', '1', '0', '0', '0', '0', '0', '0', '0', '0', '0', '0', '1', '0'), 
((SELECT id FROM structures WHERE alias='qc_gastro_dxd_cap_lip_oral'), (SELECT id FROM structure_fields WHERE `model`='DiagnosisDetail' AND `tablename`='qc_gastro_dxd_cap_lip_oral' AND `field`='histo_lymphoepithelial_carcinoma_non_nasopharyngeal' AND `type`='checkbox' AND `structure_value_domain`  IS NULL  AND `flag_confidential`='0' AND `setting`='' AND `default`='' AND `language_help`='' AND `language_label`='lymphoepithelial carcinoma non nasopharyngeal' AND `language_tag`=''), '2', '85', '', '0', '', '0', '', '0', '', '0', '', '0', '', '0', '', '1', '0', '1', '0', '0', '0', '0', '0', '0', '0', '0', '0', '0', '1', '0'), 
((SELECT id FROM structures WHERE alias='qc_gastro_dxd_cap_lip_oral'), (SELECT id FROM structure_fields WHERE `model`='DiagnosisDetail' AND `tablename`='qc_gastro_dxd_cap_lip_oral' AND `field`='histo_acinic_cell_carcinoma' AND `type`='checkbox' AND `structure_value_domain`  IS NULL  AND `flag_confidential`='0' AND `setting`='' AND `default`='' AND `language_help`='' AND `language_label`='acinic cell carcinoma' AND `language_tag`=''), '2', '86', 'histologic type - carcinomas of minor salivary glands', '0', '', '0', '', '0', '', '0', '', '0', '', '0', '', '1', '0', '1', '0', '0', '0', '0', '0', '0', '0', '0', '0', '0', '1', '0'), 
((SELECT id FROM structures WHERE alias='qc_gastro_dxd_cap_lip_oral'), (SELECT id FROM structure_fields WHERE `model`='DiagnosisDetail' AND `tablename`='qc_gastro_dxd_cap_lip_oral' AND `field`='histo_adenoid_cystic_carcinoma' AND `type`='checkbox' AND `structure_value_domain`  IS NULL  AND `flag_confidential`='0' AND `setting`='' AND `default`='' AND `language_help`='' AND `language_label`='adenoid cystic carcinoma' AND `language_tag`=''), '2', '87', '', '0', '', '0', '', '0', '', '0', '', '0', '', '0', '', '1', '0', '1', '0', '0', '0', '0', '0', '0', '0', '0', '0', '0', '1', '0'), 
((SELECT id FROM structures WHERE alias='qc_gastro_dxd_cap_lip_oral'), (SELECT id FROM structure_fields WHERE `model`='DiagnosisDetail' AND `tablename`='qc_gastro_dxd_cap_lip_oral' AND `field`='histo_adenocarcinoma_not_otherwise_specified_nos' AND `type`='checkbox' AND `structure_value_domain`  IS NULL  AND `flag_confidential`='0' AND `setting`='' AND `default`='' AND `language_help`='' AND `language_label`='adenocarcinoma not otherwise specified nos' AND `language_tag`=''), '2', '88', '', '0', '', '0', '', '0', '', '0', '', '0', '', '0', '', '1', '0', '1', '0', '0', '0', '0', '0', '0', '0', '0', '0', '0', '1', '0'), 
((SELECT id FROM structures WHERE alias='qc_gastro_dxd_cap_lip_oral'), (SELECT id FROM structure_fields WHERE `model`='DiagnosisDetail' AND `tablename`='qc_gastro_dxd_cap_lip_oral' AND `field`='histo_adenocarcinoma_low_grade' AND `type`='checkbox' AND `structure_value_domain`  IS NULL  AND `flag_confidential`='0' AND `setting`='' AND `default`='' AND `language_help`='' AND `language_label`='' AND `language_tag`='low grade'), '2', '89', '', '0', '', '0', '', '0', '', '0', '', '0', '', '0', '', '1', '0', '1', '0', '0', '0', '0', '0', '0', '0', '0', '0', '0', '1', '0'), 
((SELECT id FROM structures WHERE alias='qc_gastro_dxd_cap_lip_oral'), (SELECT id FROM structure_fields WHERE `model`='DiagnosisDetail' AND `tablename`='qc_gastro_dxd_cap_lip_oral' AND `field`='histo_adenocarcinoma_intermediate_grade' AND `type`='checkbox' AND `structure_value_domain`  IS NULL  AND `flag_confidential`='0' AND `setting`='' AND `default`='' AND `language_help`='' AND `language_label`='' AND `language_tag`='intermediate grade'), '2', '90', '', '0', '', '0', '', '0', '', '0', '', '0', '', '0', '', '1', '0', '1', '0', '0', '0', '0', '0', '0', '0', '0', '0', '0', '1', '0'), 
((SELECT id FROM structures WHERE alias='qc_gastro_dxd_cap_lip_oral'), (SELECT id FROM structure_fields WHERE `model`='DiagnosisDetail' AND `tablename`='qc_gastro_dxd_cap_lip_oral' AND `field`='histo_adenocarcinoma_high_grade' AND `type`='checkbox' AND `structure_value_domain`  IS NULL  AND `flag_confidential`='0' AND `setting`='' AND `default`='' AND `language_help`='' AND `language_label`='' AND `language_tag`='high grade'), '2', '91', '', '0', '', '0', '', '0', '', '0', '', '0', '', '0', '', '1', '0', '1', '0', '0', '0', '0', '0', '0', '0', '0', '0', '0', '1', '0'), 
((SELECT id FROM structures WHERE alias='qc_gastro_dxd_cap_lip_oral'), (SELECT id FROM structure_fields WHERE `model`='DiagnosisDetail' AND `tablename`='qc_gastro_dxd_cap_lip_oral' AND `field`='histo_basal_cell_adenocarcinoma' AND `type`='checkbox' AND `structure_value_domain`  IS NULL  AND `flag_confidential`='0' AND `setting`='' AND `default`='' AND `language_help`='' AND `language_label`='basal cell adenocarcinoma' AND `language_tag`=''), '2', '92', '', '0', '', '0', '', '0', '', '0', '', '0', '', '0', '', '1', '0', '1', '0', '0', '0', '0', '0', '0', '0', '0', '0', '0', '1', '0'), 
((SELECT id FROM structures WHERE alias='qc_gastro_dxd_cap_lip_oral'), (SELECT id FROM structure_fields WHERE `model`='DiagnosisDetail' AND `tablename`='qc_gastro_dxd_cap_lip_oral' AND `field`='histo_carcinoma_ex_pleomorphic_adenoma_malignant_mixed_tumor' AND `type`='checkbox' AND `structure_value_domain`  IS NULL  AND `flag_confidential`='0' AND `setting`='' AND `default`='' AND `language_help`='' AND `language_label`='carcinoma ex pleomorphic adenoma (malignant mixed tumor)' AND `language_tag`=''), '2', '93', '', '0', '', '0', '', '0', '', '0', '', '0', '', '0', '', '1', '0', '1', '0', '0', '0', '0', '0', '0', '0', '0', '0', '0', '1', '0'), 
((SELECT id FROM structures WHERE alias='qc_gastro_dxd_cap_lip_oral'), (SELECT id FROM structure_fields WHERE `model`='DiagnosisDetail' AND `tablename`='qc_gastro_dxd_cap_lip_oral' AND `field`='histo_carcinoma_ex_pleomorphic_low_grade' AND `type`='checkbox' AND `structure_value_domain`  IS NULL  AND `flag_confidential`='0' AND `setting`='' AND `default`='' AND `language_help`='' AND `language_label`='carcinoma ex pleomorphic adenoma low grade' AND `language_tag`=''), '2', '94', '', '0', '', '0', '', '0', '', '0', '', '0', '', '0', '', '1', '0', '1', '0', '0', '0', '0', '0', '0', '0', '0', '0', '0', '1', '0'), 
((SELECT id FROM structures WHERE alias='qc_gastro_dxd_cap_lip_oral'), (SELECT id FROM structure_fields WHERE `model`='DiagnosisDetail' AND `tablename`='qc_gastro_dxd_cap_lip_oral' AND `field`='histo_carcinoma_ex_pleomorphic_high_grade' AND `type`='checkbox' AND `structure_value_domain`  IS NULL  AND `flag_confidential`='0' AND `setting`='' AND `default`='' AND `language_help`='' AND `language_label`='carcinoma ex pleomorphic adenoma intermediate grade' AND `language_tag`=''), '2', '95', '', '0', '', '0', '', '0', '', '0', '', '0', '', '0', '', '1', '0', '1', '0', '0', '0', '0', '0', '0', '0', '0', '0', '0', '1', '0'), 
((SELECT id FROM structures WHERE alias='qc_gastro_dxd_cap_lip_oral'), (SELECT id FROM structure_fields WHERE `model`='DiagnosisDetail' AND `tablename`='qc_gastro_dxd_cap_lip_oral' AND `field`='histo_carcinoma_ex_pleomorphic_invasive' AND `type`='checkbox' AND `structure_value_domain`  IS NULL  AND `flag_confidential`='0' AND `setting`='' AND `default`='' AND `language_help`='' AND `language_label`='carcinoma ex pleomorphic adenoma invasive' AND `language_tag`=''), '2', '96', '', '0', '', '0', '', '0', '', '0', '', '0', '', '0', '', '1', '0', '1', '0', '0', '0', '0', '0', '0', '0', '0', '0', '0', '1', '0'), 
((SELECT id FROM structures WHERE alias='qc_gastro_dxd_cap_lip_oral'), (SELECT id FROM structure_fields WHERE `model`='DiagnosisDetail' AND `tablename`='qc_gastro_dxd_cap_lip_oral' AND `field`='histo_car_ex_pleo_inv_min_inv_note_c' AND `type`='checkbox' AND `structure_value_domain`  IS NULL  AND `flag_confidential`='0' AND `setting`='' AND `default`='' AND `language_help`='' AND `language_label`='' AND `language_tag`='minimally invasive'), '2', '97', '', '0', '', '0', '', '0', '', '0', '', '0', '', '0', '', '1', '0', '1', '0', '0', '0', '0', '0', '0', '0', '0', '0', '0', '1', '0'), 
((SELECT id FROM structures WHERE alias='qc_gastro_dxd_cap_lip_oral'), (SELECT id FROM structure_fields WHERE `model`='DiagnosisDetail' AND `tablename`='qc_gastro_dxd_cap_lip_oral' AND `field`='histo_car_ex_pleo_inv_inv_note_c' AND `type`='checkbox' AND `structure_value_domain`  IS NULL  AND `flag_confidential`='0' AND `setting`='' AND `default`='' AND `language_help`='' AND `language_label`='' AND `language_tag`='invasive'), '2', '98', '', '0', '', '0', '', '0', '', '0', '', '0', '', '0', '', '1', '0', '1', '0', '0', '0', '0', '0', '0', '0', '0', '0', '0', '1', '0'), 
((SELECT id FROM structures WHERE alias='qc_gastro_dxd_cap_lip_oral'), (SELECT id FROM structure_fields WHERE `model`='DiagnosisDetail' AND `tablename`='qc_gastro_dxd_cap_lip_oral' AND `field`='histo_car_ex_pleo_intracapsular_noninvasive' AND `type`='checkbox' AND `structure_value_domain`  IS NULL  AND `flag_confidential`='0' AND `setting`='' AND `default`='' AND `language_help`='' AND `language_label`='carcinoma ex pleomorphic adenoma intracapsular (noninvasive)' AND `language_tag`=''), '2', '99', '', '0', '', '0', '', '0', '', '0', '', '0', '', '0', '', '1', '0', '1', '0', '0', '0', '0', '0', '0', '0', '0', '0', '0', '1', '0'), 
((SELECT id FROM structures WHERE alias='qc_gastro_dxd_cap_lip_oral'), (SELECT id FROM structure_fields WHERE `model`='DiagnosisDetail' AND `tablename`='qc_gastro_dxd_cap_lip_oral' AND `field`='histo_carcinoma_type_cannot_be_determined' AND `type`='checkbox' AND `structure_value_domain`  IS NULL  AND `flag_confidential`='0' AND `setting`='' AND `default`='' AND `language_help`='' AND `language_label`='carcinoma type cannot be determined' AND `language_tag`=''), '2', '100', '', '0', '', '0', '', '0', '', '0', '', '0', '', '0', '', '1', '0', '1', '0', '0', '0', '0', '0', '0', '0', '0', '0', '0', '1', '0'), 
((SELECT id FROM structures WHERE alias='qc_gastro_dxd_cap_lip_oral'), (SELECT id FROM structure_fields WHERE `model`='DiagnosisDetail' AND `tablename`='qc_gastro_dxd_cap_lip_oral' AND `field`='histo_carcinosarcoma' AND `type`='checkbox' AND `structure_value_domain`  IS NULL  AND `flag_confidential`='0' AND `setting`='' AND `default`='' AND `language_help`='' AND `language_label`='carcinosarcoma' AND `language_tag`=''), '2', '101', '', '0', '', '0', '', '0', '', '0', '', '0', '', '0', '', '1', '0', '1', '0', '0', '0', '0', '0', '0', '0', '0', '0', '0', '1', '0'), 
((SELECT id FROM structures WHERE alias='qc_gastro_dxd_cap_lip_oral'), (SELECT id FROM structure_fields WHERE `model`='DiagnosisDetail' AND `tablename`='qc_gastro_dxd_cap_lip_oral' AND `field`='histo_clear_cell_adenocarcinoma' AND `type`='checkbox' AND `structure_value_domain`  IS NULL  AND `flag_confidential`='0' AND `setting`='' AND `default`='' AND `language_help`='' AND `language_label`='clear cell adenocarcinoma' AND `language_tag`=''), '2', '102', '', '0', '', '0', '', '0', '', '0', '', '0', '', '0', '', '1', '0', '1', '0', '0', '0', '0', '0', '0', '0', '0', '0', '0', '1', '0'), 
((SELECT id FROM structures WHERE alias='qc_gastro_dxd_cap_lip_oral'), (SELECT id FROM structure_fields WHERE `model`='DiagnosisDetail' AND `tablename`='qc_gastro_dxd_cap_lip_oral' AND `field`='histo_cystadenocarcinoma' AND `type`='checkbox' AND `structure_value_domain`  IS NULL  AND `flag_confidential`='0' AND `setting`='' AND `default`='' AND `language_help`='' AND `language_label`='cystadenocarcinoma' AND `language_tag`=''), '2', '103', '', '0', '', '0', '', '0', '', '0', '', '0', '', '0', '', '1', '0', '1', '0', '0', '0', '0', '0', '0', '0', '0', '0', '0', '1', '0'), 
((SELECT id FROM structures WHERE alias='qc_gastro_dxd_cap_lip_oral'), (SELECT id FROM structure_fields WHERE `model`='DiagnosisDetail' AND `tablename`='qc_gastro_dxd_cap_lip_oral' AND `field`='histo_epithelial_myoepithelial_carcinoma' AND `type`='checkbox' AND `structure_value_domain`  IS NULL  AND `flag_confidential`='0' AND `setting`='' AND `default`='' AND `language_help`='' AND `language_label`='epithelial myoepithelial carcinoma' AND `language_tag`=''), '2', '104', '', '0', '', '0', '', '0', '', '0', '', '0', '', '0', '', '1', '0', '1', '0', '0', '0', '0', '0', '0', '0', '0', '0', '0', '1', '0'), 
((SELECT id FROM structures WHERE alias='qc_gastro_dxd_cap_lip_oral'), (SELECT id FROM structure_fields WHERE `model`='DiagnosisDetail' AND `tablename`='qc_gastro_dxd_cap_lip_oral' AND `field`='histo_mucoepidermoid_carcinoma' AND `type`='checkbox' AND `structure_value_domain`  IS NULL  AND `flag_confidential`='0' AND `setting`='' AND `default`='' AND `language_help`='' AND `language_label`='mucoepidermoid carcinoma' AND `language_tag`=''), '2', '105', '', '0', '', '0', '', '0', '', '0', '', '0', '', '0', '', '1', '0', '1', '0', '0', '0', '0', '0', '0', '0', '0', '0', '0', '1', '0'), 
((SELECT id FROM structures WHERE alias='qc_gastro_dxd_cap_lip_oral'), (SELECT id FROM structure_fields WHERE `model`='DiagnosisDetail' AND `tablename`='qc_gastro_dxd_cap_lip_oral' AND `field`='histo_mucoepidermoid_low_grade' AND `type`='checkbox' AND `structure_value_domain`  IS NULL  AND `flag_confidential`='0' AND `setting`='' AND `default`='' AND `language_help`='' AND `language_label`='' AND `language_tag`='low grade'), '2', '106', '', '0', '', '0', '', '0', '', '0', '', '0', '', '0', '', '1', '0', '1', '0', '0', '0', '0', '0', '0', '0', '0', '0', '0', '1', '0'), 
((SELECT id FROM structures WHERE alias='qc_gastro_dxd_cap_lip_oral'), (SELECT id FROM structure_fields WHERE `model`='DiagnosisDetail' AND `tablename`='qc_gastro_dxd_cap_lip_oral' AND `field`='histo_mucoepidermoid_intermediate_grade' AND `type`='checkbox' AND `structure_value_domain`  IS NULL  AND `flag_confidential`='0' AND `setting`='' AND `default`='' AND `language_help`='' AND `language_label`='' AND `language_tag`='intermediate grade'), '2', '107', '', '0', '', '0', '', '0', '', '0', '', '0', '', '0', '', '1', '0', '1', '0', '0', '0', '0', '0', '0', '0', '0', '0', '0', '1', '0'), 
((SELECT id FROM structures WHERE alias='qc_gastro_dxd_cap_lip_oral'), (SELECT id FROM structure_fields WHERE `model`='DiagnosisDetail' AND `tablename`='qc_gastro_dxd_cap_lip_oral' AND `field`='histo_mucoepidermoid_high_grade' AND `type`='checkbox' AND `structure_value_domain`  IS NULL  AND `flag_confidential`='0' AND `setting`='' AND `default`='' AND `language_help`='' AND `language_label`='' AND `language_tag`='high grade'), '2', '108', '', '0', '', '0', '', '0', '', '0', '', '0', '', '0', '', '1', '0', '1', '0', '0', '0', '0', '0', '0', '0', '0', '0', '0', '1', '0'), 
((SELECT id FROM structures WHERE alias='qc_gastro_dxd_cap_lip_oral'), (SELECT id FROM structure_fields WHERE `model`='DiagnosisDetail' AND `tablename`='qc_gastro_dxd_cap_lip_oral' AND `field`='histo_mucinous_adenocarcinoma_colloid_carcinoma' AND `type`='checkbox' AND `structure_value_domain`  IS NULL  AND `flag_confidential`='0' AND `setting`='' AND `default`='' AND `language_help`='' AND `language_label`='mucinous adenocarcinoma colloid carcinoma' AND `language_tag`=''), '2', '109', '', '0', '', '0', '', '0', '', '0', '', '0', '', '0', '', '1', '0', '1', '0', '0', '0', '0', '0', '0', '0', '0', '0', '0', '1', '0'), 
((SELECT id FROM structures WHERE alias='qc_gastro_dxd_cap_lip_oral'), (SELECT id FROM structure_fields WHERE `model`='DiagnosisDetail' AND `tablename`='qc_gastro_dxd_cap_lip_oral' AND `field`='histo_myoepithelial_carcinoma_malignant_myoepithelioma' AND `type`='checkbox' AND `structure_value_domain`  IS NULL  AND `flag_confidential`='0' AND `setting`='' AND `default`='' AND `language_help`='' AND `language_label`='myoepithelial carcinoma malignant myoepithelioma' AND `language_tag`=''), '2', '110', '', '0', '', '0', '', '0', '', '0', '', '0', '', '0', '', '1', '0', '1', '0', '0', '0', '0', '0', '0', '0', '0', '0', '0', '1', '0'), 
((SELECT id FROM structures WHERE alias='qc_gastro_dxd_cap_lip_oral'), (SELECT id FROM structure_fields WHERE `model`='DiagnosisDetail' AND `tablename`='qc_gastro_dxd_cap_lip_oral' AND `field`='histo_oncocytic_carcinoma' AND `type`='checkbox' AND `structure_value_domain`  IS NULL  AND `flag_confidential`='0' AND `setting`='' AND `default`='' AND `language_help`='' AND `language_label`='oncocytic carcinoma' AND `language_tag`=''), '2', '111', '', '0', '', '0', '', '0', '', '0', '', '0', '', '0', '', '1', '0', '1', '0', '0', '0', '0', '0', '0', '0', '0', '0', '0', '1', '0'), 
((SELECT id FROM structures WHERE alias='qc_gastro_dxd_cap_lip_oral'), (SELECT id FROM structure_fields WHERE `model`='DiagnosisDetail' AND `tablename`='qc_gastro_dxd_cap_lip_oral' AND `field`='histo_polymorphous_low_grade_adenocarcinoma' AND `type`='checkbox' AND `structure_value_domain`  IS NULL  AND `flag_confidential`='0' AND `setting`='' AND `default`='' AND `language_help`='' AND `language_label`='polymorphous low grade adenocarcinoma' AND `language_tag`=''), '2', '112', '', '0', '', '0', '', '0', '', '0', '', '0', '', '0', '', '1', '0', '1', '0', '0', '0', '0', '0', '0', '0', '0', '0', '0', '1', '0'), 
((SELECT id FROM structures WHERE alias='qc_gastro_dxd_cap_lip_oral'), (SELECT id FROM structure_fields WHERE `model`='DiagnosisDetail' AND `tablename`='qc_gastro_dxd_cap_lip_oral' AND `field`='histo_salivary_duct_carcinoma' AND `type`='checkbox' AND `structure_value_domain`  IS NULL  AND `flag_confidential`='0' AND `setting`='' AND `default`='' AND `language_help`='' AND `language_label`='salivary duct carcinoma' AND `language_tag`=''), '2', '113', '', '0', '', '0', '', '0', '', '0', '', '0', '', '0', '', '1', '0', '1', '0', '0', '0', '0', '0', '0', '0', '0', '0', '0', '1', '0'), 
((SELECT id FROM structures WHERE alias='qc_gastro_dxd_cap_lip_oral'), (SELECT id FROM structure_fields WHERE `model`='DiagnosisDetail' AND `tablename`='qc_gastro_dxd_cap_lip_oral' AND `field`='histo_other' AND `type`='checkbox' AND `structure_value_domain`  IS NULL  AND `flag_confidential`='0' AND `setting`='' AND `default`='' AND `language_help`='' AND `language_label`='other' AND `language_tag`=''), '2', '114', '', '0', '', '0', '', '0', '', '0', '', '0', '', '0', '', '1', '0', '1', '0', '0', '0', '0', '0', '0', '0', '0', '0', '0', '1', '0'), 
((SELECT id FROM structures WHERE alias='qc_gastro_dxd_cap_lip_oral'), (SELECT id FROM structure_fields WHERE `model`='DiagnosisDetail' AND `tablename`='qc_gastro_dxd_cap_lip_oral' AND `field`='histo_other_specify' AND `type`='input' AND `structure_value_domain`  IS NULL  AND `flag_confidential`='0' AND `setting`='' AND `default`='' AND `language_help`='' AND `language_label`='' AND `language_tag`='specify'), '2', '115', '', '0', '', '0', '', '0', '', '0', '', '0', '', '0', '', '1', '0', '1', '0', '0', '0', '0', '0', '0', '0', '0', '0', '0', '1', '0'), 
((SELECT id FROM structures WHERE alias='qc_gastro_dxd_cap_lip_oral'), (SELECT id FROM structure_fields WHERE `model`='DiagnosisDetail' AND `tablename`='qc_gastro_dxd_cap_lip_oral' AND `field`='histo_adenocarcinoma_not_otherwise_specified_nos_b' AND `type`='checkbox' AND `structure_value_domain`  IS NULL  AND `flag_confidential`='0' AND `setting`='' AND `default`='' AND `language_help`='' AND `language_label`='adenocarcinoma not otherwise specified nos' AND `language_tag`=''), '2', '116', 'histologic type - adenocarcinoma, non-salivary glangd type', '0', '', '0', '', '0', '', '0', '', '0', '', '0', '', '1', '0', '1', '0', '0', '0', '0', '0', '0', '0', '0', '0', '0', '1', '0'), 
((SELECT id FROM structures WHERE alias='qc_gastro_dxd_cap_lip_oral'), (SELECT id FROM structure_fields WHERE `model`='DiagnosisDetail' AND `tablename`='qc_gastro_dxd_cap_lip_oral' AND `field`='histo_adenocarcinoma_b_low_grade' AND `type`='checkbox' AND `structure_value_domain`  IS NULL  AND `flag_confidential`='0' AND `setting`='' AND `default`='' AND `language_help`='' AND `language_label`='' AND `language_tag`='low grade'), '2', '117', '', '0', '', '0', '', '0', '', '0', '', '0', '', '0', '', '1', '0', '1', '0', '0', '0', '0', '0', '0', '0', '0', '0', '0', '1', '0'), 
((SELECT id FROM structures WHERE alias='qc_gastro_dxd_cap_lip_oral'), (SELECT id FROM structure_fields WHERE `model`='DiagnosisDetail' AND `tablename`='qc_gastro_dxd_cap_lip_oral' AND `field`='histo_adenocarcinoma_b_intermediate_grade' AND `type`='checkbox' AND `structure_value_domain`  IS NULL  AND `flag_confidential`='0' AND `setting`='' AND `default`='' AND `language_help`='' AND `language_label`='' AND `language_tag`='intermediate grade'), '2', '118', '', '0', '', '0', '', '0', '', '0', '', '0', '', '0', '', '1', '0', '1', '0', '0', '0', '0', '0', '0', '0', '0', '0', '0', '1', '0'), 
((SELECT id FROM structures WHERE alias='qc_gastro_dxd_cap_lip_oral'), (SELECT id FROM structure_fields WHERE `model`='DiagnosisDetail' AND `tablename`='qc_gastro_dxd_cap_lip_oral' AND `field`='histo_adenocarcinoma_b_high_grade' AND `type`='checkbox' AND `structure_value_domain`  IS NULL  AND `flag_confidential`='0' AND `setting`='' AND `default`='' AND `language_help`='' AND `language_label`='' AND `language_tag`='high grade'), '2', '119', '', '0', '', '0', '', '0', '', '0', '', '0', '', '0', '', '1', '0', '1', '0', '0', '0', '0', '0', '0', '0', '0', '0', '0', '1', '0'), 
((SELECT id FROM structures WHERE alias='qc_gastro_dxd_cap_lip_oral'), (SELECT id FROM structure_fields WHERE `model`='DiagnosisDetail' AND `tablename`='qc_gastro_dxd_cap_lip_oral' AND `field`='histo_other_b' AND `type`='checkbox' AND `structure_value_domain`  IS NULL  AND `flag_confidential`='0' AND `setting`='' AND `default`='' AND `language_help`='' AND `language_label`='other' AND `language_tag`=''), '2', '120', '', '0', '', '0', '', '0', '', '0', '', '0', '', '0', '', '1', '0', '1', '0', '0', '0', '0', '0', '0', '0', '0', '0', '0', '1', '0'), 
((SELECT id FROM structures WHERE alias='qc_gastro_dxd_cap_lip_oral'), (SELECT id FROM structure_fields WHERE `model`='DiagnosisDetail' AND `tablename`='qc_gastro_dxd_cap_lip_oral' AND `field`='histo_other_b_specify' AND `type`='input' AND `structure_value_domain`  IS NULL  AND `flag_confidential`='0' AND `setting`='' AND `default`='' AND `language_help`='' AND `language_label`='' AND `language_tag`='specify'), '2', '121', '', '0', '', '0', '', '0', '', '0', '', '0', '', '0', '', '1', '0', '1', '0', '0', '0', '0', '0', '0', '0', '0', '0', '0', '1', '0'), 
((SELECT id FROM structures WHERE alias='qc_gastro_dxd_cap_lip_oral'), (SELECT id FROM structure_fields WHERE `model`='DiagnosisDetail' AND `tablename`='qc_gastro_dxd_cap_lip_oral' AND `field`='histo_typical_carcinoid_tumor' AND `type`='checkbox' AND `structure_value_domain`  IS NULL  AND `flag_confidential`='0' AND `setting`='' AND `default`='' AND `language_help`='' AND `language_label`='typical carcinoid tumor' AND `language_tag`=''), '2', '122', 'histologic type - neuroendocrine carcinoma', '0', '', '0', '', '0', '', '0', '', '0', '', '0', '', '1', '0', '1', '0', '0', '0', '0', '0', '0', '0', '0', '0', '0', '1', '0'), 
((SELECT id FROM structures WHERE alias='qc_gastro_dxd_cap_lip_oral'), (SELECT id FROM structure_fields WHERE `model`='DiagnosisDetail' AND `tablename`='qc_gastro_dxd_cap_lip_oral' AND `field`='histo_atypical_carcinoid_tumor' AND `type`='checkbox' AND `structure_value_domain`  IS NULL  AND `flag_confidential`='0' AND `setting`='' AND `default`='' AND `language_help`='' AND `language_label`='atypical carcinoid tumor' AND `language_tag`=''), '2', '123', '', '0', '', '0', '', '0', '', '0', '', '0', '', '0', '', '1', '0', '1', '0', '0', '0', '0', '0', '0', '0', '0', '0', '0', '1', '0'), 
((SELECT id FROM structures WHERE alias='qc_gastro_dxd_cap_lip_oral'), (SELECT id FROM structure_fields WHERE `model`='DiagnosisDetail' AND `tablename`='qc_gastro_dxd_cap_lip_oral' AND `field`='histo_small_cell_carcinoma' AND `type`='checkbox' AND `structure_value_domain`  IS NULL  AND `flag_confidential`='0' AND `setting`='' AND `default`='' AND `language_help`='' AND `language_label`='small cell carcinoma' AND `language_tag`=''), '2', '124', '', '0', '', '0', '', '0', '', '0', '', '0', '', '0', '', '1', '0', '1', '0', '0', '0', '0', '0', '0', '0', '0', '0', '0', '1', '0'), 
((SELECT id FROM structures WHERE alias='qc_gastro_dxd_cap_lip_oral'), (SELECT id FROM structure_fields WHERE `model`='DiagnosisDetail' AND `tablename`='qc_gastro_dxd_cap_lip_oral' AND `field`='histo_combined_or_composite_small_cell_carcinoma' AND `type`='checkbox' AND `structure_value_domain`  IS NULL  AND `flag_confidential`='0' AND `setting`='' AND `default`='' AND `language_help`='' AND `language_label`='combined (or composite) small cell carcinoma' AND `language_tag`=''), '2', '125', '', '0', '', '0', '', '0', '', '0', '', '0', '', '0', '', '1', '0', '1', '0', '0', '0', '0', '0', '0', '0', '0', '0', '0', '1', '0'), 
((SELECT id FROM structures WHERE alias='qc_gastro_dxd_cap_lip_oral'), (SELECT id FROM structure_fields WHERE `model`='DiagnosisDetail' AND `tablename`='qc_gastro_dxd_cap_lip_oral' AND `field`='histo_other_c' AND `type`='checkbox' AND `structure_value_domain`  IS NULL  AND `flag_confidential`='0' AND `setting`='' AND `default`='' AND `language_help`='' AND `language_label`='other' AND `language_tag`=''), '2', '126', '', '0', '', '0', '', '0', '', '0', '', '0', '', '0', '', '1', '0', '1', '0', '0', '0', '0', '0', '0', '0', '0', '0', '0', '1', '0'), 
((SELECT id FROM structures WHERE alias='qc_gastro_dxd_cap_lip_oral'), (SELECT id FROM structure_fields WHERE `model`='DiagnosisDetail' AND `tablename`='qc_gastro_dxd_cap_lip_oral' AND `field`='histo_other_c_specify' AND `type`='input' AND `structure_value_domain`  IS NULL  AND `flag_confidential`='0' AND `setting`='' AND `default`='' AND `language_help`='' AND `language_label`='' AND `language_tag`='specify'), '2', '127', '', '0', '', '0', '', '0', '', '0', '', '0', '', '0', '', '1', '0', '1', '0', '0', '0', '0', '0', '0', '0', '0', '0', '0', '1', '0'), 
((SELECT id FROM structures WHERE alias='qc_gastro_dxd_cap_lip_oral'), (SELECT id FROM structure_fields WHERE `model`='DiagnosisDetail' AND `tablename`='qc_gastro_dxd_cap_lip_oral' AND `field`='histo_carcinoma_type_cannot_be_determined_b' AND `type`='checkbox' AND `structure_value_domain`  IS NULL  AND `flag_confidential`='0' AND `setting`='' AND `default`='' AND `language_help`='' AND `language_label`='carcinoma type cannot be determined' AND `language_tag`=''), '2', '128', '', '0', '', '0', '', '0', '', '0', '', '0', '', '0', '', '1', '0', '1', '0', '0', '0', '0', '0', '0', '0', '0', '0', '0', '1', '0'), 
((SELECT id FROM structures WHERE alias='qc_gastro_dxd_cap_lip_oral'), (SELECT id FROM structure_fields WHERE `model`='DiagnosisDetail' AND `tablename`='qc_gastro_dxd_cap_lip_oral' AND `field`='histo_mucosal_malignant_melanoma' AND `type`='checkbox' AND `structure_value_domain`  IS NULL  AND `flag_confidential`='0' AND `setting`='' AND `default`='' AND `language_help`='' AND `language_label`='mucosal malignant melanoma' AND `language_tag`=''), '2', '129', '', '0', '', '0', '', '0', '', '0', '', '0', '', '0', '', '1', '0', '1', '0', '0', '0', '0', '0', '0', '0', '0', '0', '0', '1', '0'), 
((SELECT id FROM structures WHERE alias='qc_gastro_dxd_cap_lip_oral'), (SELECT id FROM structure_fields WHERE `model`='DiagnosisDetail' AND `tablename`='qc_gastro_dxd_cap_lip_oral' AND `field`='histo_grade' AND `type`='select' AND `structure_value_domain` =(SELECT id FROM structure_value_domains WHERE domain_name='histologic_grade_larynx')  AND `flag_confidential`='0' AND `setting`='' AND `default`='' AND `language_help`='' AND `language_label`='histologic grade' AND `language_tag`=''), '3', '130', '', '0', '', '0', '', '0', '', '0', '', '0', '', '0', '', '1', '0', '1', '0', '0', '0', '0', '0', '0', '0', '0', '0', '0', '1', '0'), 
((SELECT id FROM structures WHERE alias='qc_gastro_dxd_cap_lip_oral'), (SELECT id FROM structure_fields WHERE `model`='DiagnosisDetail' AND `tablename`='qc_gastro_dxd_cap_lip_oral' AND `field`='histo_grade_specify' AND `type`='input' AND `structure_value_domain`  IS NULL  AND `flag_confidential`='0' AND `setting`='' AND `default`='' AND `language_help`='' AND `language_label`='' AND `language_tag`='specify'), '3', '131', '', '0', '', '0', '', '0', '', '0', '', '0', '', '0', '', '1', '0', '1', '0', '0', '0', '0', '0', '0', '0', '0', '0', '0', '1', '0'), 
((SELECT id FROM structures WHERE alias='qc_gastro_dxd_cap_lip_oral'), (SELECT id FROM structure_fields WHERE `model`='DiagnosisDetail' AND `tablename`='qc_gastro_dxd_cap_lip_oral' AND `field`='lymph_vascular_invasion' AND `type`='select' AND `structure_value_domain` =(SELECT id FROM structure_value_domains WHERE domain_name='lymph_vascular_invasion')  AND `flag_confidential`='0' AND `setting`='' AND `default`='' AND `language_help`='' AND `language_label`='lymph vascular invasion' AND `language_tag`=''), '3', '132', '', '0', '', '0', '', '0', '', '0', '', '0', '', '0', '', '1', '0', '1', '0', '0', '0', '0', '0', '0', '0', '0', '0', '0', '1', '0'), 
((SELECT id FROM structures WHERE alias='qc_gastro_dxd_cap_lip_oral'), (SELECT id FROM structure_fields WHERE `model`='DiagnosisDetail' AND `tablename`='qc_gastro_dxd_cap_lip_oral' AND `field`='perineural_invasion' AND `type`='select' AND `structure_value_domain` =(SELECT id FROM structure_value_domains WHERE domain_name='lymph_vascular_invasion')  AND `flag_confidential`='0' AND `setting`='' AND `default`='' AND `language_help`='' AND `language_label`='perineural invasion' AND `language_tag`=''), '3', '133', '', '0', '', '0', '', '0', '', '0', '', '0', '', '0', '', '1', '0', '1', '0', '0', '0', '0', '0', '0', '0', '0', '0', '0', '1', '0'), 
((SELECT id FROM structures WHERE alias='qc_gastro_dxd_cap_lip_oral'), (SELECT id FROM structure_fields WHERE `model`='DiagnosisDetail' AND `tablename`='qc_gastro_dxd_cap_lip_oral' AND `field`='tnm_descriptors_m' AND `type`='checkbox' AND `structure_value_domain`  IS NULL  AND `flag_confidential`='0' AND `setting`='' AND `default`='' AND `language_help`='' AND `language_label`='descriptors' AND `language_tag`='m'), '3', '134', 'pTNM', '0', '', '0', '', '0', '', '0', '', '0', '', '0', '', '1', '0', '1', '0', '0', '0', '0', '0', '0', '0', '0', '0', '0', '1', '0'), 
((SELECT id FROM structures WHERE alias='qc_gastro_dxd_cap_lip_oral'), (SELECT id FROM structure_fields WHERE `model`='DiagnosisDetail' AND `tablename`='qc_gastro_dxd_cap_lip_oral' AND `field`='tnm_descriptors_r' AND `type`='checkbox' AND `structure_value_domain`  IS NULL  AND `flag_confidential`='0' AND `setting`='' AND `default`='' AND `language_help`='' AND `language_label`='' AND `language_tag`='r'), '3', '135', '', '0', '', '0', '', '0', '', '0', '', '0', '', '0', '', '1', '0', '1', '0', '0', '0', '0', '0', '0', '0', '0', '0', '0', '1', '0'), 
((SELECT id FROM structures WHERE alias='qc_gastro_dxd_cap_lip_oral'), (SELECT id FROM structure_fields WHERE `model`='DiagnosisDetail' AND `tablename`='qc_gastro_dxd_cap_lip_oral' AND `field`='tnm_descriptors_y' AND `type`='checkbox' AND `structure_value_domain`  IS NULL  AND `flag_confidential`='0' AND `setting`='' AND `default`='' AND `language_help`='' AND `language_label`='' AND `language_tag`='y'), '3', '136', '', '0', '', '0', '', '0', '', '0', '', '0', '', '0', '', '1', '0', '1', '0', '0', '0', '0', '0', '0', '0', '0', '0', '0', '1', '0'), 
((SELECT id FROM structures WHERE alias='qc_gastro_dxd_cap_lip_oral'), (SELECT id FROM structure_fields WHERE `model`='DiagnosisDetail' AND `tablename`='qc_gastro_dxd_cap_lip_oral' AND `field`='pt' AND `type`='select' AND `structure_value_domain` =(SELECT id FROM structure_value_domains WHERE domain_name='qc_gastro_cap_lip_oral_pt')  AND `flag_confidential`='0' AND `setting`='' AND `default`='' AND `language_help`='' AND `language_label`='pt' AND `language_tag`=''), '3', '137', '', '0', '', '0', '', '0', '', '0', '', '0', '', '0', '', '1', '0', '1', '0', '0', '0', '0', '0', '0', '0', '0', '0', '0', '1', '0'), 
((SELECT id FROM structures WHERE alias='qc_gastro_dxd_cap_lip_oral'), (SELECT id FROM structure_fields WHERE `model`='DiagnosisDetail' AND `tablename`='qc_gastro_dxd_cap_lip_oral' AND `field`='pn' AND `type`='select' AND `structure_value_domain` =(SELECT id FROM structure_value_domains WHERE domain_name='qc_gastro_cap_lip_oral_pn')  AND `flag_confidential`='0' AND `setting`='' AND `default`='' AND `language_help`='' AND `language_label`='pn' AND `language_tag`=''), '3', '138', '', '0', '', '0', '', '0', '', '0', '', '0', '', '0', '', '1', '0', '1', '0', '0', '0', '0', '0', '0', '0', '0', '0', '0', '1', '0'), 
((SELECT id FROM structures WHERE alias='qc_gastro_dxd_cap_lip_oral'), (SELECT id FROM structure_fields WHERE `model`='DiagnosisDetail' AND `tablename`='qc_gastro_dxd_cap_lip_oral' AND `field`='number_of_lymph_nodes_examined' AND `type`='integer_positive' AND `structure_value_domain`  IS NULL  AND `flag_confidential`='0' AND `setting`='' AND `default`='' AND `language_help`='' AND `language_label`='number of lymph nodes examined' AND `language_tag`=''), '3', '139', '', '0', '', '0', '', '0', '', '0', '', '0', '', '0', '', '1', '0', '1', '0', '0', '0', '0', '0', '0', '0', '0', '0', '0', '1', '0'), 
((SELECT id FROM structures WHERE alias='qc_gastro_dxd_cap_lip_oral'), (SELECT id FROM structure_fields WHERE `model`='DiagnosisDetail' AND `tablename`='qc_gastro_dxd_cap_lip_oral' AND `field`='number_of_lymph_nodes_examined_cannot_be_determined' AND `type`='checkbox' AND `structure_value_domain`  IS NULL  AND `flag_confidential`='0' AND `setting`='' AND `default`='' AND `language_help`='' AND `language_label`='number of lymph nodes examined cannot be determined' AND `language_tag`=''), '3', '140', '', '0', '', '0', '', '0', '', '0', '', '0', '', '0', '', '1', '0', '1', '0', '0', '0', '0', '0', '0', '0', '0', '0', '0', '1', '0'), 
((SELECT id FROM structures WHERE alias='qc_gastro_dxd_cap_lip_oral'), (SELECT id FROM structure_fields WHERE `model`='DiagnosisDetail' AND `tablename`='qc_gastro_dxd_cap_lip_oral' AND `field`='number_of_lymph_nodes_examined_cannot_be_determined_specify' AND `type`='checkbox' AND `structure_value_domain`  IS NULL  AND `flag_confidential`='0' AND `setting`='' AND `default`='' AND `language_help`='' AND `language_label`='' AND `language_tag`='specify'), '3', '141', '', '0', '', '0', '', '0', '', '0', '', '0', '', '0', '', '1', '0', '1', '0', '0', '0', '0', '0', '0', '0', '0', '0', '0', '1', '0'), 
((SELECT id FROM structures WHERE alias='qc_gastro_dxd_cap_lip_oral'), (SELECT id FROM structure_fields WHERE `model`='DiagnosisDetail' AND `tablename`='qc_gastro_dxd_cap_lip_oral' AND `field`='number_of_lymph_nodes_involved' AND `type`='integer_positive' AND `structure_value_domain`  IS NULL  AND `flag_confidential`='0' AND `setting`='' AND `default`='' AND `language_help`='' AND `language_label`='number of lymph nodes involved' AND `language_tag`=''), '3', '142', '', '0', '', '0', '', '0', '', '0', '', '0', '', '0', '', '1', '0', '1', '0', '0', '0', '0', '0', '0', '0', '0', '0', '0', '1', '0'), 
((SELECT id FROM structures WHERE alias='qc_gastro_dxd_cap_lip_oral'), (SELECT id FROM structure_fields WHERE `model`='DiagnosisDetail' AND `tablename`='qc_gastro_dxd_cap_lip_oral' AND `field`='number_of_lymph_nodes_involved_cannot_be_determined' AND `type`='checkbox' AND `structure_value_domain`  IS NULL  AND `flag_confidential`='0' AND `setting`='' AND `default`='' AND `language_help`='' AND `language_label`='number of lymph nodes involved cannot be determined' AND `language_tag`=''), '3', '143', '', '0', '', '0', '', '0', '', '0', '', '0', '', '0', '', '1', '0', '1', '0', '0', '0', '0', '0', '0', '0', '0', '0', '0', '1', '0'), 
((SELECT id FROM structures WHERE alias='qc_gastro_dxd_cap_lip_oral'), (SELECT id FROM structure_fields WHERE `model`='DiagnosisDetail' AND `tablename`='qc_gastro_dxd_cap_lip_oral' AND `field`='number_of_lymph_nodes_involved_cannot_be_determined_specify' AND `type`='checkbox' AND `structure_value_domain`  IS NULL  AND `flag_confidential`='0' AND `setting`='' AND `default`='' AND `language_help`='' AND `language_label`='' AND `language_tag`='specify'), '3', '144', '', '0', '', '0', '', '0', '', '0', '', '0', '', '0', '', '1', '0', '1', '0', '0', '0', '0', '0', '0', '0', '0', '0', '0', '1', '0'), 
((SELECT id FROM structures WHERE alias='qc_gastro_dxd_cap_lip_oral'), (SELECT id FROM structure_fields WHERE `model`='DiagnosisDetail' AND `tablename`='qc_gastro_dxd_cap_lip_oral' AND `field`='size_greatest_dimension_largest_positiev_lymph_node' AND `type`='float_positive' AND `structure_value_domain`  IS NULL  AND `flag_confidential`='0' AND `setting`='' AND `default`='' AND `language_help`='' AND `language_label`='size greatest dimension largest positiev lymph node' AND `language_tag`=''), '3', '145', '', '0', '', '0', '', '0', '', '0', '', '0', '', '0', '', '1', '0', '1', '0', '0', '0', '0', '0', '0', '0', '0', '0', '0', '1', '0'), 
((SELECT id FROM structures WHERE alias='qc_gastro_dxd_cap_lip_oral'), (SELECT id FROM structure_fields WHERE `model`='DiagnosisDetail' AND `tablename`='qc_gastro_dxd_cap_lip_oral' AND `field`='pm' AND `type`='select' AND `structure_value_domain` =(SELECT id FROM structure_value_domains WHERE domain_name='qc_gastro_cap_lip_oral_pm')  AND `flag_confidential`='0' AND `setting`='' AND `default`='' AND `language_help`='' AND `language_label`='pm' AND `language_tag`=''), '3', '146', '', '0', '', '0', '', '0', '', '0', '', '0', '', '0', '', '1', '0', '1', '0', '0', '0', '0', '0', '0', '0', '0', '0', '0', '1', '0'), 
((SELECT id FROM structures WHERE alias='qc_gastro_dxd_cap_lip_oral'), (SELECT id FROM structure_fields WHERE `model`='DiagnosisDetail' AND `tablename`='qc_gastro_dxd_cap_lip_oral' AND `field`='pm_site' AND `type`='input' AND `structure_value_domain`  IS NULL  AND `flag_confidential`='0' AND `setting`='' AND `default`='' AND `language_help`='' AND `language_label`='' AND `language_tag`='site'), '3', '147', '', '0', '', '0', '', '0', '', '0', '', '0', '', '0', '', '1', '0', '1', '0', '0', '0', '0', '0', '0', '0', '0', '0', '0', '1', '0'), 
((SELECT id FROM structures WHERE alias='qc_gastro_dxd_cap_lip_oral'), (SELECT id FROM structure_fields WHERE `model`='DiagnosisDetail' AND `tablename`='qc_gastro_dxd_cap_lip_oral' AND `field`='pm_source' AND `type`='input' AND `structure_value_domain`  IS NULL  AND `flag_confidential`='0' AND `setting`='' AND `default`='' AND `language_help`='' AND `language_label`='' AND `language_tag`='source'), '3', '148', '', '0', '', '0', '', '0', '', '0', '', '0', '', '0', '', '1', '0', '1', '0', '0', '0', '0', '0', '0', '0', '0', '0', '0', '1', '0'), 
((SELECT id FROM structures WHERE alias='qc_gastro_dxd_cap_lip_oral'), (SELECT id FROM structure_fields WHERE `model`='DiagnosisDetail' AND `tablename`='qc_gastro_dxd_cap_lip_oral' AND `field`='pt_mucosal' AND `type`='select' AND `structure_value_domain` =(SELECT id FROM structure_value_domains WHERE domain_name='qc_gastro_cap_lip_oral_pt_mucosal')  AND `flag_confidential`='0' AND `setting`='' AND `default`='' AND `language_help`='' AND `language_label`='pt mucosal' AND `language_tag`=''), '3', '149', '', '0', '', '0', '', '0', '', '0', '', '0', '', '0', '', '1', '0', '1', '0', '0', '0', '0', '0', '0', '0', '0', '0', '0', '1', '0'), 
((SELECT id FROM structures WHERE alias='qc_gastro_dxd_cap_lip_oral'), (SELECT id FROM structure_fields WHERE `model`='DiagnosisDetail' AND `tablename`='qc_gastro_dxd_cap_lip_oral' AND `field`='pn_mucosal' AND `type`='select' AND `structure_value_domain` =(SELECT id FROM structure_value_domains WHERE domain_name='qc_gastro_cap_lip_oral_pn_mucosal')  AND `flag_confidential`='0' AND `setting`='' AND `default`='' AND `language_help`='' AND `language_label`='pn mucosal' AND `language_tag`=''), '3', '150', '', '0', '', '0', '', '0', '', '0', '', '0', '', '0', '', '1', '0', '1', '0', '0', '0', '0', '0', '0', '0', '0', '0', '0', '1', '0'), 
((SELECT id FROM structures WHERE alias='qc_gastro_dxd_cap_lip_oral'), (SELECT id FROM structure_fields WHERE `model`='DiagnosisDetail' AND `tablename`='qc_gastro_dxd_cap_lip_oral' AND `field`='pm_mucosal' AND `type`='select' AND `structure_value_domain` =(SELECT id FROM structure_value_domains WHERE domain_name='qc_gastro_cap_lip_oral_pm_mucosal')  AND `flag_confidential`='0' AND `setting`='' AND `default`='' AND `language_help`='' AND `language_label`='pm mucosal' AND `language_tag`=''), '3', '151', '', '0', '', '0', '', '0', '', '0', '', '0', '', '0', '', '1', '0', '1', '0', '0', '0', '0', '0', '0', '0', '0', '0', '0', '1', '0'), 
((SELECT id FROM structures WHERE alias='qc_gastro_dxd_cap_lip_oral'), (SELECT id FROM structure_fields WHERE `model`='DiagnosisDetail' AND `tablename`='qc_gastro_dxd_cap_lip_oral' AND `field`='pm_mucosal_site' AND `type`='input' AND `structure_value_domain`  IS NULL  AND `flag_confidential`='0' AND `setting`='' AND `default`='' AND `language_help`='' AND `language_label`='' AND `language_tag`='site'), '3', '152', '', '0', '', '0', '', '0', '', '0', '', '0', '', '0', '', '1', '0', '1', '0', '0', '0', '0', '0', '0', '0', '0', '0', '0', '1', '0'), 
((SELECT id FROM structures WHERE alias='qc_gastro_dxd_cap_lip_oral'), (SELECT id FROM structure_fields WHERE `model`='DiagnosisDetail' AND `tablename`='qc_gastro_dxd_cap_lip_oral' AND `field`='pm_mucosal_source' AND `type`='input' AND `structure_value_domain`  IS NULL  AND `flag_confidential`='0' AND `setting`='' AND `default`='' AND `language_help`='' AND `language_label`='' AND `language_tag`='source'), '3', '153', '', '0', '', '0', '', '0', '', '0', '', '0', '', '0', '', '1', '0', '1', '0', '0', '0', '0', '0', '0', '0', '0', '0', '0', '1', '0');
UPDATE structure_fields SET  `type`='input' WHERE model='DiagnosisDetail' AND tablename='qc_gastro_dxd_cap_lip_oral' AND field='number_of_lymph_nodes_examined_cannot_be_determined_specify' AND `type`='checkbox' AND structure_value_domain  IS NULL ;
UPDATE structure_fields SET  `type`='input' WHERE model='DiagnosisDetail' AND tablename='qc_gastro_dxd_cap_lip_oral' AND field='number_of_lymph_nodes_involved_cannot_be_determined_specify' AND `type`='checkbox' AND structure_value_domain  IS NULL ;

CREATE TABLE qc_gastro_dxd_cap_sal_glands(
 id INT UNSIGNED NOT NULL AUTO_INCREMENT PRIMARY KEY,
 diagnosis_master_id INT NOT NULL,
 specimen_parotid_gland CHAR(1) NOT NULL DEFAULT '',
 specimen_superficial_lobe_only CHAR(1) NOT NULL DEFAULT '',
 specimen_deep_lobe_only CHAR(1) NOT NULL DEFAULT '',
 specimen_total_parotid_gland CHAR(1) NOT NULL DEFAULT '',
 specimen_submandibular_gland CHAR(1) NOT NULL DEFAULT '',
 specimen_sublingual_gland CHAR(1) NOT NULL DEFAULT '',
 procedure_incisional_biopsy CHAR(1) NOT NULL DEFAULT '',
 procedure_excisional_biopsy CHAR(1) NOT NULL DEFAULT '',
 procedure_resection_parotid_gland CHAR(1) NOT NULL DEFAULT '',
 procedure_superficial_parotidectomy CHAR(1) NOT NULL DEFAULT '',
 procedure_total_parotidectomy CHAR(1) NOT NULL DEFAULT '',
 procedure_resection_submandibular_gland CHAR(1) NOT NULL DEFAULT '',
 procedure_resection_sublingual_gland CHAR(1) NOT NULL DEFAULT '',
 procedure_neck_lymph_node_dissection CHAR(1) NOT NULL DEFAULT '',
 procedure_neck_lymph_node_dissection_specify VARCHAR(50) NOT NULL DEFAULT '',
 procedure_other CHAR(1) NOT NULL DEFAULT '',
 procedure_other_specify VARCHAR(50) NOT NULL DEFAULT '',
 procedure_not_specified CHAR(1) NOT NULL DEFAULT '',
 laterality VARCHAR(50) NOT NULL DEFAULT '',
 site_parotid_gland CHAR(1) NOT NULL DEFAULT '',
 site_superficial_lobe CHAR(1) NOT NULL DEFAULT '',
 site_deep_lobe CHAR(1) NOT NULL DEFAULT '',
 site_entire_parotid_gland CHAR(1) NOT NULL DEFAULT '',
 site_submandibular_gland CHAR(1) NOT NULL DEFAULT '',
 site_sublingual_gland CHAR(1) NOT NULL DEFAULT '',
 site_other CHAR(1) NOT NULL DEFAULT '',
 site_other_specify VARCHAR(50) NOT NULL DEFAULT '',
 site_not_specified CHAR(1) NOT NULL DEFAULT '',
 tumor_size_cannot_determine CHAR(1) NOT NULL DEFAULT '',
 tumor_greatest_cm FLOAT UNSIGNED DEFAULT NULL,
 tumor_size_add1_cm FLOAT UNSIGNED DEFAULT NULL,
 tumor_size_add2_cm FLOAT UNSIGNED DEFAULT NULL,
 histo_acinic_cell_carcinoma CHAR(1) NOT NULL DEFAULT '',
 histo_adenoid_cystic_carcinoma CHAR(1) NOT NULL DEFAULT '',
 histo_adenocarcinoma_nos CHAR(1) NOT NULL DEFAULT '',
 histo_adenocarcinoma_noslow_grade CHAR(1) NOT NULL DEFAULT '',
 histo_adenocarcinoma_nosintermediate_grade CHAR(1) NOT NULL DEFAULT '',
 histo_adenocarcinoma_noshigh_grade CHAR(1) NOT NULL DEFAULT '',
 histo_basal_cell_adenocarcinoma CHAR(1) NOT NULL DEFAULT '',
 histo_carcinoma_ex_pleomorphic_adenoma CHAR(1) NOT NULL DEFAULT '',
 histo_carcinoma_ex_pleomorphic_low_grade CHAR(1) NOT NULL DEFAULT '',
 histo_carcinoma_ex_pleomorphic_high_grade CHAR(1) NOT NULL DEFAULT '',
 histo_carcinoma_ex_pleomorphic_invasive CHAR(1) NOT NULL DEFAULT '',
 histo_carcinoma_ex_pleomorphic_invasive_minimally CHAR(1) NOT NULL DEFAULT '',
 histo_carcinoma_ex_pleomorphic_invasive_invasive CHAR(1) NOT NULL DEFAULT '',
 histo_intracapsular_noninvasive CHAR(1) NOT NULL DEFAULT '',
 histo_carcinosarcoma_true_malignant_mixed_tumor CHAR(1) NOT NULL DEFAULT '',
 histo_clear_cell_adenocarcinoma CHAR(1) NOT NULL DEFAULT '',
 histo_cystadenocarcinoma CHAR(1) NOT NULL DEFAULT '',
 histo_epithelial_myoepithelial_carcinoma CHAR(1) NOT NULL DEFAULT '',
 histo_large_cell_carcinoma CHAR(1) NOT NULL DEFAULT '',
 histo_low_grade_cribriform_cystadenocarcinoma CHAR(1) NOT NULL DEFAULT '',
 histo_lymphoepithelial_carcinoma CHAR(1) NOT NULL DEFAULT '',
 histo_metastasizing_pleomorphic_adenoma CHAR(1) NOT NULL DEFAULT '',
 histo_mucoepidermoid_carcinoma CHAR(1) NOT NULL DEFAULT '',
 histo_mucoepidermoid_carcinoma_low_grade CHAR(1) NOT NULL DEFAULT '',
 histo_mucoepidermoid_carcinoma_intermediate_grade CHAR(1) NOT NULL DEFAULT '',
 histo_mucoepidermoid_carcinoma_high_grade CHAR(1) NOT NULL DEFAULT '',
 histo_mucinous_adenocarcinoma_colloid_carcinoma CHAR(1) NOT NULL DEFAULT '',
 histo_myoepithelial_carcinoma_malignant_myoepithelioma CHAR(1) NOT NULL DEFAULT '',
 histo_oncocytic_carcinoma CHAR(1) NOT NULL DEFAULT '',
 histo_polymorphous_low_grade_adenocarcinoma CHAR(1) NOT NULL DEFAULT '',
 histo_salivary_duct_carcinoma CHAR(1) NOT NULL DEFAULT '',
 histo_sebaceous_adenocarcinomas CHAR(1) NOT NULL DEFAULT '',
 histo_seb_ade_sebaceous_adenocarcinoma CHAR(1) NOT NULL DEFAULT '',
 histo_seb_ade_sebaceous_lymphadenocarcinoma CHAR(1) NOT NULL DEFAULT '',
 histo_sialoblastoma CHAR(1) NOT NULL DEFAULT '',
 histo_small_cell_neuroendocrine_carcinoma CHAR(1) NOT NULL DEFAULT '',
 histo_squamous_cell_carcinoma_primary CHAR(1) NOT NULL DEFAULT '',
 histo_undifferentiated_carcinoma_large_cell_type CHAR(1) NOT NULL DEFAULT '',
 histo_other CHAR(1) NOT NULL DEFAULT '',
 histo_other_specify VARCHAR(50) NOT NULL DEFAULT '',
 histo_carcinoma_type_cannot_be_determined CHAR(1) NOT NULL DEFAULT '',
 histo_grade VARCHAR(20) NOT NULL DEFAULT '',
 lymph_vascular_invasion VARCHAR(20) NOT NULL DEFAULT '',
 perineural_invasion VARCHAR(20) NOT NULL DEFAULT '',
 tnm_descriptors_m CHAR(1) NOT NULL DEFAULT '',
 tnm_descriptors_r CHAR(1) NOT NULL DEFAULT '',
 tnm_descriptors_y CHAR(1) NOT NULL DEFAULT '',
 pt VARCHAR(10) NOT NULL DEFAULT '',
 pn VARCHAR(10) NOT NULL DEFAULT '',
 number_of_lymph_nodes_examined INT UNSIGNED DEFAULT NULL,
 number_of_lymph_nodes_examined_cannot_be_determined CHAR(1) NOT NULL DEFAULT '',
 number_of_lymph_nodes_examined_cannot_be_determined_specify VARCHAR(50) NOT NULL DEFAULT '',
 number_of_lymph_nodes_involved INT UNSIGNED DEFAULT NULL,
 number_of_lymph_nodes_involved_cannot_be_determined CHAR(1) NOT NULL DEFAULT '',
 number_of_lymph_nodes_involved_cannot_be_determined_specify VARCHAR(50) NOT NULL DEFAULT '',
 size_greatest_dimension_largest_positiev_lymph_node FLOAT UNSIGNED DEFAULT NULL,
 pm VARCHAR(10) NOT NULL DEFAULT '',
 pm_site VARCHAR(50) NOT NULL DEFAULT '',
 deleted BOOLEAN NOT NULL DEFAULT FALSE
)Engine=InnoDb;

INSERT INTO structure_value_domains(`domain_name`, `override`, `category`, `source`) VALUES ('laterality_r_l_b_ns', '', '', NULL);
INSERT IGNORE INTO structure_permissible_values (`value`, `language_alias`) VALUES("right", "right");
INSERT INTO structure_value_domains_permissible_values (`structure_value_domain_id`, `structure_permissible_value_id`, `display_order`, `flag_active`) VALUES((SELECT id FROM structure_value_domains WHERE domain_name="laterality_r_l_b_ns"),  (SELECT id FROM structure_permissible_values WHERE value="right" AND language_alias="right"), "1", "1");
INSERT IGNORE INTO structure_permissible_values (`value`, `language_alias`) VALUES("left", "left");
INSERT INTO structure_value_domains_permissible_values (`structure_value_domain_id`, `structure_permissible_value_id`, `display_order`, `flag_active`) VALUES((SELECT id FROM structure_value_domains WHERE domain_name="laterality_r_l_b_ns"),  (SELECT id FROM structure_permissible_values WHERE value="left" AND language_alias="left"), "1", "1");
INSERT IGNORE INTO structure_permissible_values (`value`, `language_alias`) VALUES("bilateral", "bilateral");
INSERT INTO structure_value_domains_permissible_values (`structure_value_domain_id`, `structure_permissible_value_id`, `display_order`, `flag_active`) VALUES((SELECT id FROM structure_value_domains WHERE domain_name="laterality_r_l_b_ns"),  (SELECT id FROM structure_permissible_values WHERE value="bilateral" AND language_alias="bilateral"), "1", "1");
INSERT IGNORE INTO structure_permissible_values (`value`, `language_alias`) VALUES("not specified", "not specified");
INSERT INTO structure_value_domains_permissible_values (`structure_value_domain_id`, `structure_permissible_value_id`, `display_order`, `flag_active`) VALUES((SELECT id FROM structure_value_domains WHERE domain_name="laterality_r_l_b_ns"),  (SELECT id FROM structure_permissible_values WHERE value="not specified" AND language_alias="not specified"), "1", "1");

INSERT INTO structure_value_domains(`domain_name`, `override`, `category`, `source`) VALUES ('qc_gastro_cap_sal_gland_pt', '', '', NULL);
INSERT IGNORE INTO structure_permissible_values (`value`, `language_alias`) VALUES("ptx", "ptx: Cannot be assessed");
INSERT INTO structure_value_domains_permissible_values (`structure_value_domain_id`, `structure_permissible_value_id`, `display_order`, `flag_active`) VALUES((SELECT id FROM structure_value_domains WHERE domain_name="qc_gastro_cap_sal_gland_pt"),  (SELECT id FROM structure_permissible_values WHERE value="ptx" AND language_alias="ptx: Cannot be assessed"), "1", "1");
INSERT IGNORE INTO structure_permissible_values (`value`, `language_alias`) VALUES("pt0", "pt0: No evidence of primary tumor");
INSERT INTO structure_value_domains_permissible_values (`structure_value_domain_id`, `structure_permissible_value_id`, `display_order`, `flag_active`) VALUES((SELECT id FROM structure_value_domains WHERE domain_name="qc_gastro_cap_sal_gland_pt"),  (SELECT id FROM structure_permissible_values WHERE value="pt0" AND language_alias="pt0: No evidence of primary tumor"), "1", "1");
INSERT IGNORE INTO structure_permissible_values (`value`, `language_alias`) VALUES("pt1", "pt1: Tumor 2 cm or less in greatest dimension without extraparenchymal extension");
INSERT INTO structure_value_domains_permissible_values (`structure_value_domain_id`, `structure_permissible_value_id`, `display_order`, `flag_active`) VALUES((SELECT id FROM structure_value_domains WHERE domain_name="qc_gastro_cap_sal_gland_pt"),  (SELECT id FROM structure_permissible_values WHERE value="pt1" AND language_alias="pt1: Tumor 2 cm or less in greatest dimension without extraparenchymal extension"), "1", "1");
INSERT IGNORE INTO structure_permissible_values (`value`, `language_alias`) VALUES("pt2", "pt2: Tumor more than 2 cm but not more than 4 cm in greatest dimension without extraparenchymal extension");
INSERT INTO structure_value_domains_permissible_values (`structure_value_domain_id`, `structure_permissible_value_id`, `display_order`, `flag_active`) VALUES((SELECT id FROM structure_value_domains WHERE domain_name="qc_gastro_cap_sal_gland_pt"),  (SELECT id FROM structure_permissible_values WHERE value="pt2" AND language_alias="pt2: Tumor more than 2 cm but not more than 4 cm in greatest dimension without extraparenchymal extension"), "1", "1");
INSERT IGNORE INTO structure_permissible_values (`value`, `language_alias`) VALUES("pt3", "pt3: Tumor more than 4 cm and/or tumor having extraparenchymal extension");
INSERT INTO structure_value_domains_permissible_values (`structure_value_domain_id`, `structure_permissible_value_id`, `display_order`, `flag_active`) VALUES((SELECT id FROM structure_value_domains WHERE domain_name="qc_gastro_cap_sal_gland_pt"),  (SELECT id FROM structure_permissible_values WHERE value="pt3" AND language_alias="pt3: Tumor more than 4 cm and/or tumor having extraparenchymal extension"), "1", "1");
INSERT IGNORE INTO structure_permissible_values (`value`, `language_alias`) VALUES("pt4a", "pt4a: Moderately advanced disease. Tumor invades skin, mandible, ear canal, and/or facial nerve.");
INSERT INTO structure_value_domains_permissible_values (`structure_value_domain_id`, `structure_permissible_value_id`, `display_order`, `flag_active`) VALUES((SELECT id FROM structure_value_domains WHERE domain_name="qc_gastro_cap_sal_gland_pt"),  (SELECT id FROM structure_permissible_values WHERE value="pt4a" AND language_alias="pt4a: Moderately advanced disease. Tumor invades skin, mandible, ear canal, and/or facial nerve."), "1", "1");
INSERT IGNORE INTO structure_permissible_values (`value`, `language_alias`) VALUES("pt4b", "pt4b: Very advanced local disease. Tumor invades skull base and/or pterygoid plates and/or encases carotid artery");
INSERT INTO structure_value_domains_permissible_values (`structure_value_domain_id`, `structure_permissible_value_id`, `display_order`, `flag_active`) VALUES((SELECT id FROM structure_value_domains WHERE domain_name="qc_gastro_cap_sal_gland_pt"),  (SELECT id FROM structure_permissible_values WHERE value="pt4b" AND language_alias="pt4b: Very advanced local disease. Tumor invades skull base and/or pterygoid plates and/or encases carotid artery"), "1", "1");

INSERT INTO structure_value_domains(`domain_name`, `override`, `category`, `source`) VALUES ('qc_gastro_cap_sal_gland_pn', '', '', NULL);
INSERT IGNORE INTO structure_permissible_values (`value`, `language_alias`) VALUES("pnx", "pnx: Cannot be assessed");
INSERT INTO structure_value_domains_permissible_values (`structure_value_domain_id`, `structure_permissible_value_id`, `display_order`, `flag_active`) VALUES((SELECT id FROM structure_value_domains WHERE domain_name="qc_gastro_cap_sal_gland_pn"),  (SELECT id FROM structure_permissible_values WHERE value="pnx" AND language_alias="pnx: Cannot be assessed"), "1", "1");
INSERT IGNORE INTO structure_permissible_values (`value`, `language_alias`) VALUES("pn0", "pn0: No regional lymph node metastasis");
INSERT INTO structure_value_domains_permissible_values (`structure_value_domain_id`, `structure_permissible_value_id`, `display_order`, `flag_active`) VALUES((SELECT id FROM structure_value_domains WHERE domain_name="qc_gastro_cap_sal_gland_pn"),  (SELECT id FROM structure_permissible_values WHERE value="pn0" AND language_alias="pn0: No regional lymph node metastasis"), "1", "1");
INSERT IGNORE INTO structure_permissible_values (`value`, `language_alias`) VALUES("pn1", "pn1: Metastasis in a single ipsilateral lymph node, 3 cm or less in greatest dimension");
INSERT INTO structure_value_domains_permissible_values (`structure_value_domain_id`, `structure_permissible_value_id`, `display_order`, `flag_active`) VALUES((SELECT id FROM structure_value_domains WHERE domain_name="qc_gastro_cap_sal_gland_pn"),  (SELECT id FROM structure_permissible_values WHERE value="pn1" AND language_alias="pn1: Metastasis in a single ipsilateral lymph node, 3 cm or less in greatest dimension"), "1", "1");
INSERT IGNORE INTO structure_permissible_values (`value`, `language_alias`) VALUES("pn2a", "pn2a: Metastasis in a single ipsilateral lymph node, more than 3 cm but not more than 6 cm in greatest dimension");
INSERT INTO structure_value_domains_permissible_values (`structure_value_domain_id`, `structure_permissible_value_id`, `display_order`, `flag_active`) VALUES((SELECT id FROM structure_value_domains WHERE domain_name="qc_gastro_cap_sal_gland_pn"),  (SELECT id FROM structure_permissible_values WHERE value="pn2a" AND language_alias="pn2a: Metastasis in a single ipsilateral lymph node, more than 3 cm but not more than 6 cm in greatest dimension"), "1", "1");
INSERT IGNORE INTO structure_permissible_values (`value`, `language_alias`) VALUES("pn2b", "pn2b: Metastasis in multiple ipsilateral lymph nodes, none more than 6 cm in greatest dimension");
INSERT INTO structure_value_domains_permissible_values (`structure_value_domain_id`, `structure_permissible_value_id`, `display_order`, `flag_active`) VALUES((SELECT id FROM structure_value_domains WHERE domain_name="qc_gastro_cap_sal_gland_pn"),  (SELECT id FROM structure_permissible_values WHERE value="pn2b" AND language_alias="pn2b: Metastasis in multiple ipsilateral lymph nodes, none more than 6 cm in greatest dimension"), "1", "1");
INSERT IGNORE INTO structure_permissible_values (`value`, `language_alias`) VALUES("pn2c", "pn2c: Metastasis in bilateral or contralateral lymph nodes, none more than 6 cm in greatest dimension");
INSERT INTO structure_value_domains_permissible_values (`structure_value_domain_id`, `structure_permissible_value_id`, `display_order`, `flag_active`) VALUES((SELECT id FROM structure_value_domains WHERE domain_name="qc_gastro_cap_sal_gland_pn"),  (SELECT id FROM structure_permissible_values WHERE value="pn2c" AND language_alias="pn2c: Metastasis in bilateral or contralateral lymph nodes, none more than 6 cm in greatest dimension"), "1", "1");
INSERT IGNORE INTO structure_permissible_values (`value`, `language_alias`) VALUES("pn3", "pn3: Metastasis in a lymph node, more than 6 cm in greatest dimension");
INSERT INTO structure_value_domains_permissible_values (`structure_value_domain_id`, `structure_permissible_value_id`, `display_order`, `flag_active`) VALUES((SELECT id FROM structure_value_domains WHERE domain_name="qc_gastro_cap_sal_gland_pn"),  (SELECT id FROM structure_permissible_values WHERE value="pn3" AND language_alias="pn3: Metastasis in a lymph node, more than 6 cm in greatest dimension"), "1", "1");
INSERT IGNORE INTO structure_permissible_values (`value`, `language_alias`) VALUES("none", "no nodes submitted or found");
INSERT INTO structure_value_domains_permissible_values (`structure_value_domain_id`, `structure_permissible_value_id`, `display_order`, `flag_active`) VALUES((SELECT id FROM structure_value_domains WHERE domain_name="qc_gastro_cap_sal_gland_pn"),  (SELECT id FROM structure_permissible_values WHERE value="none" AND language_alias="no nodes submitted or found"), "1", "1");

INSERT INTO structure_value_domains(`domain_name`, `override`, `category`, `source`) VALUES ('qc_gastro_cap_sal_gland_pm', '', '', NULL);
INSERT IGNORE INTO structure_permissible_values (`value`, `language_alias`) VALUES("not applicable", "not applicable");
INSERT INTO structure_value_domains_permissible_values (`structure_value_domain_id`, `structure_permissible_value_id`, `display_order`, `flag_active`) VALUES((SELECT id FROM structure_value_domains WHERE domain_name="qc_gastro_cap_sal_gland_pm"),  (SELECT id FROM structure_permissible_values WHERE value="not applicable" AND language_alias="not applicable"), "1", "1");
INSERT IGNORE INTO structure_permissible_values (`value`, `language_alias`) VALUES("pm1", "pm1: Distant metastasis");
INSERT INTO structure_value_domains_permissible_values (`structure_value_domain_id`, `structure_permissible_value_id`, `display_order`, `flag_active`) VALUES((SELECT id FROM structure_value_domains WHERE domain_name="qc_gastro_cap_sal_gland_pm"),  (SELECT id FROM structure_permissible_values WHERE value="pm1" AND language_alias="pm1: Distant metastasis"), "1", "1");

INSERT INTO structures(`alias`) VALUES ('qc_gastro_dxd_cap_sal_glands');

INSERT INTO structure_fields(`plugin`, `model`, `tablename`, `field`, `type`, `structure_value_domain`, `flag_confidential`, `setting`, `default`, `language_help`, `language_label`, `language_tag`) VALUES
('Clinicalannotation', 'DiagnosisDetail', 'qc_gastro_dxd_cap_sal_glands', 'specimen_parotid_gland', 'checkbox',  NULL , '0', '', '', '', 'parotid gland', ''), 
('Clinicalannotation', 'DiagnosisDetail', 'qc_gastro_dxd_cap_sal_glands', 'specimen_superficial_lobe_only', 'checkbox',  NULL , '0', '', '', '', '', 'superficial lobe only'), 
('Clinicalannotation', 'DiagnosisDetail', 'qc_gastro_dxd_cap_sal_glands', 'specimen_deep_lobe_only', 'checkbox',  NULL , '0', '', '', '', '', 'deep lobe only'), 
('Clinicalannotation', 'DiagnosisDetail', 'qc_gastro_dxd_cap_sal_glands', 'specimen_total_parotid_gland', 'checkbox',  NULL , '0', '', '', '', '', 'total parotid gland'), 
('Clinicalannotation', 'DiagnosisDetail', 'qc_gastro_dxd_cap_sal_glands', 'specimen_submandibular_gland', 'checkbox',  NULL , '0', '', '', '', 'submandibular gland', ''), 
('Clinicalannotation', 'DiagnosisDetail', 'qc_gastro_dxd_cap_sal_glands', 'specimen_sublingual_gland', 'checkbox',  NULL , '0', '', '', '', 'sublingual gland', ''), 
('Clinicalannotation', 'DiagnosisDetail', 'qc_gastro_dxd_cap_sal_glands', 'procedure_incisional_biopsy', 'checkbox',  NULL , '0', '', '', '', 'incisional biopsy', ''), 
('Clinicalannotation', 'DiagnosisDetail', 'qc_gastro_dxd_cap_sal_glands', 'procedure_excisional_biopsy', 'checkbox',  NULL , '0', '', '', '', 'excisional biopsy', ''), 
('Clinicalannotation', 'DiagnosisDetail', 'qc_gastro_dxd_cap_sal_glands', 'procedure_resection_parotid_gland', 'checkbox',  NULL , '0', '', '', '', 'resection parotid gland', ''), 
('Clinicalannotation', 'DiagnosisDetail', 'qc_gastro_dxd_cap_sal_glands', 'procedure_superficial_parotidectomy', 'checkbox',  NULL , '0', '', '', '', '', 'superficial parotidectomy'), 
('Clinicalannotation', 'DiagnosisDetail', 'qc_gastro_dxd_cap_sal_glands', 'procedure_total_parotidectomy', 'checkbox',  NULL , '0', '', '', '', '', 'total parotidectomy'), 
('Clinicalannotation', 'DiagnosisDetail', 'qc_gastro_dxd_cap_sal_glands', 'procedure_resection_submandibular_gland', 'checkbox',  NULL , '0', '', '', '', 'resection submandibular gland', ''), 
('Clinicalannotation', 'DiagnosisDetail', 'qc_gastro_dxd_cap_sal_glands', 'procedure_resection_sublingual_gland', 'checkbox',  NULL , '0', '', '', '', 'resection sublingual gland', ''), 
('Clinicalannotation', 'DiagnosisDetail', 'qc_gastro_dxd_cap_sal_glands', 'procedure_neck_lymph_node_dissection', 'checkbox',  NULL , '0', '', '', '', 'neck (lymph node) dissection', ''), 
('Clinicalannotation', 'DiagnosisDetail', 'qc_gastro_dxd_cap_sal_glands', 'procedure_neck_lymph_node_dissection_specify', 'input',  NULL , '0', '', '', '', '', 'specify'), 
('Clinicalannotation', 'DiagnosisDetail', 'qc_gastro_dxd_cap_sal_glands', 'procedure_other', 'checkbox',  NULL , '0', '', '', '', 'other', ''), 
('Clinicalannotation', 'DiagnosisDetail', 'qc_gastro_dxd_cap_sal_glands', 'procedure_other_specify', 'input',  NULL , '0', '', '', '', '', 'specify'), 
('Clinicalannotation', 'DiagnosisDetail', 'qc_gastro_dxd_cap_sal_glands', 'procedure_not_specified', 'checkbox',  NULL , '0', '', '', '', 'procedure not specified', ''), 
('Clinicalannotation', 'DiagnosisDetail', 'qc_gastro_dxd_cap_sal_glands', 'laterality', 'select', (SELECT id FROM structure_value_domains WHERE domain_name='laterality_r_l_b_ns') , '0', '', '', '', 'laterality', ''), 
('Clinicalannotation', 'DiagnosisDetail', 'qc_gastro_dxd_cap_sal_glands', 'site_parotid_gland', 'checkbox',  NULL , '0', '', '', '', 'parotid gland', ''), 
('Clinicalannotation', 'DiagnosisDetail', 'qc_gastro_dxd_cap_sal_glands', 'site_superficial_lobe', 'checkbox',  NULL , '0', '', '', '', '', 'superficial lobe'), 
('Clinicalannotation', 'DiagnosisDetail', 'qc_gastro_dxd_cap_sal_glands', 'site_deep_lobe', 'checkbox',  NULL , '0', '', '', '', '', 'deep lobe'), 
('Clinicalannotation', 'DiagnosisDetail', 'qc_gastro_dxd_cap_sal_glands', 'site_entire_parotid_gland', 'checkbox',  NULL , '0', '', '', '', '', 'entire parotid gland'), 
('Clinicalannotation', 'DiagnosisDetail', 'qc_gastro_dxd_cap_sal_glands', 'site_submandibular_gland', 'checkbox',  NULL , '0', '', '', '', 'submandibular gland', ''), 
('Clinicalannotation', 'DiagnosisDetail', 'qc_gastro_dxd_cap_sal_glands', 'site_sublingual_gland', 'checkbox',  NULL , '0', '', '', '', 'sublingual gland', ''), 
('Clinicalannotation', 'DiagnosisDetail', 'qc_gastro_dxd_cap_sal_glands', 'site_other', 'checkbox',  NULL , '0', '', '', '', 'other', ''), 
('Clinicalannotation', 'DiagnosisDetail', 'qc_gastro_dxd_cap_sal_glands', 'site_other_specify', 'input',  NULL , '0', '', '', '', '', 'specify'), 
('Clinicalannotation', 'DiagnosisDetail', 'qc_gastro_dxd_cap_sal_glands', 'site_not_specified', 'checkbox',  NULL , '0', '', '', '', 'not specified', ''), 
('Clinicalannotation', 'DiagnosisDetail', 'qc_gastro_dxd_cap_sal_glands', 'tumor_size_cannot_determine', 'checkbox',  NULL , '0', '', '', '', 'tumor size cannot determine', ''), 
('Clinicalannotation', 'DiagnosisDetail', 'qc_gastro_dxd_cap_sal_glands', 'tumor_greatest_cm', 'float_positive',  NULL , '0', '', '', '', 'tumor greatest dimension (cm)', ''), 
('Clinicalannotation', 'DiagnosisDetail', 'qc_gastro_dxd_cap_sal_glands', 'tumor_size_add1_cm', 'float_positive',  NULL , '0', '', '', '', 'additional dimension (cm)', ''), 
('Clinicalannotation', 'DiagnosisDetail', 'qc_gastro_dxd_cap_sal_glands', 'tumor_size_add2_cm', 'float_positive',  NULL , '0', '', '', '', '', 'x'), 
('Clinicalannotation', 'DiagnosisDetail', 'qc_gastro_dxd_cap_sal_glands', 'histo_acinic_cell_carcinoma', 'checkbox',  NULL , '0', '', '', '', 'acinic cell carcinoma', ''), 
('Clinicalannotation', 'DiagnosisDetail', 'qc_gastro_dxd_cap_sal_glands', 'histo_adenoid_cystic_carcinoma', 'checkbox',  NULL , '0', '', '', '', 'adenoid cystic carcinoma', ''), 
('Clinicalannotation', 'DiagnosisDetail', 'qc_gastro_dxd_cap_sal_glands', 'histo_adenocarcinoma_nos', 'checkbox',  NULL , '0', '', '', '', 'adenocarcinoma nos', ''), 
('Clinicalannotation', 'DiagnosisDetail', 'qc_gastro_dxd_cap_sal_glands', 'histo_adenocarcinoma_noslow_grade', 'checkbox',  NULL , '0', '', '', '', '', 'low grade'), 
('Clinicalannotation', 'DiagnosisDetail', 'qc_gastro_dxd_cap_sal_glands', 'histo_adenocarcinoma_nosintermediate_grade', 'checkbox',  NULL , '0', '', '', '', '', 'intermediate grade'), 
('Clinicalannotation', 'DiagnosisDetail', 'qc_gastro_dxd_cap_sal_glands', 'histo_adenocarcinoma_noshigh_grade', 'checkbox',  NULL , '0', '', '', '', '', 'high grade'), 
('Clinicalannotation', 'DiagnosisDetail', 'qc_gastro_dxd_cap_sal_glands', 'histo_basal_cell_adenocarcinoma', 'checkbox',  NULL , '0', '', '', '', 'basal cell adenocarcinoma', ''), 
('Clinicalannotation', 'DiagnosisDetail', 'qc_gastro_dxd_cap_sal_glands', 'histo_carcinoma_ex_pleomorphic_adenoma', 'checkbox',  NULL , '0', '', '', '', 'carcinoma ex pleomorphic adenoma (malignant mixed tumor)', ''), 
('Clinicalannotation', 'DiagnosisDetail', 'qc_gastro_dxd_cap_sal_glands', 'histo_carcinoma_ex_pleomorphic_low_grade', 'checkbox',  NULL , '0', '', '', '', 'carcinoma ex pleomorphic low grade', ''), 
('Clinicalannotation', 'DiagnosisDetail', 'qc_gastro_dxd_cap_sal_glands', 'histo_carcinoma_ex_pleomorphic_high_grade', 'checkbox',  NULL , '0', '', '', '', 'carcinoma ex pleomorphic high grade', ''), 
('Clinicalannotation', 'DiagnosisDetail', 'qc_gastro_dxd_cap_sal_glands', 'histo_carcinoma_ex_pleomorphic_invasive', 'checkbox',  NULL , '0', '', '', '', 'carcinoma ex pleomorphic invasive', ''), 
('Clinicalannotation', 'DiagnosisDetail', 'qc_gastro_dxd_cap_sal_glands', 'histo_carcinoma_ex_pleomorphic_invasive_minimally', 'checkbox',  NULL , '0', '', '', '', '', 'minimally invasive'), 
('Clinicalannotation', 'DiagnosisDetail', 'qc_gastro_dxd_cap_sal_glands', 'histo_carcinoma_ex_pleomorphic_invasive_invasive', 'checkbox',  NULL , '0', '', '', '', '', 'invasive'), 
('Clinicalannotation', 'DiagnosisDetail', 'qc_gastro_dxd_cap_sal_glands', 'histo_intracapsular_noninvasive', 'checkbox',  NULL , '0', '', '', '', 'carcinoma ex pleomorphic invasive intracapsular (noninvasive)', ''), 
('Clinicalannotation', 'DiagnosisDetail', 'qc_gastro_dxd_cap_sal_glands', 'histo_carcinosarcoma_true_malignant_mixed_tumor', 'checkbox',  NULL , '0', '', '', '', 'carcinosarcoma true malignant mixed tumor', ''), 
('Clinicalannotation', 'DiagnosisDetail', 'qc_gastro_dxd_cap_sal_glands', 'histo_clear_cell_adenocarcinoma', 'checkbox',  NULL , '0', '', '', '', 'clear cell adenocarcinoma', ''), 
('Clinicalannotation', 'DiagnosisDetail', 'qc_gastro_dxd_cap_sal_glands', 'histo_cystadenocarcinoma', 'checkbox',  NULL , '0', '', '', '', 'cystadenocarcinoma', ''), 
('Clinicalannotation', 'DiagnosisDetail', 'qc_gastro_dxd_cap_sal_glands', 'histo_epithelial_myoepithelial_carcinoma', 'checkbox',  NULL , '0', '', '', '', 'epithelial-myoepithelial carcinoma', ''), 
('Clinicalannotation', 'DiagnosisDetail', 'qc_gastro_dxd_cap_sal_glands', 'histo_large_cell_carcinoma', 'checkbox',  NULL , '0', '', '', '', 'large cell carcinoma', ''), 
('Clinicalannotation', 'DiagnosisDetail', 'qc_gastro_dxd_cap_sal_glands', 'histo_low_grade_cribriform_cystadenocarcinoma', 'checkbox',  NULL , '0', '', '', '', 'low-grade cribriform cystadenocarcinoma', ''), 
('Clinicalannotation', 'DiagnosisDetail', 'qc_gastro_dxd_cap_sal_glands', 'histo_lymphoepithelial_carcinoma', 'checkbox',  NULL , '0', '', '', '', 'lymphoepithelial carcinoma', ''), 
('Clinicalannotation', 'DiagnosisDetail', 'qc_gastro_dxd_cap_sal_glands', 'histo_metastasizing_pleomorphic_adenoma', 'checkbox',  NULL , '0', '', '', '', 'metastasizing pleomorphic adenoma', ''), 
('Clinicalannotation', 'DiagnosisDetail', 'qc_gastro_dxd_cap_sal_glands', 'histo_mucoepidermoid_carcinoma', 'checkbox',  NULL , '0', '', '', '', 'mucoepidermoid carcinoma', ''), 
('Clinicalannotation', 'DiagnosisDetail', 'qc_gastro_dxd_cap_sal_glands', 'histo_mucoepidermoid_carcinoma_low_grade', 'checkbox',  NULL , '0', '', '', '', '', 'low grade'), 
('Clinicalannotation', 'DiagnosisDetail', 'qc_gastro_dxd_cap_sal_glands', 'histo_mucoepidermoid_carcinoma_intermediate_grade', 'checkbox',  NULL , '0', '', '', '', '', 'intermediate grade'), 
('Clinicalannotation', 'DiagnosisDetail', 'qc_gastro_dxd_cap_sal_glands', 'histo_mucoepidermoid_carcinoma_high_grade', 'checkbox',  NULL , '0', '', '', '', '', 'high grade'), 
('Clinicalannotation', 'DiagnosisDetail', 'qc_gastro_dxd_cap_sal_glands', 'histo_mucinous_adenocarcinoma_colloid_carcinoma', 'checkbox',  NULL , '0', '', '', '', 'mucinous adenocarcinoma colloid carcinoma', ''), 
('Clinicalannotation', 'DiagnosisDetail', 'qc_gastro_dxd_cap_sal_glands', 'histo_myoepithelial_carcinoma_malignant_myoepithelioma', 'checkbox',  NULL , '0', '', '', '', 'myoepithelial carcinoma malignant myoepithelioma', ''), 
('Clinicalannotation', 'DiagnosisDetail', 'qc_gastro_dxd_cap_sal_glands', 'histo_oncocytic_carcinoma', 'checkbox',  NULL , '0', '', '', '', 'oncocytic carcinoma', ''), 
('Clinicalannotation', 'DiagnosisDetail', 'qc_gastro_dxd_cap_sal_glands', 'histo_polymorphous_low_grade_adenocarcinoma', 'checkbox',  NULL , '0', '', '', '', 'polymorphous low grade adenocarcinoma', ''), 
('Clinicalannotation', 'DiagnosisDetail', 'qc_gastro_dxd_cap_sal_glands', 'histo_salivary_duct_carcinoma', 'checkbox',  NULL , '0', '', '', '', 'salivary duct carcinoma', ''), 
('Clinicalannotation', 'DiagnosisDetail', 'qc_gastro_dxd_cap_sal_glands', 'histo_sebaceous_adenocarcinomas', 'checkbox',  NULL , '0', '', '', '', 'sebaceous adenocarcinomas', ''), 
('Clinicalannotation', 'DiagnosisDetail', 'qc_gastro_dxd_cap_sal_glands', 'histo_seb_ade_sebaceous_adenocarcinoma', 'checkbox',  NULL , '0', '', '', '', '', 'sebaceous adenocarcinoma'), 
('Clinicalannotation', 'DiagnosisDetail', 'qc_gastro_dxd_cap_sal_glands', 'histo_seb_ade_sebaceous_lymphadenocarcinoma', 'checkbox',  NULL , '0', '', '', '', '', 'sebaceous lymphadenocarcinoma'), 
('Clinicalannotation', 'DiagnosisDetail', 'qc_gastro_dxd_cap_sal_glands', 'histo_sialoblastoma', 'checkbox',  NULL , '0', '', '', '', 'sialoblastoma', ''), 
('Clinicalannotation', 'DiagnosisDetail', 'qc_gastro_dxd_cap_sal_glands', 'histo_small_cell_neuroendocrine_carcinoma', 'checkbox',  NULL , '0', '', '', '', 'small cell (neuroendocrine) carcinoma', ''), 
('Clinicalannotation', 'DiagnosisDetail', 'qc_gastro_dxd_cap_sal_glands', 'histo_squamous_cell_carcinoma_primary', 'checkbox',  NULL , '0', '', '', '', 'squamous cell carcinoma, primary', ''), 
('Clinicalannotation', 'DiagnosisDetail', 'qc_gastro_dxd_cap_sal_glands', 'histo_undifferentiated_carcinoma_large_cell_type', 'checkbox',  NULL , '0', '', '', '', 'undifferentiated carcinoma, large cell type', ''), 
('Clinicalannotation', 'DiagnosisDetail', 'qc_gastro_dxd_cap_sal_glands', 'histo_other', 'checkbox',  NULL , '0', '', '', '', 'other', ''), 
('Clinicalannotation', 'DiagnosisDetail', 'qc_gastro_dxd_cap_sal_glands', 'histo_other_specify', 'checkbox',  NULL , '0', '', '', '', '', 'specify'), 
('Clinicalannotation', 'DiagnosisDetail', 'qc_gastro_dxd_cap_sal_glands', 'histo_carcinoma_type_cannot_be_determined', 'checkbox',  NULL , '0', '', '', '', 'carcinoma type cannot be determined', ''), 
('Clinicalannotation', 'DiagnosisDetail', 'qc_gastro_dxd_cap_sal_glands', 'histo_grade', 'select', (SELECT id FROM structure_value_domains WHERE domain_name='histologic_grade_larynx') , '0', '', '', '', 'histologic grade', ''), 
('Clinicalannotation', 'DiagnosisDetail', 'qc_gastro_dxd_cap_sal_glands', 'lymph_vascular_invasion', 'select', (SELECT id FROM structure_value_domains WHERE domain_name='lymp_vascular_invasion') , '0', '', '', '', 'lymph vascular invasion', ''), 
('Clinicalannotation', 'DiagnosisDetail', 'qc_gastro_dxd_cap_sal_glands', 'perineural_invasion', 'select', (SELECT id FROM structure_value_domains WHERE domain_name='lymph_vascular_invasion') , '0', '', '', '', 'perineural invasion', ''), 
('Clinicalannotation', 'DiagnosisDetail', 'qc_gastro_dxd_cap_sal_glands', 'tnm_descriptors_m', 'checkbox',  NULL , '0', '', '', '', 'descriptors', 'm'), 
('Clinicalannotation', 'DiagnosisDetail', 'qc_gastro_dxd_cap_sal_glands', 'tnm_descriptors_r', 'checkbox',  NULL , '0', '', '', '', '', 'r'), 
('Clinicalannotation', 'DiagnosisDetail', 'qc_gastro_dxd_cap_sal_glands', 'tnm_descriptors_y', 'checkbox',  NULL , '0', '', '', '', '', 'y'), 
('Clinicalannotation', 'DiagnosisDetail', 'qc_gastro_dxd_cap_sal_glands', 'pt', 'select', (SELECT id FROM structure_value_domains WHERE domain_name='qc_gastro_cap_sal_gland_pt') , '0', '', '', '', 'pt', ''), 
('Clinicalannotation', 'DiagnosisDetail', 'qc_gastro_dxd_cap_sal_glands', 'pn', 'select', (SELECT id FROM structure_value_domains WHERE domain_name='qc_gastro_cap_sal_gland_pn') , '0', '', '', '', 'pn', ''), 
('Clinicalannotation', 'DiagnosisDetail', 'qc_gastro_dxd_cap_sal_glands', 'number_of_lymph_nodes_examined', 'integer_positive',  NULL , '0', '', '', '', 'number of lymph nodes examined', ''), 
('Clinicalannotation', 'DiagnosisDetail', 'qc_gastro_dxd_cap_sal_glands', 'number_of_lymph_nodes_examined_cannot_be_determined', 'checkbox',  NULL , '0', '', '', '', 'number of lymph nodes examined cannot be determined', ''), 
('Clinicalannotation', 'DiagnosisDetail', 'qc_gastro_dxd_cap_sal_glands', 'number_of_lymph_nodes_examined_cannot_be_determined_specify', 'input',  NULL , '0', '', '', '', '', 'specify'), 
('Clinicalannotation', 'DiagnosisDetail', 'qc_gastro_dxd_cap_sal_glands', 'number_of_lymph_nodes_involved', 'integer_positive',  NULL , '0', '', '', '', 'number of lymph nodes involved', ''), 
('Clinicalannotation', 'DiagnosisDetail', 'qc_gastro_dxd_cap_sal_glands', 'number_of_lymph_nodes_involved_cannot_be_determined', 'checkbox',  NULL , '0', '', '', '', 'number of lymph nodes involved cannot be determined', ''), 
('Clinicalannotation', 'DiagnosisDetail', 'qc_gastro_dxd_cap_sal_glands', 'number_of_lymph_nodes_involved_cannot_be_determined_specify', 'input',  NULL , '0', '', '', '', '', 'specify'), 
('Clinicalannotation', 'DiagnosisDetail', 'qc_gastro_dxd_cap_sal_glands', 'size_greatest_dimension_largest_positiev_lymph_node', 'float_positive',  NULL , '0', '', '', '', 'size (greatest dimension) of the largest positive lymph node', ''), 
('Clinicalannotation', 'DiagnosisDetail', 'qc_gastro_dxd_cap_sal_glands', 'pm', 'checkbox',  NULL , '0', '', '', '', 'pm', ''), 
('Clinicalannotation', 'DiagnosisDetail', 'qc_gastro_dxd_cap_sal_glands', 'pm_site', 'input',  NULL , '0', '', '', '', '', 'site'), 
('Clinicalannotation', 'DiagnosisDetail', 'qc_gastro_dxd_cap_sal_glands', 'deleted', 'checkbox',  NULL , '0', '', '', '', 'deleted', '');
INSERT INTO structure_formats(`structure_id`, `structure_field_id`, `display_column`, `display_order`, `language_heading`, `flag_override_label`, `language_label`, `flag_override_tag`, `language_tag`, `flag_override_help`, `language_help`, `flag_override_type`, `type`, `flag_override_setting`, `setting`, `flag_override_default`, `default`, `flag_add`, `flag_add_readonly`, `flag_edit`, `flag_edit_readonly`, `flag_search`, `flag_search_readonly`, `flag_addgrid`, `flag_addgrid_readonly`, `flag_editgrid`, `flag_editgrid_readonly`, `flag_batchedit`, `flag_batchedit_readonly`, `flag_index`, `flag_detail`, `flag_summary`) VALUES 
((SELECT id FROM structures WHERE alias='qc_gastro_dxd_cap_sal_glands'), (SELECT id FROM structure_fields WHERE `model`='DiagnosisDetail' AND `tablename`='qc_gastro_dxd_cap_sal_glands' AND `field`='specimen_parotid_gland' AND `type`='checkbox' AND `structure_value_domain`  IS NULL  AND `flag_confidential`='0' AND `setting`='' AND `default`='' AND `language_help`='' AND `language_label`='parotid gland' AND `language_tag`=''), '1', '2', 'specimen', '0', '', '0', '', '0', '', '0', '', '0', '', '0', '', '1', '0', '1', '0', '0', '0', '0', '0', '0', '0', '0', '0', '0', '1', '0'), 
((SELECT id FROM structures WHERE alias='qc_gastro_dxd_cap_sal_glands'), (SELECT id FROM structure_fields WHERE `model`='DiagnosisDetail' AND `tablename`='qc_gastro_dxd_cap_sal_glands' AND `field`='specimen_superficial_lobe_only' AND `type`='checkbox' AND `structure_value_domain`  IS NULL  AND `flag_confidential`='0' AND `setting`='' AND `default`='' AND `language_help`='' AND `language_label`='' AND `language_tag`='superficial lobe only'), '1', '3', '', '0', '', '0', '', '0', '', '0', '', '0', '', '0', '', '1', '0', '1', '0', '0', '0', '0', '0', '0', '0', '0', '0', '0', '1', '0'), 
((SELECT id FROM structures WHERE alias='qc_gastro_dxd_cap_sal_glands'), (SELECT id FROM structure_fields WHERE `model`='DiagnosisDetail' AND `tablename`='qc_gastro_dxd_cap_sal_glands' AND `field`='specimen_deep_lobe_only' AND `type`='checkbox' AND `structure_value_domain`  IS NULL  AND `flag_confidential`='0' AND `setting`='' AND `default`='' AND `language_help`='' AND `language_label`='' AND `language_tag`='deep lobe only'), '1', '4', '', '0', '', '0', '', '0', '', '0', '', '0', '', '0', '', '1', '0', '1', '0', '0', '0', '0', '0', '0', '0', '0', '0', '0', '1', '0'), 
((SELECT id FROM structures WHERE alias='qc_gastro_dxd_cap_sal_glands'), (SELECT id FROM structure_fields WHERE `model`='DiagnosisDetail' AND `tablename`='qc_gastro_dxd_cap_sal_glands' AND `field`='specimen_total_parotid_gland' AND `type`='checkbox' AND `structure_value_domain`  IS NULL  AND `flag_confidential`='0' AND `setting`='' AND `default`='' AND `language_help`='' AND `language_label`='' AND `language_tag`='total parotid gland'), '1', '5', '', '0', '', '0', '', '0', '', '0', '', '0', '', '0', '', '1', '0', '1', '0', '0', '0', '0', '0', '0', '0', '0', '0', '0', '1', '0'), 
((SELECT id FROM structures WHERE alias='qc_gastro_dxd_cap_sal_glands'), (SELECT id FROM structure_fields WHERE `model`='DiagnosisDetail' AND `tablename`='qc_gastro_dxd_cap_sal_glands' AND `field`='specimen_submandibular_gland' AND `type`='checkbox' AND `structure_value_domain`  IS NULL  AND `flag_confidential`='0' AND `setting`='' AND `default`='' AND `language_help`='' AND `language_label`='submandibular gland' AND `language_tag`=''), '1', '6', '', '0', '', '0', '', '0', '', '0', '', '0', '', '0', '', '1', '0', '1', '0', '0', '0', '0', '0', '0', '0', '0', '0', '0', '1', '0'), 
((SELECT id FROM structures WHERE alias='qc_gastro_dxd_cap_sal_glands'), (SELECT id FROM structure_fields WHERE `model`='DiagnosisDetail' AND `tablename`='qc_gastro_dxd_cap_sal_glands' AND `field`='specimen_sublingual_gland' AND `type`='checkbox' AND `structure_value_domain`  IS NULL  AND `flag_confidential`='0' AND `setting`='' AND `default`='' AND `language_help`='' AND `language_label`='sublingual gland' AND `language_tag`=''), '1', '7', '', '0', '', '0', '', '0', '', '0', '', '0', '', '0', '', '1', '0', '1', '0', '0', '0', '0', '0', '0', '0', '0', '0', '0', '1', '0'), 
((SELECT id FROM structures WHERE alias='qc_gastro_dxd_cap_sal_glands'), (SELECT id FROM structure_fields WHERE `model`='DiagnosisDetail' AND `tablename`='qc_gastro_dxd_cap_sal_glands' AND `field`='procedure_incisional_biopsy' AND `type`='checkbox' AND `structure_value_domain`  IS NULL  AND `flag_confidential`='0' AND `setting`='' AND `default`='' AND `language_help`='' AND `language_label`='incisional biopsy' AND `language_tag`=''), '1', '8', 'procedure', '0', '', '0', '', '0', '', '0', '', '0', '', '0', '', '1', '0', '1', '0', '0', '0', '0', '0', '0', '0', '0', '0', '0', '1', '0'), 
((SELECT id FROM structures WHERE alias='qc_gastro_dxd_cap_sal_glands'), (SELECT id FROM structure_fields WHERE `model`='DiagnosisDetail' AND `tablename`='qc_gastro_dxd_cap_sal_glands' AND `field`='procedure_excisional_biopsy' AND `type`='checkbox' AND `structure_value_domain`  IS NULL  AND `flag_confidential`='0' AND `setting`='' AND `default`='' AND `language_help`='' AND `language_label`='excisional biopsy' AND `language_tag`=''), '1', '9', '', '0', '', '0', '', '0', '', '0', '', '0', '', '0', '', '1', '0', '1', '0', '0', '0', '0', '0', '0', '0', '0', '0', '0', '1', '0'), 
((SELECT id FROM structures WHERE alias='qc_gastro_dxd_cap_sal_glands'), (SELECT id FROM structure_fields WHERE `model`='DiagnosisDetail' AND `tablename`='qc_gastro_dxd_cap_sal_glands' AND `field`='procedure_resection_parotid_gland' AND `type`='checkbox' AND `structure_value_domain`  IS NULL  AND `flag_confidential`='0' AND `setting`='' AND `default`='' AND `language_help`='' AND `language_label`='resection parotid gland' AND `language_tag`=''), '1', '10', '', '0', '', '0', '', '0', '', '0', '', '0', '', '0', '', '1', '0', '1', '0', '0', '0', '0', '0', '0', '0', '0', '0', '0', '1', '0'), 
((SELECT id FROM structures WHERE alias='qc_gastro_dxd_cap_sal_glands'), (SELECT id FROM structure_fields WHERE `model`='DiagnosisDetail' AND `tablename`='qc_gastro_dxd_cap_sal_glands' AND `field`='procedure_superficial_parotidectomy' AND `type`='checkbox' AND `structure_value_domain`  IS NULL  AND `flag_confidential`='0' AND `setting`='' AND `default`='' AND `language_help`='' AND `language_label`='' AND `language_tag`='superficial parotidectomy'), '1', '11', '', '0', '', '0', '', '0', '', '0', '', '0', '', '0', '', '1', '0', '1', '0', '0', '0', '0', '0', '0', '0', '0', '0', '0', '1', '0'), 
((SELECT id FROM structures WHERE alias='qc_gastro_dxd_cap_sal_glands'), (SELECT id FROM structure_fields WHERE `model`='DiagnosisDetail' AND `tablename`='qc_gastro_dxd_cap_sal_glands' AND `field`='procedure_total_parotidectomy' AND `type`='checkbox' AND `structure_value_domain`  IS NULL  AND `flag_confidential`='0' AND `setting`='' AND `default`='' AND `language_help`='' AND `language_label`='' AND `language_tag`='total parotidectomy'), '1', '12', '', '0', '', '0', '', '0', '', '0', '', '0', '', '0', '', '1', '0', '1', '0', '0', '0', '0', '0', '0', '0', '0', '0', '0', '1', '0'), 
((SELECT id FROM structures WHERE alias='qc_gastro_dxd_cap_sal_glands'), (SELECT id FROM structure_fields WHERE `model`='DiagnosisDetail' AND `tablename`='qc_gastro_dxd_cap_sal_glands' AND `field`='procedure_resection_submandibular_gland' AND `type`='checkbox' AND `structure_value_domain`  IS NULL  AND `flag_confidential`='0' AND `setting`='' AND `default`='' AND `language_help`='' AND `language_label`='resection submandibular gland' AND `language_tag`=''), '1', '13', '', '0', '', '0', '', '0', '', '0', '', '0', '', '0', '', '1', '0', '1', '0', '0', '0', '0', '0', '0', '0', '0', '0', '0', '1', '0'), 
((SELECT id FROM structures WHERE alias='qc_gastro_dxd_cap_sal_glands'), (SELECT id FROM structure_fields WHERE `model`='DiagnosisDetail' AND `tablename`='qc_gastro_dxd_cap_sal_glands' AND `field`='procedure_resection_sublingual_gland' AND `type`='checkbox' AND `structure_value_domain`  IS NULL  AND `flag_confidential`='0' AND `setting`='' AND `default`='' AND `language_help`='' AND `language_label`='resection sublingual gland' AND `language_tag`=''), '1', '14', '', '0', '', '0', '', '0', '', '0', '', '0', '', '0', '', '1', '0', '1', '0', '0', '0', '0', '0', '0', '0', '0', '0', '0', '1', '0'), 
((SELECT id FROM structures WHERE alias='qc_gastro_dxd_cap_sal_glands'), (SELECT id FROM structure_fields WHERE `model`='DiagnosisDetail' AND `tablename`='qc_gastro_dxd_cap_sal_glands' AND `field`='procedure_neck_lymph_node_dissection' AND `type`='checkbox' AND `structure_value_domain`  IS NULL  AND `flag_confidential`='0' AND `setting`='' AND `default`='' AND `language_help`='' AND `language_label`='neck (lymph node) dissection' AND `language_tag`=''), '1', '15', '', '0', '', '0', '', '0', '', '0', '', '0', '', '0', '', '1', '0', '1', '0', '0', '0', '0', '0', '0', '0', '0', '0', '0', '1', '0'), 
((SELECT id FROM structures WHERE alias='qc_gastro_dxd_cap_sal_glands'), (SELECT id FROM structure_fields WHERE `model`='DiagnosisDetail' AND `tablename`='qc_gastro_dxd_cap_sal_glands' AND `field`='procedure_neck_lymph_node_dissection_specify' AND `type`='input' AND `structure_value_domain`  IS NULL  AND `flag_confidential`='0' AND `setting`='' AND `default`='' AND `language_help`='' AND `language_label`='' AND `language_tag`='specify'), '1', '16', '', '0', '', '0', '', '0', '', '0', '', '0', '', '0', '', '1', '0', '1', '0', '0', '0', '0', '0', '0', '0', '0', '0', '0', '1', '0'), 
((SELECT id FROM structures WHERE alias='qc_gastro_dxd_cap_sal_glands'), (SELECT id FROM structure_fields WHERE `model`='DiagnosisDetail' AND `tablename`='qc_gastro_dxd_cap_sal_glands' AND `field`='procedure_other' AND `type`='checkbox' AND `structure_value_domain`  IS NULL  AND `flag_confidential`='0' AND `setting`='' AND `default`='' AND `language_help`='' AND `language_label`='other' AND `language_tag`=''), '1', '17', '', '0', '', '0', '', '0', '', '0', '', '0', '', '0', '', '1', '0', '1', '0', '0', '0', '0', '0', '0', '0', '0', '0', '0', '1', '0'), 
((SELECT id FROM structures WHERE alias='qc_gastro_dxd_cap_sal_glands'), (SELECT id FROM structure_fields WHERE `model`='DiagnosisDetail' AND `tablename`='qc_gastro_dxd_cap_sal_glands' AND `field`='procedure_other_specify' AND `type`='input' AND `structure_value_domain`  IS NULL  AND `flag_confidential`='0' AND `setting`='' AND `default`='' AND `language_help`='' AND `language_label`='' AND `language_tag`='specify'), '1', '18', '', '0', '', '0', '', '0', '', '0', '', '0', '', '0', '', '1', '0', '1', '0', '0', '0', '0', '0', '0', '0', '0', '0', '0', '1', '0'), 
((SELECT id FROM structures WHERE alias='qc_gastro_dxd_cap_sal_glands'), (SELECT id FROM structure_fields WHERE `model`='DiagnosisDetail' AND `tablename`='qc_gastro_dxd_cap_sal_glands' AND `field`='procedure_not_specified' AND `type`='checkbox' AND `structure_value_domain`  IS NULL  AND `flag_confidential`='0' AND `setting`='' AND `default`='' AND `language_help`='' AND `language_label`='procedure not specified' AND `language_tag`=''), '1', '19', '', '0', '', '0', '', '0', '', '0', '', '0', '', '0', '', '1', '0', '1', '0', '0', '0', '0', '0', '0', '0', '0', '0', '0', '1', '0'), 
((SELECT id FROM structures WHERE alias='qc_gastro_dxd_cap_sal_glands'), (SELECT id FROM structure_fields WHERE `model`='DiagnosisDetail' AND `tablename`='qc_gastro_dxd_cap_sal_glands' AND `field`='laterality' AND `type`='select' AND `structure_value_domain` =(SELECT id FROM structure_value_domains WHERE domain_name='laterality_r_l_b_ns')  AND `flag_confidential`='0' AND `setting`='' AND `default`='' AND `language_help`='' AND `language_label`='laterality' AND `language_tag`=''), '1', '20', 'laterality', '0', '', '0', '', '0', '', '0', '', '0', '', '0', '', '1', '0', '1', '0', '0', '0', '0', '0', '0', '0', '0', '0', '0', '1', '0'), 
((SELECT id FROM structures WHERE alias='qc_gastro_dxd_cap_sal_glands'), (SELECT id FROM structure_fields WHERE `model`='DiagnosisDetail' AND `tablename`='qc_gastro_dxd_cap_sal_glands' AND `field`='site_parotid_gland' AND `type`='checkbox' AND `structure_value_domain`  IS NULL  AND `flag_confidential`='0' AND `setting`='' AND `default`='' AND `language_help`='' AND `language_label`='parotid gland' AND `language_tag`=''), '1', '21', 'site', '0', '', '0', '', '0', '', '0', '', '0', '', '0', '', '1', '0', '1', '0', '0', '0', '0', '0', '0', '0', '0', '0', '0', '1', '0'), 
((SELECT id FROM structures WHERE alias='qc_gastro_dxd_cap_sal_glands'), (SELECT id FROM structure_fields WHERE `model`='DiagnosisDetail' AND `tablename`='qc_gastro_dxd_cap_sal_glands' AND `field`='site_superficial_lobe' AND `type`='checkbox' AND `structure_value_domain`  IS NULL  AND `flag_confidential`='0' AND `setting`='' AND `default`='' AND `language_help`='' AND `language_label`='' AND `language_tag`='superficial lobe'), '1', '22', '', '0', '', '0', '', '0', '', '0', '', '0', '', '0', '', '1', '0', '1', '0', '0', '0', '0', '0', '0', '0', '0', '0', '0', '1', '0'), 
((SELECT id FROM structures WHERE alias='qc_gastro_dxd_cap_sal_glands'), (SELECT id FROM structure_fields WHERE `model`='DiagnosisDetail' AND `tablename`='qc_gastro_dxd_cap_sal_glands' AND `field`='site_deep_lobe' AND `type`='checkbox' AND `structure_value_domain`  IS NULL  AND `flag_confidential`='0' AND `setting`='' AND `default`='' AND `language_help`='' AND `language_label`='' AND `language_tag`='deep lobe'), '1', '23', '', '0', '', '0', '', '0', '', '0', '', '0', '', '0', '', '1', '0', '1', '0', '0', '0', '0', '0', '0', '0', '0', '0', '0', '1', '0'), 
((SELECT id FROM structures WHERE alias='qc_gastro_dxd_cap_sal_glands'), (SELECT id FROM structure_fields WHERE `model`='DiagnosisDetail' AND `tablename`='qc_gastro_dxd_cap_sal_glands' AND `field`='site_entire_parotid_gland' AND `type`='checkbox' AND `structure_value_domain`  IS NULL  AND `flag_confidential`='0' AND `setting`='' AND `default`='' AND `language_help`='' AND `language_label`='' AND `language_tag`='entire parotid gland'), '1', '24', '', '0', '', '0', '', '0', '', '0', '', '0', '', '0', '', '1', '0', '1', '0', '0', '0', '0', '0', '0', '0', '0', '0', '0', '1', '0'), 
((SELECT id FROM structures WHERE alias='qc_gastro_dxd_cap_sal_glands'), (SELECT id FROM structure_fields WHERE `model`='DiagnosisDetail' AND `tablename`='qc_gastro_dxd_cap_sal_glands' AND `field`='site_submandibular_gland' AND `type`='checkbox' AND `structure_value_domain`  IS NULL  AND `flag_confidential`='0' AND `setting`='' AND `default`='' AND `language_help`='' AND `language_label`='submandibular gland' AND `language_tag`=''), '1', '25', '', '0', '', '0', '', '0', '', '0', '', '0', '', '0', '', '1', '0', '1', '0', '0', '0', '0', '0', '0', '0', '0', '0', '0', '1', '0'), 
((SELECT id FROM structures WHERE alias='qc_gastro_dxd_cap_sal_glands'), (SELECT id FROM structure_fields WHERE `model`='DiagnosisDetail' AND `tablename`='qc_gastro_dxd_cap_sal_glands' AND `field`='site_sublingual_gland' AND `type`='checkbox' AND `structure_value_domain`  IS NULL  AND `flag_confidential`='0' AND `setting`='' AND `default`='' AND `language_help`='' AND `language_label`='sublingual gland' AND `language_tag`=''), '1', '26', '', '0', '', '0', '', '0', '', '0', '', '0', '', '0', '', '1', '0', '1', '0', '0', '0', '0', '0', '0', '0', '0', '0', '0', '1', '0'), 
((SELECT id FROM structures WHERE alias='qc_gastro_dxd_cap_sal_glands'), (SELECT id FROM structure_fields WHERE `model`='DiagnosisDetail' AND `tablename`='qc_gastro_dxd_cap_sal_glands' AND `field`='site_other' AND `type`='checkbox' AND `structure_value_domain`  IS NULL  AND `flag_confidential`='0' AND `setting`='' AND `default`='' AND `language_help`='' AND `language_label`='other' AND `language_tag`=''), '1', '27', '', '0', '', '0', '', '0', '', '0', '', '0', '', '0', '', '1', '0', '1', '0', '0', '0', '0', '0', '0', '0', '0', '0', '0', '1', '0'), 
((SELECT id FROM structures WHERE alias='qc_gastro_dxd_cap_sal_glands'), (SELECT id FROM structure_fields WHERE `model`='DiagnosisDetail' AND `tablename`='qc_gastro_dxd_cap_sal_glands' AND `field`='site_other_specify' AND `type`='input' AND `structure_value_domain`  IS NULL  AND `flag_confidential`='0' AND `setting`='' AND `default`='' AND `language_help`='' AND `language_label`='' AND `language_tag`='specify'), '1', '28', '', '0', '', '0', '', '0', '', '0', '', '0', '', '0', '', '1', '0', '1', '0', '0', '0', '0', '0', '0', '0', '0', '0', '0', '1', '0'), 
((SELECT id FROM structures WHERE alias='qc_gastro_dxd_cap_sal_glands'), (SELECT id FROM structure_fields WHERE `model`='DiagnosisDetail' AND `tablename`='qc_gastro_dxd_cap_sal_glands' AND `field`='site_not_specified' AND `type`='checkbox' AND `structure_value_domain`  IS NULL  AND `flag_confidential`='0' AND `setting`='' AND `default`='' AND `language_help`='' AND `language_label`='not specified' AND `language_tag`=''), '1', '29', '', '0', '', '0', '', '0', '', '0', '', '0', '', '0', '', '1', '0', '1', '0', '0', '0', '0', '0', '0', '0', '0', '0', '0', '1', '0'), 
((SELECT id FROM structures WHERE alias='qc_gastro_dxd_cap_sal_glands'), (SELECT id FROM structure_fields WHERE `model`='DiagnosisDetail' AND `tablename`='qc_gastro_dxd_cap_sal_glands' AND `field`='tumor_size_cannot_determine' AND `type`='checkbox' AND `structure_value_domain`  IS NULL  AND `flag_confidential`='0' AND `setting`='' AND `default`='' AND `language_help`='' AND `language_label`='tumor size cannot determine' AND `language_tag`=''), '1', '30', 'tumor size', '0', '', '0', '', '0', '', '0', '', '0', '', '0', '', '1', '0', '1', '0', '0', '0', '0', '0', '0', '0', '0', '0', '0', '1', '0'), 
((SELECT id FROM structures WHERE alias='qc_gastro_dxd_cap_sal_glands'), (SELECT id FROM structure_fields WHERE `model`='DiagnosisDetail' AND `tablename`='qc_gastro_dxd_cap_sal_glands' AND `field`='tumor_greatest_cm' AND `type`='float_positive' AND `structure_value_domain`  IS NULL  AND `flag_confidential`='0' AND `setting`='' AND `default`='' AND `language_help`='' AND `language_label`='tumor greatest dimension (cm)' AND `language_tag`=''), '1', '31', '', '0', '', '0', '', '0', '', '0', '', '0', '', '0', '', '1', '0', '1', '0', '0', '0', '0', '0', '0', '0', '0', '0', '0', '1', '0'), 
((SELECT id FROM structures WHERE alias='qc_gastro_dxd_cap_sal_glands'), (SELECT id FROM structure_fields WHERE `model`='DiagnosisDetail' AND `tablename`='qc_gastro_dxd_cap_sal_glands' AND `field`='tumor_size_add1_cm' AND `type`='float_positive' AND `structure_value_domain`  IS NULL  AND `flag_confidential`='0' AND `setting`='' AND `default`='' AND `language_help`='' AND `language_label`='additional dimension (cm)' AND `language_tag`=''), '1', '32', '', '0', '', '0', '', '0', '', '0', '', '0', '', '0', '', '1', '0', '1', '0', '0', '0', '0', '0', '0', '0', '0', '0', '0', '1', '0'), 
((SELECT id FROM structures WHERE alias='qc_gastro_dxd_cap_sal_glands'), (SELECT id FROM structure_fields WHERE `model`='DiagnosisDetail' AND `tablename`='qc_gastro_dxd_cap_sal_glands' AND `field`='tumor_size_add2_cm' AND `type`='float_positive' AND `structure_value_domain`  IS NULL  AND `flag_confidential`='0' AND `setting`='' AND `default`='' AND `language_help`='' AND `language_label`='' AND `language_tag`='x'), '1', '33', '', '0', '', '0', '', '0', '', '0', '', '0', '', '0', '', '1', '0', '1', '0', '0', '0', '0', '0', '0', '0', '0', '0', '0', '1', '0'), 
((SELECT id FROM structures WHERE alias='qc_gastro_dxd_cap_sal_glands'), (SELECT id FROM structure_fields WHERE `model`='DiagnosisDetail' AND `tablename`='qc_gastro_dxd_cap_sal_glands' AND `field`='histo_acinic_cell_carcinoma' AND `type`='checkbox' AND `structure_value_domain`  IS NULL  AND `flag_confidential`='0' AND `setting`='' AND `default`='' AND `language_help`='' AND `language_label`='acinic cell carcinoma' AND `language_tag`=''), '1', '34', 'histologic type', '0', '', '0', '', '0', '', '0', '', '0', '', '0', '', '1', '0', '1', '0', '0', '0', '0', '0', '0', '0', '0', '0', '0', '1', '0'), 
((SELECT id FROM structures WHERE alias='qc_gastro_dxd_cap_sal_glands'), (SELECT id FROM structure_fields WHERE `model`='DiagnosisDetail' AND `tablename`='qc_gastro_dxd_cap_sal_glands' AND `field`='histo_adenoid_cystic_carcinoma' AND `type`='checkbox' AND `structure_value_domain`  IS NULL  AND `flag_confidential`='0' AND `setting`='' AND `default`='' AND `language_help`='' AND `language_label`='adenoid cystic carcinoma' AND `language_tag`=''), '1', '35', '', '0', '', '0', '', '0', '', '0', '', '0', '', '0', '', '1', '0', '1', '0', '0', '0', '0', '0', '0', '0', '0', '0', '0', '1', '0'), 
((SELECT id FROM structures WHERE alias='qc_gastro_dxd_cap_sal_glands'), (SELECT id FROM structure_fields WHERE `model`='DiagnosisDetail' AND `tablename`='qc_gastro_dxd_cap_sal_glands' AND `field`='histo_adenocarcinoma_nos' AND `type`='checkbox' AND `structure_value_domain`  IS NULL  AND `flag_confidential`='0' AND `setting`='' AND `default`='' AND `language_help`='' AND `language_label`='adenocarcinoma nos' AND `language_tag`=''), '1', '36', '', '0', '', '0', '', '0', '', '0', '', '0', '', '0', '', '1', '0', '1', '0', '0', '0', '0', '0', '0', '0', '0', '0', '0', '1', '0'), 
((SELECT id FROM structures WHERE alias='qc_gastro_dxd_cap_sal_glands'), (SELECT id FROM structure_fields WHERE `model`='DiagnosisDetail' AND `tablename`='qc_gastro_dxd_cap_sal_glands' AND `field`='histo_adenocarcinoma_noslow_grade' AND `type`='checkbox' AND `structure_value_domain`  IS NULL  AND `flag_confidential`='0' AND `setting`='' AND `default`='' AND `language_help`='' AND `language_label`='' AND `language_tag`='low grade'), '1', '37', '', '0', '', '0', '', '0', '', '0', '', '0', '', '0', '', '1', '0', '1', '0', '0', '0', '0', '0', '0', '0', '0', '0', '0', '1', '0'), 
((SELECT id FROM structures WHERE alias='qc_gastro_dxd_cap_sal_glands'), (SELECT id FROM structure_fields WHERE `model`='DiagnosisDetail' AND `tablename`='qc_gastro_dxd_cap_sal_glands' AND `field`='histo_adenocarcinoma_nosintermediate_grade' AND `type`='checkbox' AND `structure_value_domain`  IS NULL  AND `flag_confidential`='0' AND `setting`='' AND `default`='' AND `language_help`='' AND `language_label`='' AND `language_tag`='intermediate grade'), '1', '38', '', '0', '', '0', '', '0', '', '0', '', '0', '', '0', '', '1', '0', '1', '0', '0', '0', '0', '0', '0', '0', '0', '0', '0', '1', '0'), 
((SELECT id FROM structures WHERE alias='qc_gastro_dxd_cap_sal_glands'), (SELECT id FROM structure_fields WHERE `model`='DiagnosisDetail' AND `tablename`='qc_gastro_dxd_cap_sal_glands' AND `field`='histo_adenocarcinoma_noshigh_grade' AND `type`='checkbox' AND `structure_value_domain`  IS NULL  AND `flag_confidential`='0' AND `setting`='' AND `default`='' AND `language_help`='' AND `language_label`='' AND `language_tag`='high grade'), '1', '39', '', '0', '', '0', '', '0', '', '0', '', '0', '', '0', '', '1', '0', '1', '0', '0', '0', '0', '0', '0', '0', '0', '0', '0', '1', '0'), 
((SELECT id FROM structures WHERE alias='qc_gastro_dxd_cap_sal_glands'), (SELECT id FROM structure_fields WHERE `model`='DiagnosisDetail' AND `tablename`='qc_gastro_dxd_cap_sal_glands' AND `field`='histo_basal_cell_adenocarcinoma' AND `type`='checkbox' AND `structure_value_domain`  IS NULL  AND `flag_confidential`='0' AND `setting`='' AND `default`='' AND `language_help`='' AND `language_label`='basal cell adenocarcinoma' AND `language_tag`=''), '1', '40', '', '0', '', '0', '', '0', '', '0', '', '0', '', '0', '', '1', '0', '1', '0', '0', '0', '0', '0', '0', '0', '0', '0', '0', '1', '0'), 
((SELECT id FROM structures WHERE alias='qc_gastro_dxd_cap_sal_glands'), (SELECT id FROM structure_fields WHERE `model`='DiagnosisDetail' AND `tablename`='qc_gastro_dxd_cap_sal_glands' AND `field`='histo_carcinoma_ex_pleomorphic_adenoma' AND `type`='checkbox' AND `structure_value_domain`  IS NULL  AND `flag_confidential`='0' AND `setting`='' AND `default`='' AND `language_help`='' AND `language_label`='carcinoma ex pleomorphic adenoma (malignant mixed tumor)' AND `language_tag`=''), '1', '41', '', '0', '', '0', '', '0', '', '0', '', '0', '', '0', '', '1', '0', '1', '0', '0', '0', '0', '0', '0', '0', '0', '0', '0', '1', '0'), 
((SELECT id FROM structures WHERE alias='qc_gastro_dxd_cap_sal_glands'), (SELECT id FROM structure_fields WHERE `model`='DiagnosisDetail' AND `tablename`='qc_gastro_dxd_cap_sal_glands' AND `field`='histo_carcinoma_ex_pleomorphic_low_grade' AND `type`='checkbox' AND `structure_value_domain`  IS NULL  AND `flag_confidential`='0' AND `setting`='' AND `default`='' AND `language_help`='' AND `language_label`='carcinoma ex pleomorphic low grade' AND `language_tag`=''), '1', '42', '', '0', '', '0', '', '0', '', '0', '', '0', '', '0', '', '1', '0', '1', '0', '0', '0', '0', '0', '0', '0', '0', '0', '0', '1', '0'), 
((SELECT id FROM structures WHERE alias='qc_gastro_dxd_cap_sal_glands'), (SELECT id FROM structure_fields WHERE `model`='DiagnosisDetail' AND `tablename`='qc_gastro_dxd_cap_sal_glands' AND `field`='histo_carcinoma_ex_pleomorphic_high_grade' AND `type`='checkbox' AND `structure_value_domain`  IS NULL  AND `flag_confidential`='0' AND `setting`='' AND `default`='' AND `language_help`='' AND `language_label`='carcinoma ex pleomorphic high grade' AND `language_tag`=''), '1', '43', '', '0', '', '0', '', '0', '', '0', '', '0', '', '0', '', '1', '0', '1', '0', '0', '0', '0', '0', '0', '0', '0', '0', '0', '1', '0'), 
((SELECT id FROM structures WHERE alias='qc_gastro_dxd_cap_sal_glands'), (SELECT id FROM structure_fields WHERE `model`='DiagnosisDetail' AND `tablename`='qc_gastro_dxd_cap_sal_glands' AND `field`='histo_carcinoma_ex_pleomorphic_invasive' AND `type`='checkbox' AND `structure_value_domain`  IS NULL  AND `flag_confidential`='0' AND `setting`='' AND `default`='' AND `language_help`='' AND `language_label`='carcinoma ex pleomorphic invasive' AND `language_tag`=''), '1', '44', '', '0', '', '0', '', '0', '', '0', '', '0', '', '0', '', '1', '0', '1', '0', '0', '0', '0', '0', '0', '0', '0', '0', '0', '1', '0'), 
((SELECT id FROM structures WHERE alias='qc_gastro_dxd_cap_sal_glands'), (SELECT id FROM structure_fields WHERE `model`='DiagnosisDetail' AND `tablename`='qc_gastro_dxd_cap_sal_glands' AND `field`='histo_carcinoma_ex_pleomorphic_invasive_minimally' AND `type`='checkbox' AND `structure_value_domain`  IS NULL  AND `flag_confidential`='0' AND `setting`='' AND `default`='' AND `language_help`='' AND `language_label`='' AND `language_tag`='minimally invasive'), '1', '45', '', '0', '', '0', '', '0', '', '0', '', '0', '', '0', '', '1', '0', '1', '0', '0', '0', '0', '0', '0', '0', '0', '0', '0', '1', '0'), 
((SELECT id FROM structures WHERE alias='qc_gastro_dxd_cap_sal_glands'), (SELECT id FROM structure_fields WHERE `model`='DiagnosisDetail' AND `tablename`='qc_gastro_dxd_cap_sal_glands' AND `field`='histo_carcinoma_ex_pleomorphic_invasive_invasive' AND `type`='checkbox' AND `structure_value_domain`  IS NULL  AND `flag_confidential`='0' AND `setting`='' AND `default`='' AND `language_help`='' AND `language_label`='' AND `language_tag`='invasive'), '1', '46', '', '0', '', '0', '', '0', '', '0', '', '0', '', '0', '', '1', '0', '1', '0', '0', '0', '0', '0', '0', '0', '0', '0', '0', '1', '0'), 
((SELECT id FROM structures WHERE alias='qc_gastro_dxd_cap_sal_glands'), (SELECT id FROM structure_fields WHERE `model`='DiagnosisDetail' AND `tablename`='qc_gastro_dxd_cap_sal_glands' AND `field`='histo_intracapsular_noninvasive' AND `type`='checkbox' AND `structure_value_domain`  IS NULL  AND `flag_confidential`='0' AND `setting`='' AND `default`='' AND `language_help`='' AND `language_label`='carcinoma ex pleomorphic invasive intracapsular (noninvasive)' AND `language_tag`=''), '1', '47', '', '0', '', '0', '', '0', '', '0', '', '0', '', '0', '', '1', '0', '1', '0', '0', '0', '0', '0', '0', '0', '0', '0', '0', '1', '0'), 
((SELECT id FROM structures WHERE alias='qc_gastro_dxd_cap_sal_glands'), (SELECT id FROM structure_fields WHERE `model`='DiagnosisDetail' AND `tablename`='qc_gastro_dxd_cap_sal_glands' AND `field`='histo_carcinosarcoma_true_malignant_mixed_tumor' AND `type`='checkbox' AND `structure_value_domain`  IS NULL  AND `flag_confidential`='0' AND `setting`='' AND `default`='' AND `language_help`='' AND `language_label`='carcinosarcoma true malignant mixed tumor' AND `language_tag`=''), '1', '48', '', '0', '', '0', '', '0', '', '0', '', '0', '', '0', '', '1', '0', '1', '0', '0', '0', '0', '0', '0', '0', '0', '0', '0', '1', '0'), 
((SELECT id FROM structures WHERE alias='qc_gastro_dxd_cap_sal_glands'), (SELECT id FROM structure_fields WHERE `model`='DiagnosisDetail' AND `tablename`='qc_gastro_dxd_cap_sal_glands' AND `field`='histo_clear_cell_adenocarcinoma' AND `type`='checkbox' AND `structure_value_domain`  IS NULL  AND `flag_confidential`='0' AND `setting`='' AND `default`='' AND `language_help`='' AND `language_label`='clear cell adenocarcinoma' AND `language_tag`=''), '1', '49', '', '0', '', '0', '', '0', '', '0', '', '0', '', '0', '', '1', '0', '1', '0', '0', '0', '0', '0', '0', '0', '0', '0', '0', '1', '0'), 
((SELECT id FROM structures WHERE alias='qc_gastro_dxd_cap_sal_glands'), (SELECT id FROM structure_fields WHERE `model`='DiagnosisDetail' AND `tablename`='qc_gastro_dxd_cap_sal_glands' AND `field`='histo_cystadenocarcinoma' AND `type`='checkbox' AND `structure_value_domain`  IS NULL  AND `flag_confidential`='0' AND `setting`='' AND `default`='' AND `language_help`='' AND `language_label`='cystadenocarcinoma' AND `language_tag`=''), '1', '50', '', '0', '', '0', '', '0', '', '0', '', '0', '', '0', '', '1', '0', '1', '0', '0', '0', '0', '0', '0', '0', '0', '0', '0', '1', '0'), 
((SELECT id FROM structures WHERE alias='qc_gastro_dxd_cap_sal_glands'), (SELECT id FROM structure_fields WHERE `model`='DiagnosisDetail' AND `tablename`='qc_gastro_dxd_cap_sal_glands' AND `field`='histo_epithelial_myoepithelial_carcinoma' AND `type`='checkbox' AND `structure_value_domain`  IS NULL  AND `flag_confidential`='0' AND `setting`='' AND `default`='' AND `language_help`='' AND `language_label`='epithelial-myoepithelial carcinoma' AND `language_tag`=''), '1', '51', '', '0', '', '0', '', '0', '', '0', '', '0', '', '0', '', '1', '0', '1', '0', '0', '0', '0', '0', '0', '0', '0', '0', '0', '1', '0'), 
((SELECT id FROM structures WHERE alias='qc_gastro_dxd_cap_sal_glands'), (SELECT id FROM structure_fields WHERE `model`='DiagnosisDetail' AND `tablename`='qc_gastro_dxd_cap_sal_glands' AND `field`='histo_large_cell_carcinoma' AND `type`='checkbox' AND `structure_value_domain`  IS NULL  AND `flag_confidential`='0' AND `setting`='' AND `default`='' AND `language_help`='' AND `language_label`='large cell carcinoma' AND `language_tag`=''), '1', '52', '', '0', '', '0', '', '0', '', '0', '', '0', '', '0', '', '1', '0', '1', '0', '0', '0', '0', '0', '0', '0', '0', '0', '0', '1', '0'), 
((SELECT id FROM structures WHERE alias='qc_gastro_dxd_cap_sal_glands'), (SELECT id FROM structure_fields WHERE `model`='DiagnosisDetail' AND `tablename`='qc_gastro_dxd_cap_sal_glands' AND `field`='histo_low_grade_cribriform_cystadenocarcinoma' AND `type`='checkbox' AND `structure_value_domain`  IS NULL  AND `flag_confidential`='0' AND `setting`='' AND `default`='' AND `language_help`='' AND `language_label`='low-grade cribriform cystadenocarcinoma' AND `language_tag`=''), '1', '53', '', '0', '', '0', '', '0', '', '0', '', '0', '', '0', '', '1', '0', '1', '0', '0', '0', '0', '0', '0', '0', '0', '0', '0', '1', '0'), 
((SELECT id FROM structures WHERE alias='qc_gastro_dxd_cap_sal_glands'), (SELECT id FROM structure_fields WHERE `model`='DiagnosisDetail' AND `tablename`='qc_gastro_dxd_cap_sal_glands' AND `field`='histo_lymphoepithelial_carcinoma' AND `type`='checkbox' AND `structure_value_domain`  IS NULL  AND `flag_confidential`='0' AND `setting`='' AND `default`='' AND `language_help`='' AND `language_label`='lymphoepithelial carcinoma' AND `language_tag`=''), '1', '54', '', '0', '', '0', '', '0', '', '0', '', '0', '', '0', '', '1', '0', '1', '0', '0', '0', '0', '0', '0', '0', '0', '0', '0', '1', '0'), 
((SELECT id FROM structures WHERE alias='qc_gastro_dxd_cap_sal_glands'), (SELECT id FROM structure_fields WHERE `model`='DiagnosisDetail' AND `tablename`='qc_gastro_dxd_cap_sal_glands' AND `field`='histo_metastasizing_pleomorphic_adenoma' AND `type`='checkbox' AND `structure_value_domain`  IS NULL  AND `flag_confidential`='0' AND `setting`='' AND `default`='' AND `language_help`='' AND `language_label`='metastasizing pleomorphic adenoma' AND `language_tag`=''), '1', '55', '', '0', '', '0', '', '0', '', '0', '', '0', '', '0', '', '1', '0', '1', '0', '0', '0', '0', '0', '0', '0', '0', '0', '0', '1', '0'), 
((SELECT id FROM structures WHERE alias='qc_gastro_dxd_cap_sal_glands'), (SELECT id FROM structure_fields WHERE `model`='DiagnosisDetail' AND `tablename`='qc_gastro_dxd_cap_sal_glands' AND `field`='histo_mucoepidermoid_carcinoma' AND `type`='checkbox' AND `structure_value_domain`  IS NULL  AND `flag_confidential`='0' AND `setting`='' AND `default`='' AND `language_help`='' AND `language_label`='mucoepidermoid carcinoma' AND `language_tag`=''), '1', '56', '', '0', '', '0', '', '0', '', '0', '', '0', '', '0', '', '1', '0', '1', '0', '0', '0', '0', '0', '0', '0', '0', '0', '0', '1', '0'), 
((SELECT id FROM structures WHERE alias='qc_gastro_dxd_cap_sal_glands'), (SELECT id FROM structure_fields WHERE `model`='DiagnosisDetail' AND `tablename`='qc_gastro_dxd_cap_sal_glands' AND `field`='histo_mucoepidermoid_carcinoma_low_grade' AND `type`='checkbox' AND `structure_value_domain`  IS NULL  AND `flag_confidential`='0' AND `setting`='' AND `default`='' AND `language_help`='' AND `language_label`='' AND `language_tag`='low grade'), '1', '57', '', '0', '', '0', '', '0', '', '0', '', '0', '', '0', '', '1', '0', '1', '0', '0', '0', '0', '0', '0', '0', '0', '0', '0', '1', '0'), 
((SELECT id FROM structures WHERE alias='qc_gastro_dxd_cap_sal_glands'), (SELECT id FROM structure_fields WHERE `model`='DiagnosisDetail' AND `tablename`='qc_gastro_dxd_cap_sal_glands' AND `field`='histo_mucoepidermoid_carcinoma_intermediate_grade' AND `type`='checkbox' AND `structure_value_domain`  IS NULL  AND `flag_confidential`='0' AND `setting`='' AND `default`='' AND `language_help`='' AND `language_label`='' AND `language_tag`='intermediate grade'), '1', '58', '', '0', '', '0', '', '0', '', '0', '', '0', '', '0', '', '1', '0', '1', '0', '0', '0', '0', '0', '0', '0', '0', '0', '0', '1', '0'), 
((SELECT id FROM structures WHERE alias='qc_gastro_dxd_cap_sal_glands'), (SELECT id FROM structure_fields WHERE `model`='DiagnosisDetail' AND `tablename`='qc_gastro_dxd_cap_sal_glands' AND `field`='histo_mucoepidermoid_carcinoma_high_grade' AND `type`='checkbox' AND `structure_value_domain`  IS NULL  AND `flag_confidential`='0' AND `setting`='' AND `default`='' AND `language_help`='' AND `language_label`='' AND `language_tag`='high grade'), '1', '59', '', '0', '', '0', '', '0', '', '0', '', '0', '', '0', '', '1', '0', '1', '0', '0', '0', '0', '0', '0', '0', '0', '0', '0', '1', '0'), 
((SELECT id FROM structures WHERE alias='qc_gastro_dxd_cap_sal_glands'), (SELECT id FROM structure_fields WHERE `model`='DiagnosisDetail' AND `tablename`='qc_gastro_dxd_cap_sal_glands' AND `field`='histo_mucinous_adenocarcinoma_colloid_carcinoma' AND `type`='checkbox' AND `structure_value_domain`  IS NULL  AND `flag_confidential`='0' AND `setting`='' AND `default`='' AND `language_help`='' AND `language_label`='mucinous adenocarcinoma colloid carcinoma' AND `language_tag`=''), '1', '60', '', '0', '', '0', '', '0', '', '0', '', '0', '', '0', '', '1', '0', '1', '0', '0', '0', '0', '0', '0', '0', '0', '0', '0', '1', '0'), 
((SELECT id FROM structures WHERE alias='qc_gastro_dxd_cap_sal_glands'), (SELECT id FROM structure_fields WHERE `model`='DiagnosisDetail' AND `tablename`='qc_gastro_dxd_cap_sal_glands' AND `field`='histo_myoepithelial_carcinoma_malignant_myoepithelioma' AND `type`='checkbox' AND `structure_value_domain`  IS NULL  AND `flag_confidential`='0' AND `setting`='' AND `default`='' AND `language_help`='' AND `language_label`='myoepithelial carcinoma malignant myoepithelioma' AND `language_tag`=''), '1', '61', '', '0', '', '0', '', '0', '', '0', '', '0', '', '0', '', '1', '0', '1', '0', '0', '0', '0', '0', '0', '0', '0', '0', '0', '1', '0'), 
((SELECT id FROM structures WHERE alias='qc_gastro_dxd_cap_sal_glands'), (SELECT id FROM structure_fields WHERE `model`='DiagnosisDetail' AND `tablename`='qc_gastro_dxd_cap_sal_glands' AND `field`='histo_oncocytic_carcinoma' AND `type`='checkbox' AND `structure_value_domain`  IS NULL  AND `flag_confidential`='0' AND `setting`='' AND `default`='' AND `language_help`='' AND `language_label`='oncocytic carcinoma' AND `language_tag`=''), '1', '62', '', '0', '', '0', '', '0', '', '0', '', '0', '', '0', '', '1', '0', '1', '0', '0', '0', '0', '0', '0', '0', '0', '0', '0', '1', '0'), 
((SELECT id FROM structures WHERE alias='qc_gastro_dxd_cap_sal_glands'), (SELECT id FROM structure_fields WHERE `model`='DiagnosisDetail' AND `tablename`='qc_gastro_dxd_cap_sal_glands' AND `field`='histo_polymorphous_low_grade_adenocarcinoma' AND `type`='checkbox' AND `structure_value_domain`  IS NULL  AND `flag_confidential`='0' AND `setting`='' AND `default`='' AND `language_help`='' AND `language_label`='polymorphous low grade adenocarcinoma' AND `language_tag`=''), '1', '63', '', '0', '', '0', '', '0', '', '0', '', '0', '', '0', '', '1', '0', '1', '0', '0', '0', '0', '0', '0', '0', '0', '0', '0', '1', '0'), 
((SELECT id FROM structures WHERE alias='qc_gastro_dxd_cap_sal_glands'), (SELECT id FROM structure_fields WHERE `model`='DiagnosisDetail' AND `tablename`='qc_gastro_dxd_cap_sal_glands' AND `field`='histo_salivary_duct_carcinoma' AND `type`='checkbox' AND `structure_value_domain`  IS NULL  AND `flag_confidential`='0' AND `setting`='' AND `default`='' AND `language_help`='' AND `language_label`='salivary duct carcinoma' AND `language_tag`=''), '1', '64', '', '0', '', '0', '', '0', '', '0', '', '0', '', '0', '', '1', '0', '1', '0', '0', '0', '0', '0', '0', '0', '0', '0', '0', '1', '0'), 
((SELECT id FROM structures WHERE alias='qc_gastro_dxd_cap_sal_glands'), (SELECT id FROM structure_fields WHERE `model`='DiagnosisDetail' AND `tablename`='qc_gastro_dxd_cap_sal_glands' AND `field`='histo_sebaceous_adenocarcinomas' AND `type`='checkbox' AND `structure_value_domain`  IS NULL  AND `flag_confidential`='0' AND `setting`='' AND `default`='' AND `language_help`='' AND `language_label`='sebaceous adenocarcinomas' AND `language_tag`=''), '1', '65', '', '0', '', '0', '', '0', '', '0', '', '0', '', '0', '', '1', '0', '1', '0', '0', '0', '0', '0', '0', '0', '0', '0', '0', '1', '0'), 
((SELECT id FROM structures WHERE alias='qc_gastro_dxd_cap_sal_glands'), (SELECT id FROM structure_fields WHERE `model`='DiagnosisDetail' AND `tablename`='qc_gastro_dxd_cap_sal_glands' AND `field`='histo_seb_ade_sebaceous_adenocarcinoma' AND `type`='checkbox' AND `structure_value_domain`  IS NULL  AND `flag_confidential`='0' AND `setting`='' AND `default`='' AND `language_help`='' AND `language_label`='' AND `language_tag`='sebaceous adenocarcinoma'), '1', '66', '', '0', '', '0', '', '0', '', '0', '', '0', '', '0', '', '1', '0', '1', '0', '0', '0', '0', '0', '0', '0', '0', '0', '0', '1', '0'), 
((SELECT id FROM structures WHERE alias='qc_gastro_dxd_cap_sal_glands'), (SELECT id FROM structure_fields WHERE `model`='DiagnosisDetail' AND `tablename`='qc_gastro_dxd_cap_sal_glands' AND `field`='histo_seb_ade_sebaceous_lymphadenocarcinoma' AND `type`='checkbox' AND `structure_value_domain`  IS NULL  AND `flag_confidential`='0' AND `setting`='' AND `default`='' AND `language_help`='' AND `language_label`='' AND `language_tag`='sebaceous lymphadenocarcinoma'), '1', '67', '', '0', '', '0', '', '0', '', '0', '', '0', '', '0', '', '1', '0', '1', '0', '0', '0', '0', '0', '0', '0', '0', '0', '0', '1', '0'), 
((SELECT id FROM structures WHERE alias='qc_gastro_dxd_cap_sal_glands'), (SELECT id FROM structure_fields WHERE `model`='DiagnosisDetail' AND `tablename`='qc_gastro_dxd_cap_sal_glands' AND `field`='histo_sialoblastoma' AND `type`='checkbox' AND `structure_value_domain`  IS NULL  AND `flag_confidential`='0' AND `setting`='' AND `default`='' AND `language_help`='' AND `language_label`='sialoblastoma' AND `language_tag`=''), '1', '68', '', '0', '', '0', '', '0', '', '0', '', '0', '', '0', '', '1', '0', '1', '0', '0', '0', '0', '0', '0', '0', '0', '0', '0', '1', '0'), 
((SELECT id FROM structures WHERE alias='qc_gastro_dxd_cap_sal_glands'), (SELECT id FROM structure_fields WHERE `model`='DiagnosisDetail' AND `tablename`='qc_gastro_dxd_cap_sal_glands' AND `field`='histo_small_cell_neuroendocrine_carcinoma' AND `type`='checkbox' AND `structure_value_domain`  IS NULL  AND `flag_confidential`='0' AND `setting`='' AND `default`='' AND `language_help`='' AND `language_label`='small cell (neuroendocrine) carcinoma' AND `language_tag`=''), '1', '69', '', '0', '', '0', '', '0', '', '0', '', '0', '', '0', '', '1', '0', '1', '0', '0', '0', '0', '0', '0', '0', '0', '0', '0', '1', '0'), 
((SELECT id FROM structures WHERE alias='qc_gastro_dxd_cap_sal_glands'), (SELECT id FROM structure_fields WHERE `model`='DiagnosisDetail' AND `tablename`='qc_gastro_dxd_cap_sal_glands' AND `field`='histo_squamous_cell_carcinoma_primary' AND `type`='checkbox' AND `structure_value_domain`  IS NULL  AND `flag_confidential`='0' AND `setting`='' AND `default`='' AND `language_help`='' AND `language_label`='squamous cell carcinoma, primary' AND `language_tag`=''), '1', '70', '', '0', '', '0', '', '0', '', '0', '', '0', '', '0', '', '1', '0', '1', '0', '0', '0', '0', '0', '0', '0', '0', '0', '0', '1', '0'), 
((SELECT id FROM structures WHERE alias='qc_gastro_dxd_cap_sal_glands'), (SELECT id FROM structure_fields WHERE `model`='DiagnosisDetail' AND `tablename`='qc_gastro_dxd_cap_sal_glands' AND `field`='histo_undifferentiated_carcinoma_large_cell_type' AND `type`='checkbox' AND `structure_value_domain`  IS NULL  AND `flag_confidential`='0' AND `setting`='' AND `default`='' AND `language_help`='' AND `language_label`='undifferentiated carcinoma, large cell type' AND `language_tag`=''), '1', '71', '', '0', '', '0', '', '0', '', '0', '', '0', '', '0', '', '1', '0', '1', '0', '0', '0', '0', '0', '0', '0', '0', '0', '0', '1', '0'), 
((SELECT id FROM structures WHERE alias='qc_gastro_dxd_cap_sal_glands'), (SELECT id FROM structure_fields WHERE `model`='DiagnosisDetail' AND `tablename`='qc_gastro_dxd_cap_sal_glands' AND `field`='histo_other' AND `type`='checkbox' AND `structure_value_domain`  IS NULL  AND `flag_confidential`='0' AND `setting`='' AND `default`='' AND `language_help`='' AND `language_label`='other' AND `language_tag`=''), '1', '72', '', '0', '', '0', '', '0', '', '0', '', '0', '', '0', '', '1', '0', '1', '0', '0', '0', '0', '0', '0', '0', '0', '0', '0', '1', '0'), 
((SELECT id FROM structures WHERE alias='qc_gastro_dxd_cap_sal_glands'), (SELECT id FROM structure_fields WHERE `model`='DiagnosisDetail' AND `tablename`='qc_gastro_dxd_cap_sal_glands' AND `field`='histo_other_specify' AND `type`='checkbox' AND `structure_value_domain`  IS NULL  AND `flag_confidential`='0' AND `setting`='' AND `default`='' AND `language_help`='' AND `language_label`='' AND `language_tag`='specify'), '1', '73', '', '0', '', '0', '', '0', '', '0', '', '0', '', '0', '', '1', '0', '1', '0', '0', '0', '0', '0', '0', '0', '0', '0', '0', '1', '0'), 
((SELECT id FROM structures WHERE alias='qc_gastro_dxd_cap_sal_glands'), (SELECT id FROM structure_fields WHERE `model`='DiagnosisDetail' AND `tablename`='qc_gastro_dxd_cap_sal_glands' AND `field`='histo_carcinoma_type_cannot_be_determined' AND `type`='checkbox' AND `structure_value_domain`  IS NULL  AND `flag_confidential`='0' AND `setting`='' AND `default`='' AND `language_help`='' AND `language_label`='carcinoma type cannot be determined' AND `language_tag`=''), '1', '74', '', '0', '', '0', '', '0', '', '0', '', '0', '', '0', '', '1', '0', '1', '0', '0', '0', '0', '0', '0', '0', '0', '0', '0', '1', '0'), 
((SELECT id FROM structures WHERE alias='qc_gastro_dxd_cap_sal_glands'), (SELECT id FROM structure_fields WHERE `model`='DiagnosisDetail' AND `tablename`='qc_gastro_dxd_cap_sal_glands' AND `field`='histo_grade' AND `type`='select' AND `structure_value_domain` =(SELECT id FROM structure_value_domains WHERE domain_name='histologic_grade_larynx')  AND `flag_confidential`='0' AND `setting`='' AND `default`='' AND `language_help`='' AND `language_label`='histologic grade' AND `language_tag`=''), '1', '75', '', '0', '', '0', '', '0', '', '0', '', '0', '', '0', '', '1', '0', '1', '0', '0', '0', '0', '0', '0', '0', '0', '0', '0', '1', '0'), 
((SELECT id FROM structures WHERE alias='qc_gastro_dxd_cap_sal_glands'), (SELECT id FROM structure_fields WHERE `model`='DiagnosisDetail' AND `tablename`='qc_gastro_dxd_cap_sal_glands' AND `field`='lymph_vascular_invasion' AND `type`='select' AND `structure_value_domain` =(SELECT id FROM structure_value_domains WHERE domain_name='lymp_vascular_invasion')  AND `flag_confidential`='0' AND `setting`='' AND `default`='' AND `language_help`='' AND `language_label`='lymph vascular invasion' AND `language_tag`=''), '1', '76', '', '0', '', '0', '', '0', '', '0', '', '0', '', '0', '', '1', '0', '1', '0', '0', '0', '0', '0', '0', '0', '0', '0', '0', '1', '0'), 
((SELECT id FROM structures WHERE alias='qc_gastro_dxd_cap_sal_glands'), (SELECT id FROM structure_fields WHERE `model`='DiagnosisDetail' AND `tablename`='qc_gastro_dxd_cap_sal_glands' AND `field`='perineural_invasion' AND `type`='select' AND `structure_value_domain` =(SELECT id FROM structure_value_domains WHERE domain_name='lymph_vascular_invasion')  AND `flag_confidential`='0' AND `setting`='' AND `default`='' AND `language_help`='' AND `language_label`='perineural invasion' AND `language_tag`=''), '1', '77', '', '0', '', '0', '', '0', '', '0', '', '0', '', '0', '', '1', '0', '1', '0', '0', '0', '0', '0', '0', '0', '0', '0', '0', '1', '0'), 
((SELECT id FROM structures WHERE alias='qc_gastro_dxd_cap_sal_glands'), (SELECT id FROM structure_fields WHERE `model`='DiagnosisDetail' AND `tablename`='qc_gastro_dxd_cap_sal_glands' AND `field`='tnm_descriptors_m' AND `type`='checkbox' AND `structure_value_domain`  IS NULL  AND `flag_confidential`='0' AND `setting`='' AND `default`='' AND `language_help`='' AND `language_label`='descriptors' AND `language_tag`='m'), '1', '78', 'pTNM', '0', '', '0', '', '0', '', '0', '', '0', '', '0', '', '1', '0', '1', '0', '0', '0', '0', '0', '0', '0', '0', '0', '0', '1', '0'), 
((SELECT id FROM structures WHERE alias='qc_gastro_dxd_cap_sal_glands'), (SELECT id FROM structure_fields WHERE `model`='DiagnosisDetail' AND `tablename`='qc_gastro_dxd_cap_sal_glands' AND `field`='tnm_descriptors_r' AND `type`='checkbox' AND `structure_value_domain`  IS NULL  AND `flag_confidential`='0' AND `setting`='' AND `default`='' AND `language_help`='' AND `language_label`='' AND `language_tag`='r'), '1', '79', '', '0', '', '0', '', '0', '', '0', '', '0', '', '0', '', '1', '0', '1', '0', '0', '0', '0', '0', '0', '0', '0', '0', '0', '1', '0'), 
((SELECT id FROM structures WHERE alias='qc_gastro_dxd_cap_sal_glands'), (SELECT id FROM structure_fields WHERE `model`='DiagnosisDetail' AND `tablename`='qc_gastro_dxd_cap_sal_glands' AND `field`='tnm_descriptors_y' AND `type`='checkbox' AND `structure_value_domain`  IS NULL  AND `flag_confidential`='0' AND `setting`='' AND `default`='' AND `language_help`='' AND `language_label`='' AND `language_tag`='y'), '1', '80', '', '0', '', '0', '', '0', '', '0', '', '0', '', '0', '', '1', '0', '1', '0', '0', '0', '0', '0', '0', '0', '0', '0', '0', '1', '0'), 
((SELECT id FROM structures WHERE alias='qc_gastro_dxd_cap_sal_glands'), (SELECT id FROM structure_fields WHERE `model`='DiagnosisDetail' AND `tablename`='qc_gastro_dxd_cap_sal_glands' AND `field`='pt' AND `type`='select' AND `structure_value_domain` =(SELECT id FROM structure_value_domains WHERE domain_name='qc_gastro_cap_sal_gland_pt')  AND `flag_confidential`='0' AND `setting`='' AND `default`='' AND `language_help`='' AND `language_label`='pt' AND `language_tag`=''), '1', '81', '', '0', '', '0', '', '0', '', '0', '', '0', '', '0', '', '1', '0', '1', '0', '0', '0', '0', '0', '0', '0', '0', '0', '0', '1', '0'), 
((SELECT id FROM structures WHERE alias='qc_gastro_dxd_cap_sal_glands'), (SELECT id FROM structure_fields WHERE `model`='DiagnosisDetail' AND `tablename`='qc_gastro_dxd_cap_sal_glands' AND `field`='pn' AND `type`='select' AND `structure_value_domain` =(SELECT id FROM structure_value_domains WHERE domain_name='qc_gastro_cap_sal_gland_pn')  AND `flag_confidential`='0' AND `setting`='' AND `default`='' AND `language_help`='' AND `language_label`='pn' AND `language_tag`=''), '1', '82', '', '0', '', '0', '', '0', '', '0', '', '0', '', '0', '', '1', '0', '1', '0', '0', '0', '0', '0', '0', '0', '0', '0', '0', '1', '0'), 
((SELECT id FROM structures WHERE alias='qc_gastro_dxd_cap_sal_glands'), (SELECT id FROM structure_fields WHERE `model`='DiagnosisDetail' AND `tablename`='qc_gastro_dxd_cap_sal_glands' AND `field`='number_of_lymph_nodes_examined' AND `type`='integer_positive' AND `structure_value_domain`  IS NULL  AND `flag_confidential`='0' AND `setting`='' AND `default`='' AND `language_help`='' AND `language_label`='number of lymph nodes examined' AND `language_tag`=''), '1', '83', '', '0', '', '0', '', '0', '', '0', '', '0', '', '0', '', '1', '0', '1', '0', '0', '0', '0', '0', '0', '0', '0', '0', '0', '1', '0'), 
((SELECT id FROM structures WHERE alias='qc_gastro_dxd_cap_sal_glands'), (SELECT id FROM structure_fields WHERE `model`='DiagnosisDetail' AND `tablename`='qc_gastro_dxd_cap_sal_glands' AND `field`='number_of_lymph_nodes_examined_cannot_be_determined' AND `type`='checkbox' AND `structure_value_domain`  IS NULL  AND `flag_confidential`='0' AND `setting`='' AND `default`='' AND `language_help`='' AND `language_label`='number of lymph nodes examined cannot be determined' AND `language_tag`=''), '1', '84', '', '0', '', '0', '', '0', '', '0', '', '0', '', '0', '', '1', '0', '1', '0', '0', '0', '0', '0', '0', '0', '0', '0', '0', '1', '0'), 
((SELECT id FROM structures WHERE alias='qc_gastro_dxd_cap_sal_glands'), (SELECT id FROM structure_fields WHERE `model`='DiagnosisDetail' AND `tablename`='qc_gastro_dxd_cap_sal_glands' AND `field`='number_of_lymph_nodes_examined_cannot_be_determined_specify' AND `type`='input' AND `structure_value_domain`  IS NULL  AND `flag_confidential`='0' AND `setting`='' AND `default`='' AND `language_help`='' AND `language_label`='' AND `language_tag`='specify'), '1', '85', '', '0', '', '0', '', '0', '', '0', '', '0', '', '0', '', '1', '0', '1', '0', '0', '0', '0', '0', '0', '0', '0', '0', '0', '1', '0'), 
((SELECT id FROM structures WHERE alias='qc_gastro_dxd_cap_sal_glands'), (SELECT id FROM structure_fields WHERE `model`='DiagnosisDetail' AND `tablename`='qc_gastro_dxd_cap_sal_glands' AND `field`='number_of_lymph_nodes_involved' AND `type`='integer_positive' AND `structure_value_domain`  IS NULL  AND `flag_confidential`='0' AND `setting`='' AND `default`='' AND `language_help`='' AND `language_label`='number of lymph nodes involved' AND `language_tag`=''), '1', '86', '', '0', '', '0', '', '0', '', '0', '', '0', '', '0', '', '1', '0', '1', '0', '0', '0', '0', '0', '0', '0', '0', '0', '0', '1', '0'), 
((SELECT id FROM structures WHERE alias='qc_gastro_dxd_cap_sal_glands'), (SELECT id FROM structure_fields WHERE `model`='DiagnosisDetail' AND `tablename`='qc_gastro_dxd_cap_sal_glands' AND `field`='number_of_lymph_nodes_involved_cannot_be_determined' AND `type`='checkbox' AND `structure_value_domain`  IS NULL  AND `flag_confidential`='0' AND `setting`='' AND `default`='' AND `language_help`='' AND `language_label`='number of lymph nodes involved cannot be determined' AND `language_tag`=''), '1', '87', '', '0', '', '0', '', '0', '', '0', '', '0', '', '0', '', '1', '0', '1', '0', '0', '0', '0', '0', '0', '0', '0', '0', '0', '1', '0'), 
((SELECT id FROM structures WHERE alias='qc_gastro_dxd_cap_sal_glands'), (SELECT id FROM structure_fields WHERE `model`='DiagnosisDetail' AND `tablename`='qc_gastro_dxd_cap_sal_glands' AND `field`='number_of_lymph_nodes_involved_cannot_be_determined_specify' AND `type`='input' AND `structure_value_domain`  IS NULL  AND `flag_confidential`='0' AND `setting`='' AND `default`='' AND `language_help`='' AND `language_label`='' AND `language_tag`='specify'), '1', '88', '', '0', '', '0', '', '0', '', '0', '', '0', '', '0', '', '1', '0', '1', '0', '0', '0', '0', '0', '0', '0', '0', '0', '0', '1', '0'), 
((SELECT id FROM structures WHERE alias='qc_gastro_dxd_cap_sal_glands'), (SELECT id FROM structure_fields WHERE `model`='DiagnosisDetail' AND `tablename`='qc_gastro_dxd_cap_sal_glands' AND `field`='size_greatest_dimension_largest_positiev_lymph_node' AND `type`='float_positive' AND `structure_value_domain`  IS NULL  AND `flag_confidential`='0' AND `setting`='' AND `default`='' AND `language_help`='' AND `language_label`='size (greatest dimension) of the largest positive lymph node' AND `language_tag`=''), '1', '89', '', '0', '', '0', '', '0', '', '0', '', '0', '', '0', '', '1', '0', '1', '0', '0', '0', '0', '0', '0', '0', '0', '0', '0', '1', '0'), 
((SELECT id FROM structures WHERE alias='qc_gastro_dxd_cap_sal_glands'), (SELECT id FROM structure_fields WHERE `model`='DiagnosisDetail' AND `tablename`='qc_gastro_dxd_cap_sal_glands' AND `field`='pm' AND `type`='checkbox' AND `structure_value_domain`  IS NULL  AND `flag_confidential`='0' AND `setting`='' AND `default`='' AND `language_help`='' AND `language_label`='pm' AND `language_tag`=''), '1', '90', '', '0', '', '0', '', '0', '', '0', '', '0', '', '0', '', '1', '0', '1', '0', '0', '0', '0', '0', '0', '0', '0', '0', '0', '1', '0'), 
((SELECT id FROM structures WHERE alias='qc_gastro_dxd_cap_sal_glands'), (SELECT id FROM structure_fields WHERE `model`='DiagnosisDetail' AND `tablename`='qc_gastro_dxd_cap_sal_glands' AND `field`='pm_site' AND `type`='input' AND `structure_value_domain`  IS NULL  AND `flag_confidential`='0' AND `setting`='' AND `default`='' AND `language_help`='' AND `language_label`='' AND `language_tag`='site'), '1', '91', '', '0', '', '0', '', '0', '', '0', '', '0', '', '0', '', '1', '0', '1', '0', '0', '0', '0', '0', '0', '0', '0', '0', '0', '1', '0'), 
((SELECT id FROM structures WHERE alias='qc_gastro_dxd_cap_sal_glands'), (SELECT id FROM structure_fields WHERE `model`='DiagnosisDetail' AND `tablename`='qc_gastro_dxd_cap_sal_glands' AND `field`='deleted' AND `type`='checkbox' AND `structure_value_domain`  IS NULL  AND `flag_confidential`='0' AND `setting`='' AND `default`='' AND `language_help`='' AND `language_label`='deleted' AND `language_tag`=''), '1', '92', '', '0', '', '0', '', '0', '', '0', '', '0', '', '0', '', '1', '0', '1', '0', '0', '0', '0', '0', '0', '0', '0', '0', '0', '1', '0');




#CREATE TABLE qc_gastro_dxd_cap_larynx(
# id INT UNSIGNED NOT NULL AUTO_INCREMENT PRIMARY KEY,
# 
# deleted BOOLEAN NOT NULL DEFAULT FALSE
#)Engine=InnoDb;